"customer","tariff","from","to","v4","v5","v6","v7"
"Advanced Supply Chain..","18T JF","B42 1AA","NN17 5JE","360.00","0.00","",
"Advanced Supply Chain..","18T JF","B5 4GB","NN17 5JE","365.00","0.00","",
"Advanced Supply Chain..","18T JF","BB12 7BF","S35 1QP","410.00","0.00","",
"Advanced Supply Chain..","18T JF","BD12 7AZ","B46 1DA","505.00","0.00","",
"Advanced Supply Chain..","18T JF","BD12 7AZ","BD5 8DT","275.00","0.00","",
"Advanced Supply Chain..","18T JF","BD12 7AZ","E20 1EL","720.00","0.00","",
"Advanced Supply Chain..","18T JF","BD12 7AZ","EH48 2EA","825.00","0.00","",
"Advanced Supply Chain..","18T JF","BD12 7AZ","EH54 6QX","795.00","0.00","",
"Advanced Supply Chain..","18T JF","BD12 7AZ","M17 8AA","285.00","0.00","",
"Advanced Supply Chain..","18T JF","BD12 7AZ","M4 1FS","275.00","0.00","",
"Advanced Supply Chain..","18T JF","BD12 7AZ","MK42 7QB","630.00","0.00","",
"Advanced Supply Chain..","18T JF","BD12 7AZ","NE12 5SP","515.00","0.00","",
"Advanced Supply Chain..","18T JF","BD12 7AZ","NG20 8BU","325.00","0.00","",
"Advanced Supply Chain..","18T JF","BD12 7AZ","OX26 6EU","630.00","0.00","",
"Advanced Supply Chain..","18T JF","BD12 7AZ","RG19 4AL","695.00","0.00","",
"Advanced Supply Chain..","18T JF","BD12 7AZ","S9 1EP","275.00","0.00","",
"Advanced Supply Chain..","18T JF","BD12 7AZ","SW1X 7QA","695.00","0.00","",
"Advanced Supply Chain..","18T JF","BD12 7AZ","W12 7GD","695.00","0.00","",
"Advanced Supply Chain..","18T JF","BD12 7AZ","WC2A 1AN","695.00","0.00","",
"Advanced Supply Chain..","18T JF","BD12 7AZ","WF9 2XT","270.00","0.00","",
"Advanced Supply Chain..","18T JF","BD12 7AZ","YO11 3UT","400.00","0.00","",
"Advanced Supply Chain..","18T JF","BD12 7AZ","YO19 4TA","285.00","0.00","",
"Advanced Supply Chain..","18T JF","BR1 1DN","NN17 5JE","485.00","0.00","",
"Advanced Supply Chain..","18T JF","BS7 8TX","NN17 5JE","590.00","0.00","",
"Advanced Supply Chain..","18T JF","CH65 9JJ","BD12 7AZ","385.00","0.00","",
"Advanced Supply Chain..","18T JF","CH65 9JJ","NN17 5JE","605.00","0.00","",
"Advanced Supply Chain..","18T JF","CM19 5BD","BD12 7AZ","695.00","0.00","",
"Advanced Supply Chain..","18T JF","CV23 8BQ","S35 1QP","430.00","0.00","",
"Advanced Supply Chain..","18T JF","DN11 0BF","NN17 5JE","430.00","0.00","",
"Advanced Supply Chain..","18T JF","EN9 1AF","NN17 5ZB","440.00","0.00","",
"Advanced Supply Chain..","18T JF","G1 3LB","NN17 5JE","995.00","0.00","",
"Advanced Supply Chain..","18T JF","IP11 4BA","NN17 5JE","550.00","0.00","",
"Advanced Supply Chain..","18T JF","KT1 1TP","NN17 5JE","485.00","0.00","",
"Advanced Supply Chain..","18T JF","LE1 3UG","S72 7GX","415.00","0.00","",
"Advanced Supply Chain..","18T JF","LE11 5TR","S72 7GX","380.00","0.00","",
"Advanced Supply Chain..","18T JF","LE13UG","S72 7GX","415.00","0.00","",
"Advanced Supply Chain..","18T JF","LE4 5HA","S72 7GX","415.00","0.00","",
"Advanced Supply Chain..","18T JF","LE4 9LE","S72 7GX","415.00","0.00","",
"Advanced Supply Chain..","18T JF","LE5 0BT","S72 7GX","420.00","0.00","",
"Advanced Supply Chain..","18T JF","LE5 3ST","S72 7GX","420.00","0.00","",
"Advanced Supply Chain..","18T JF","LE5 4FG","S72 7GX","420.00","0.00","",
"Advanced Supply Chain..","18T JF","LE5 4HJ","NN17 5JE","270.00","0.00","",
"Advanced Supply Chain..","18T JF","LE5 4JG","NN17 5JE","270.00","0.00","",
"Advanced Supply Chain..","18T JF","LS1 5AR","NN17 5JE","510.00","0.00","",
"Advanced Supply Chain..","18T JF","LS13 4TY","BD12 7AZ","270.00","0.00","",
"Advanced Supply Chain..","18T JF","M17 8AA","BD12 7AZ","285.00","0.00","",
"Advanced Supply Chain..","18T JF","M4 3AJ","NN17 5JE","609.50","0.00","",
"Advanced Supply Chain..","18T JF","M8 8NL","NN17 5JE","609.50","0.00","",
"Advanced Supply Chain..","18T JF","MK17 7AB","NN17 5ZB","310.00","0.00","",
"Advanced Supply Chain..","18T JF","N181SJ","NN17 5JE","460.00","0.00","",
"Advanced Supply Chain..","18T JF","NG6 8YP","NN17 5JE","395.00","0.00","",
"Advanced Supply Chain..","18T JF","NN17 5JE","B42 1AA","365.00","0.00","",
"Advanced Supply Chain..","18T JF","NN17 5JE","NN14 4QS","270.00","0.00","",
"Advanced Supply Chain..","18T JF","NN17 5JE","NN8 4BL","270.00","0.00","",
"Advanced Supply Chain..","18T JF","NN17 5JE","PE7 3HH","270.00","0.00","",
"Advanced Supply Chain..","18T JF","NN17 5JE","ST7 1XD","490.00","0.00","",
"Advanced Supply Chain..","18T JF","NN17 5ZB","EN9 1AF","440.00","0.00","",
"Advanced Supply Chain..","18T JF","NN17 5ZB","KT10 9AJ","490.00","0.00","",
"Advanced Supply Chain..","18T JF","NN17 5ZB","LE4 9LG","270.00","0.00","",
"Advanced Supply Chain..","18T JF","NN17 5ZB","MK1 1NY","300.00","0.00","",
"Advanced Supply Chain..","18T JF","NN17 5ZB","MK17 8EW","294.70","0.00","",
"Advanced Supply Chain..","18T JF","NN17 5ZB","NG7 2SD","310.00","0.00","",
"Advanced Supply Chain..","18T JF","NN17 5ZB","W1K 5LF","430.00","0.00","",
"Advanced Supply Chain..","18T JF","NN3 9UD","NN17 5JE","270.00","0.00","",
"Advanced Supply Chain..","18T JF","NW2 7JP","NN17 5JE","420.00","0.00","",
"Advanced Supply Chain..","18T JF","OX7 4JS","WC1V 7QT","400.00","0.00","",
"Advanced Supply Chain..","18T JF","PL21 9RL","NN17 5JE","825.00","0.00","",
"Advanced Supply Chain..","18T JF","RG1 8LJ","NN17 5JE","502.25","0.00","",
"Advanced Supply Chain..","18T JF","RM18 7HD","NN17 5ZB","474.75","0.00","",
"Advanced Supply Chain..","18T JF","S35 1QP","DE11 0BB","380.00","0.00","",
"Advanced Supply Chain..","18T JF","S35 1QP","MK17 8EW","520.00","0.00","",
"Advanced Supply Chain..","18T JF","S35 1QP","NN17 5ZB","460.00","0.00","",
"Advanced Supply Chain..","18T JF","S35 1QP","YO19 4TA","325.00","0.00","",
"Advanced Supply Chain..","18T JF","S72 7GX","NE12 9SZ","520.00","0.00","",
"Advanced Supply Chain..","18T JF","S9 1RF","MK43 9AA","535.25","0.00","",
"Advanced Supply Chain..","18T JF","SN2 2DZ","NN17 5JE","460.00","0.00","",
"Advanced Supply Chain..","18T JF","SO30 2DF","KT22 8SP","395.00","0.00","",
"Advanced Supply Chain..","18T JF","SS156SJ","NN17 5ZB","465.00","0.00","",
"Advanced Supply Chain..","18T JF","ST7 1XD","NN17 5JE","490.00","0.00","",
"Advanced Supply Chain..","18T JF","SW11 8BU","NN17 5JE","485.00","0.00","",
"Advanced Supply Chain..","18T JF","SW1X 7QA","RM20 2ZP","485.00","0.00","",
"Advanced Supply Chain..","18T JF","SW3 4LX","NN17 5JE","474.75","0.00","",
"Advanced Supply Chain..","18T JF","SW3 4LX","NN17 5ZB","474.75","0.00","",
"Advanced Supply Chain..","18T JF","TS3 8TB","AL10 9TR","795.00","0.00","",
"Advanced Supply Chain..","18T JF","TS3 8TB","B77 5BP","630.00","0.00","",
"Advanced Supply Chain..","18T JF","TS3 8TB","L11 0JA","585.00","0.00","",
"Advanced Supply Chain..","18T JF","TS3 8TB","L6 5BN","585.00","0.00","",
"Advanced Supply Chain..","18T JF","TS3 8TB","L9 5AD","595.00","0.00","",
"Advanced Supply Chain..","18T JF","TS3 8TB","WA5 3PW","550.00","0.00","",
"Advanced Supply Chain..","18T JF","TW4 5SY","NN17 5JE","460.00","0.00","",
"Advanced Supply Chain..","18T JF","W12 7GF","NN17 5JE","440.00","0.00","",
"Advanced Supply Chain..","18T JF","W1K 5LF","NN17 5ZB","430.00","0.00","",
"Advanced Supply Chain..","18T JF","WC1V 7QT","OX7 4JS","400.00","0.00","",
"Advanced Supply Chain..","18T JF","WD63SB","NN17 5JE","410.00","0.00","",
"Advanced Supply Chain..","18T JF","WF11 0BE","BD12 7AZ","270.00","0.00","",
"Advanced Supply Chain..","18T JF","YO19 4TA","NN17 5JE","535.25","0.00","",
"Advanced Supply Chain..","7.5T JF","B42 1AA","NN17 5JE","319.79","0.00","",
"Advanced Supply Chain..","7.5T JF","B5 4GB","NN17 5JE","324.92","0.00","",
"Advanced Supply Chain..","7.5T JF","BB12 7BF","S35 1QP","364.88","0.00","",
"Advanced Supply Chain..","7.5T JF","BD12 7AZ","B46 1DA","455.40","0.00","",
"Advanced Supply Chain..","7.5T JF","BD12 7AZ","BD5 8DT","245.00","0.00","",
"Advanced Supply Chain..","7.5T JF","BD12 7AZ","E20 1EL","675.00","0.00","",
"Advanced Supply Chain..","7.5T JF","BD12 7AZ","EH48 2EA","725.00","0.00","",
"Advanced Supply Chain..","7.5T JF","BD12 7AZ","EH54 6QX","695.00","0.00","",
"Advanced Supply Chain..","7.5T JF","BD12 7AZ","M17 8AA","260.00","0.00","",
"Advanced Supply Chain..","7.5T JF","BD12 7AZ","M4 1FS","245.00","0.00","",
"Advanced Supply Chain..","7.5T JF","BD12 7AZ","MK42 7QB","575.00","0.00","",
"Advanced Supply Chain..","7.5T JF","BD12 7AZ","NE12 5SP","470.00","0.00","",
"Advanced Supply Chain..","7.5T JF","BD12 7AZ","NG20 8BU","295.00","0.00","",
"Advanced Supply Chain..","7.5T JF","BD12 7AZ","OX26 6EU","575.00","0.00","",
"Advanced Supply Chain..","7.5T JF","BD12 7AZ","RG19 4AL","650.00","0.00","",
"Advanced Supply Chain..","7.5T JF","BD12 7AZ","S9 1EP","245.00","0.00","",
"Advanced Supply Chain..","7.5T JF","BD12 7AZ","SW1X 7QA","650.00","0.00","",
"Advanced Supply Chain..","7.5T JF","BD12 7AZ","W12 7GD","650.00","0.00","",
"Advanced Supply Chain..","7.5T JF","BD12 7AZ","WC2A 1AN","650.00","0.00","",
"Advanced Supply Chain..","7.5T JF","BD12 7AZ","WF9 2XT","240.00","0.00","",
"Advanced Supply Chain..","7.5T JF","BD12 7AZ","YO11 3UT","360.00","0.00","",
"Advanced Supply Chain..","7.5T JF","BD12 7AZ","YO19 4TA","260.00","0.00","",
"Advanced Supply Chain..","7.5T JF","BR1 1DN","NN17 5JE","440.00","0.00","",
"Advanced Supply Chain..","7.5T JF","BS7 8TX","NN17 5JE","540.00","0.00","",
"Advanced Supply Chain..","7.5T JF","CH65 9JJ","BD12 7AZ","345.00","0.00","",
"Advanced Supply Chain..","7.5T JF","CH65 9JJ","NN17 5JE","550.00","0.00","",
"Advanced Supply Chain..","7.5T JF","CM19 5BD","BD12 7AZ","625.00","0.00","",
"Advanced Supply Chain..","7.5T JF","CV23 8BQ","S35 1QP","385.00","0.00","",
"Advanced Supply Chain..","7.5T JF","DN11 0BF","NN17 5JE","385.00","0.00","",
"Advanced Supply Chain..","7.5T JF","EN9 1AF","NN17 5ZB","395.00","0.00","",
"Advanced Supply Chain..","7.5T JF","G1 3LB","NN17 5JE","895.00","0.00","",
"Advanced Supply Chain..","7.5T JF","IP11 4BA","NN17 5JE","450.20","0.00","",
"Advanced Supply Chain..","7.5T JF","KT1 1TP","NN17 5JE","440.00","0.00","",
"Advanced Supply Chain..","7.5T JF","LE1 3UG","S72 7GX","369.74","0.00","",
"Advanced Supply Chain..","7.5T JF","LE11 5TR","S72 7GX","335.00","0.00","",
"Advanced Supply Chain..","7.5T JF","LE13UG","S72 7GX","369.74","0.00","",
"Advanced Supply Chain..","7.5T JF","LE4 5HA","S72 7GX","369.74","0.00","",
"Advanced Supply Chain..","7.5T JF","LE4 9LE","S72 7GX","369.74","0.00","",
"Advanced Supply Chain..","7.5T JF","LE5 0BT","S72 7GX","375.00","0.00","",
"Advanced Supply Chain..","7.5T JF","LE5 3ST","S72 7GX","375.00","0.00","",
"Advanced Supply Chain..","7.5T JF","LE5 4FG","S72 7GX","375.00","0.00","",
"Advanced Supply Chain..","7.5T JF","LE5 4HJ","NN17 5JE","240.00","0.00","",
"Advanced Supply Chain..","7.5T JF","LE5 4JG","NN17 5JE","240.00","0.00","",
"Advanced Supply Chain..","7.5T JF","LS1 5AR","NN17 5JE","460.00","0.00","",
"Advanced Supply Chain..","7.5T JF","LS13 4TY","BD12 7AZ","240.00","0.00","",
"Advanced Supply Chain..","7.5T JF","M17 8AA","BD12 7AZ","260.00","0.00","",
"Advanced Supply Chain..","7.5T JF","M4 3AJ","NN17 5JE","560.00","0.00","",
"Advanced Supply Chain..","7.5T JF","M8 8NL","NN17 5JE","560.00","0.00","",
"Advanced Supply Chain..","7.5T JF","MK17 7AB","NN17 5ZB","275.34","0.00","",
"Advanced Supply Chain..","7.5T JF","N181SJ","NN17 5JE","410.00","0.00","",
"Advanced Supply Chain..","7.5T JF","NG6 8YP","NN17 5JE","350.00","0.00","",
"Advanced Supply Chain..","7.5T JF","NN17 5JE","B42 1AA","325.00","0.00","",
"Advanced Supply Chain..","7.5T JF","NN17 5JE","NN14 4QS","240.00","0.00","",
"Advanced Supply Chain..","7.5T JF","NN17 5JE","NN8 4BL","240.00","0.00","",
"Advanced Supply Chain..","7.5T JF","NN17 5JE","PE7 3HH","240.00","0.00","",
"Advanced Supply Chain..","7.5T JF","NN17 5JE","ST7 1XD","445.00","0.00","",
"Advanced Supply Chain..","7.5T JF","NN17 5ZB","EN9 1AF","395.00","0.00","",
"Advanced Supply Chain..","7.5T JF","NN17 5ZB","KT10 9AJ","445.00","0.00","",
"Advanced Supply Chain..","7.5T JF","NN17 5ZB","LE4 9LG","240.00","0.00","",
"Advanced Supply Chain..","7.5T JF","NN17 5ZB","MK1 1NY","269.64","0.00","",
"Advanced Supply Chain..","7.5T JF","NN17 5ZB","MK17 8EW","265.00","0.00","",
"Advanced Supply Chain..","7.5T JF","NN17 5ZB","NG7 2SD","275.34","0.00","",
"Advanced Supply Chain..","7.5T JF","NN17 5ZB","W1K 5LF","385.00","0.00","",
"Advanced Supply Chain..","7.5T JF","NN3 9UD","NN17 5JE","240.00","0.00","",
"Advanced Supply Chain..","7.5T JF","NW2 7JP","NN17 5JE","375.00","0.00","",
"Advanced Supply Chain..","7.5T JF","OX7 4JS","WC1V 7QT","360.00","0.00","",
"Advanced Supply Chain..","7.5T JF","PL21 9RL","NN17 5JE","725.00","0.00","",
"Advanced Supply Chain..","7.5T JF","RG1 8LJ","NN17 5JE","455.40","0.00","",
"Advanced Supply Chain..","7.5T JF","RM18 7HD","NN17 5ZB","430.00","0.00","",
"Advanced Supply Chain..","7.5T JF","S35 1QP","DE11 0BB","335.00","0.00","",
"Advanced Supply Chain..","7.5T JF","S35 1QP","MK17 8EW","475.00","0.00","",
"Advanced Supply Chain..","7.5T JF","S35 1QP","NN17 5ZB","410.00","0.00","",
"Advanced Supply Chain..","7.5T JF","S35 1QP","YO19 4TA","295.00","0.00","",
"Advanced Supply Chain..","7.5T JF","S72 7GX","NE12 9SZ","475.00","0.00","",
"Advanced Supply Chain..","7.5T JF","S9 1RF","MK43 9AA","490.00","0.00","",
"Advanced Supply Chain..","7.5T JF","SN2 2DZ","NN17 5JE","410.00","0.00","",
"Advanced Supply Chain..","7.5T JF","SO30 2DF","KT22 8SP","350.00","0.00","",
"Advanced Supply Chain..","7.5T JF","SS156SJ","NN17 5ZB","420.00","0.00","",
"Advanced Supply Chain..","7.5T JF","ST7 1XD","NN17 5JE","445.00","0.00","",
"Advanced Supply Chain..","7.5T JF","SW11 8BU","NN17 5JE","440.00","0.00","",
"Advanced Supply Chain..","7.5T JF","SW1X 7QA","RM20 2ZP","440.00","0.00","",
"Advanced Supply Chain..","7.5T JF","SW3 4LX","NN17 5JE","430.00","0.00","",
"Advanced Supply Chain..","7.5T JF","SW3 4LX","NN17 5ZB","430.00","0.00","",
"Advanced Supply Chain..","7.5T JF","TS3 8TB","AL10 9TR","695.00","0.00","",
"Advanced Supply Chain..","7.5T JF","TS3 8TB","B77 5BP","575.00","0.00","",
"Advanced Supply Chain..","7.5T JF","TS3 8TB","L11 0JA","535.00","0.00","",
"Advanced Supply Chain..","7.5T JF","TS3 8TB","L6 5BN","535.00","0.00","",
"Advanced Supply Chain..","7.5T JF","TS3 8TB","L9 5AD","545.00","0.00","",
"Advanced Supply Chain..","7.5T JF","TS3 8TB","WA5 3PW","499.60","0.00","",
"Advanced Supply Chain..","7.5T JF","TW4 5SY","NN17 5JE","410.00","0.00","",
"Advanced Supply Chain..","7.5T JF","W12 7GF","NN17 5JE","395.00","0.00","",
"Advanced Supply Chain..","7.5T JF","W1K 5LF","NN17 5ZB","385.00","0.00","",
"Advanced Supply Chain..","7.5T JF","WC1V 7QT","OX7 4JS","360.00","0.00","",
"Advanced Supply Chain..","7.5T JF","WD63SB","NN17 5JE","364.88","0.00","",
"Advanced Supply Chain..","7.5T JF","WF11 0BE","BD12 7AZ","240.00","0.00","",
"Advanced Supply Chain..","7.5T JF","YO19 4TA","NN17 5JE","490.00","0.00","",
"Advanced Supply Chain..","Artic JF","B42 1AA","NN17 5JE","420.00","0.00","",
"Advanced Supply Chain..","Artic JF","B5 4GB","NN17 5JE","425.00","0.00","",
"Advanced Supply Chain..","Artic JF","BB12 7BF","S35 1QP","465.00","0.00","",
"Advanced Supply Chain..","Artic JF","BD12 7AZ","B46 1DA","565.15","0.00","",
"Advanced Supply Chain..","Artic JF","BD12 7AZ","BD5 8DT","330.00","0.00","",
"Advanced Supply Chain..","Artic JF","BD12 7AZ","E20 1EL","815.00","0.00","",
"Advanced Supply Chain..","Artic JF","BD12 7AZ","EH48 2EA","895.00","0.00","",
"Advanced Supply Chain..","Artic JF","BD12 7AZ","EH54 6QX","835.00","0.00","",
"Advanced Supply Chain..","Artic JF","BD12 7AZ","M17 8AA","340.00","0.00","",
"Advanced Supply Chain..","Artic JF","BD12 7AZ","M4 1FS","330.00","0.00","",
"Advanced Supply Chain..","Artic JF","BD12 7AZ","MK42 7QB","695.00","0.00","",
"Advanced Supply Chain..","Artic JF","BD12 7AZ","NE12 5SP","580.00","0.00","",
"Advanced Supply Chain..","Artic JF","BD12 7AZ","NG20 8BU","380.13","0.00","",
"Advanced Supply Chain..","Artic JF","BD12 7AZ","OX26 6EU","695.00","0.00","",
"Advanced Supply Chain..","Artic JF","BD12 7AZ","RG19 4AL","795.00","0.00","",
"Advanced Supply Chain..","Artic JF","BD12 7AZ","S9 1EP","330.00","0.00","",
"Advanced Supply Chain..","Artic JF","BD12 7AZ","SW1X 7QA","795.00","0.00","",
"Advanced Supply Chain..","Artic JF","BD12 7AZ","W12 7GD","795.00","0.00","",
"Advanced Supply Chain..","Artic JF","BD12 7AZ","WC2A 1AN","795.00","0.00","",
"Advanced Supply Chain..","Artic JF","BD12 7AZ","WF9 2XT","325.00","0.00","",
"Advanced Supply Chain..","Artic JF","BD12 7AZ","YO11 3UT","460.00","0.00","",
"Advanced Supply Chain..","Artic JF","BD12 7AZ","YO19 4TA","340.00","0.00","",
"Advanced Supply Chain..","Artic JF","BR1 1DN","NN17 5JE","545.20","0.00","",
"Advanced Supply Chain..","Artic JF","BS7 8TX","NN17 5JE","660.00","0.00","",
"Advanced Supply Chain..","Artic JF","CH65 9JJ","BD12 7AZ","440.00","0.00","",
"Advanced Supply Chain..","Artic JF","CH65 9JJ","NN17 5JE","670.00","0.00","",
"Advanced Supply Chain..","Artic JF","CM19 5BD","BD12 7AZ","770.00","0.00","",
"Advanced Supply Chain..","Artic JF","CV23 8BQ","S35 1QP","490.00","0.00","",
"Advanced Supply Chain..","Artic JF","DN11 0BF","NN17 5JE","490.00","0.00","",
"Advanced Supply Chain..","Artic JF","EN9 1AF","NN17 5ZB","500.00","0.00","",
"Advanced Supply Chain..","Artic JF","G1 3LB","NN17 5JE","1,095.00","0.00","",
"Advanced Supply Chain..","Artic JF","IP11 4BA","NN17 5JE","560.00","0.00","",
"Advanced Supply Chain..","Artic JF","KT1 1TP","NN17 5JE","545.20","0.00","",
"Advanced Supply Chain..","Artic JF","LE1 3UG","S72 7GX","475.00","0.00","",
"Advanced Supply Chain..","Artic JF","LE11 5TR","S72 7GX","435.00","0.00","",
"Advanced Supply Chain..","Artic JF","LE13UG","S72 7GX","475.00","0.00","",
"Advanced Supply Chain..","Artic JF","LE4 5HA","S72 7GX","475.00","0.00","",
"Advanced Supply Chain..","Artic JF","LE4 9LE","S72 7GX","475.00","0.00","",
"Advanced Supply Chain..","Artic JF","LE5 0BT","S72 7GX","480.00","0.00","",
"Advanced Supply Chain..","Artic JF","LE5 3ST","S72 7GX","480.00","0.00","",
"Advanced Supply Chain..","Artic JF","LE5 4FG","S72 7GX","480.00","0.00","",
"Advanced Supply Chain..","Artic JF","LE5 4HJ","NN17 5JE","325.00","0.00","",
"Advanced Supply Chain..","Artic JF","LE5 4JG","NN17 5JE","325.00","0.00","",
"Advanced Supply Chain..","Artic JF","LS1 5AR","NN17 5JE","575.00","0.00","",
"Advanced Supply Chain..","Artic JF","LS13 4TY","BD12 7AZ","325.00","0.00","",
"Advanced Supply Chain..","Artic JF","M17 8AA","BD12 7AZ","340.00","0.00","",
"Advanced Supply Chain..","Artic JF","M4 3AJ","NN17 5JE","675.00","0.00","",
"Advanced Supply Chain..","Artic JF","M8 8NL","NN17 5JE","675.00","0.00","",
"Advanced Supply Chain..","Artic JF","MK17 7AB","NN17 5ZB","364.68","0.00","",
"Advanced Supply Chain..","Artic JF","N181SJ","NN17 5JE","515.00","0.00","",
"Advanced Supply Chain..","Artic JF","NG6 8YP","NN17 5JE","450.00","0.00","",
"Advanced Supply Chain..","Artic JF","NN17 5JE","B42 1AA","420.00","0.00","",
"Advanced Supply Chain..","Artic JF","NN17 5JE","NN14 4QS","325.00","0.00","",
"Advanced Supply Chain..","Artic JF","NN17 5JE","NN8 4BL","325.00","0.00","",
"Advanced Supply Chain..","Artic JF","NN17 5JE","PE7 3HH","325.00","0.00","",
"Advanced Supply Chain..","Artic JF","NN17 5JE","ST7 1XD","550.00","0.00","",
"Advanced Supply Chain..","Artic JF","NN17 5ZB","EN9 1AF","500.00","0.00","",
"Advanced Supply Chain..","Artic JF","NN17 5ZB","KT10 9AJ","550.00","0.00","",
"Advanced Supply Chain..","Artic JF","NN17 5ZB","LE4 9LG","325.00","0.00","",
"Advanced Supply Chain..","Artic JF","NN17 5ZB","MK1 1NY","360.00","0.00","",
"Advanced Supply Chain..","Artic JF","NN17 5ZB","MK17 8EW","350.00","0.00","",
"Advanced Supply Chain..","Artic JF","NN17 5ZB","NG7 2SD","364.68","0.00","",
"Advanced Supply Chain..","Artic JF","NN17 5ZB","W1K 5LF","490.00","0.00","",
"Advanced Supply Chain..","Artic JF","NN3 9UD","NN17 5JE","325.00","0.00","",
"Advanced Supply Chain..","Artic JF","NW2 7JP","NN17 5JE","480.00","0.00","",
"Advanced Supply Chain..","Artic JF","OX7 4JS","WC1V 7QT","460.00","0.00","",
"Advanced Supply Chain..","Artic JF","PL21 9RL","NN17 5JE","895.00","0.00","",
"Advanced Supply Chain..","Artic JF","RG1 8LJ","NN17 5JE","565.15","0.00","",
"Advanced Supply Chain..","Artic JF","RM18 7HD","NN17 5ZB","540.00","0.00","",
"Advanced Supply Chain..","Artic JF","S35 1QP","DE11 0BB","435.00","0.00","",
"Advanced Supply Chain..","Artic JF","S35 1QP","MK17 8EW","585.00","0.00","",
"Advanced Supply Chain..","Artic JF","S35 1QP","NN17 5ZB","515.00","0.00","",
"Advanced Supply Chain..","Artic JF","S35 1QP","YO19 4TA","380.13","0.00","",
"Advanced Supply Chain..","Artic JF","S72 7GX","NE12 9SZ","585.00","0.00","",
"Advanced Supply Chain..","Artic JF","S9 1RF","MK43 9AA","595.00","0.00","",
"Advanced Supply Chain..","Artic JF","SN2 2DZ","NN17 5JE","515.00","0.00","",
"Advanced Supply Chain..","Artic JF","SO30 2DF","KT22 8SP","450.00","0.00","",
"Advanced Supply Chain..","Artic JF","SS156SJ","NN17 5ZB","525.25","0.00","",
"Advanced Supply Chain..","Artic JF","ST7 1XD","NN17 5JE","550.00","0.00","",
"Advanced Supply Chain..","Artic JF","SW11 8BU","NN17 5JE","545.20","0.00","",
"Advanced Supply Chain..","Artic JF","SW1X 7QA","RM20 2ZP","545.20","0.00","",
"Advanced Supply Chain..","Artic JF","SW3 4LX","NN17 5JE","540.00","0.00","",
"Advanced Supply Chain..","Artic JF","SW3 4LX","NN17 5ZB","540.00","0.00","",
"Advanced Supply Chain..","Artic JF","TS3 8TB","AL10 9TR","835.00","0.00","",
"Advanced Supply Chain..","Artic JF","TS3 8TB","B77 5BP","695.00","0.00","",
"Advanced Supply Chain..","Artic JF","TS3 8TB","L11 0JA","650.00","0.00","",
"Advanced Supply Chain..","Artic JF","TS3 8TB","L6 5BN","650.00","0.00","",
"Advanced Supply Chain..","Artic JF","TS3 8TB","L9 5AD","660.00","0.00","",
"Advanced Supply Chain..","Artic JF","TS3 8TB","WA5 3PW","615.00","0.00","",
"Advanced Supply Chain..","Artic JF","TW4 5SY","NN17 5JE","515.00","0.00","",
"Advanced Supply Chain..","Artic JF","W12 7GF","NN17 5JE","500.00","0.00","",
"Advanced Supply Chain..","Artic JF","W1K 5LF","NN17 5ZB","490.00","0.00","",
"Advanced Supply Chain..","Artic JF","WC1V 7QT","OX7 4JS","460.00","0.00","",
"Advanced Supply Chain..","Artic JF","WD63SB","NN17 5JE","465.00","0.00","",
"Advanced Supply Chain..","Artic JF","WF11 0BE","BD12 7AZ","325.00","0.00","",
"Advanced Supply Chain..","Artic JF","YO19 4TA","NN17 5JE","595.00","0.00","",
"Advanced Supply Chain..","Luton CS JF","B42 1AA","NN17 5JE","148.74","0.00","",
"Advanced Supply Chain..","Luton CS JF","B5 4GB","NN17 5JE","152.42","0.00","",
"Advanced Supply Chain..","Luton CS JF","BB12 7BF","S35 1QP","181.14","0.00","",
"Advanced Supply Chain..","Luton CS JF","BD12 7AZ","B46 1DA","248.26","0.00","",
"Advanced Supply Chain..","Luton CS JF","BD12 7AZ","BD5 8DT","95.97","0.00","",
"Advanced Supply Chain..","Luton CS JF","BD12 7AZ","E20 1EL","446.14","0.00","",
"Advanced Supply Chain..","Luton CS JF","BD12 7AZ","EH48 2EA","508.22","0.00","",
"Advanced Supply Chain..","Luton CS JF","BD12 7AZ","EH54 6QX","483.00","0.00","",
"Advanced Supply Chain..","Luton CS JF","BD12 7AZ","M17 8AA","102.76","0.00","",
"Advanced Supply Chain..","Luton CS JF","BD12 7AZ","M4 1FS","95.97","0.00","",
"Advanced Supply Chain..","Luton CS JF","BD12 7AZ","MK42 7QB","339.44","0.00","",
"Advanced Supply Chain..","Luton CS JF","BD12 7AZ","NE12 5SP","257.96","0.00","",
"Advanced Supply Chain..","Luton CS JF","BD12 7AZ","NG20 8BU","147.38","0.00","",
"Advanced Supply Chain..","Luton CS JF","BD12 7AZ","OX26 6EU","343.32","0.00","",
"Advanced Supply Chain..","Luton CS JF","BD12 7AZ","RG19 4AL","434.50","0.00","",
"Advanced Supply Chain..","Luton CS JF","BD12 7AZ","S9 1EP","97.72","0.00","",
"Advanced Supply Chain..","Luton CS JF","BD12 7AZ","SW1X 7QA","422.86","0.00","",
"Advanced Supply Chain..","Luton CS JF","BD12 7AZ","W12 7GD","417.04","0.00","",
"Advanced Supply Chain..","Luton CS JF","BD12 7AZ","WC2A 1AN","413.16","0.00","",
"Advanced Supply Chain..","Luton CS JF","BD12 7AZ","WF9 2XT","95.00","0.00","",
"Advanced Supply Chain..","Luton CS JF","BD12 7AZ","YO11 3UT","178.03","0.00","",
"Advanced Supply Chain..","Luton CS JF","BD12 7AZ","YO19 4TA","102.18","0.00","",
"Advanced Supply Chain..","Luton CS JF","BR1 1DN","NN17 5JE","236.62","0.00","",
"Advanced Supply Chain..","Luton CS JF","BS7 8TX","NN17 5JE","308.40","0.00","",
"Advanced Supply Chain..","Luton CS JF","CH65 9JJ","BD12 7AZ","163.68","0.00","",
"Advanced Supply Chain..","Luton CS JF","CH65 9JJ","NN17 5JE","318.10","0.00","",
"Advanced Supply Chain..","Luton CS JF","CM19 5BD","BD12 7AZ","393.76","0.00","",
"Advanced Supply Chain..","Luton CS JF","CV23 8BQ","S35 1QP","198.98","0.00","",
"Advanced Supply Chain..","Luton CS JF","DN11 0BF","NN17 5JE","193.75","0.00","",
"Advanced Supply Chain..","Luton CS JF","EN9 1AF","NN17 5ZB","202.48","0.00","",
"Advanced Supply Chain..","Luton CS JF","G1 3LB","NN17 5JE","525.00","0.00","",
"Advanced Supply Chain..","Luton CS JF","IP11 4BA","NN17 5JE","244.38","0.00","",
"Advanced Supply Chain..","Luton CS JF","KT1 1TP","NN17 5JE","236.62","0.00","",
"Advanced Supply Chain..","Luton CS JF","LE1 3UG","S72 7GX","184.63","0.00","",
"Advanced Supply Chain..","Luton CS JF","LE11 5TR","S72 7GX","159.80","0.00","",
"Advanced Supply Chain..","Luton CS JF","LE13UG","S72 7GX","184.63","0.00","",
"Advanced Supply Chain..","Luton CS JF","LE4 5HA","S72 7GX","185.60","0.00","",
"Advanced Supply Chain..","Luton CS JF","LE4 9LE","S72 7GX","185.60","0.00","",
"Advanced Supply Chain..","Luton CS JF","LE5 0BT","S72 7GX","187.34","0.00","",
"Advanced Supply Chain..","Luton CS JF","LE5 3ST","S72 7GX","187.34","0.00","",
"Advanced Supply Chain..","Luton CS JF","LE5 4FG","S72 7GX","188.51","0.00","",
"Advanced Supply Chain..","Luton CS JF","LE5 4HJ","NN17 5JE","95.00","0.00","",
"Advanced Supply Chain..","Luton CS JF","LE5 4JG","NN17 5JE","95.00","0.00","",
"Advanced Supply Chain..","Luton CS JF","LS1 5AR","NN17 5JE","252.14","0.00","",
"Advanced Supply Chain..","Luton CS JF","LS13 4TY","BD12 7AZ","95.00","0.00","",
"Advanced Supply Chain..","Luton CS JF","M17 8AA","BD12 7AZ","102.18","0.00","",
"Advanced Supply Chain..","Luton CS JF","M4 3AJ","NN17 5JE","323.92","0.00","",
"Advanced Supply Chain..","Luton CS JF","M8 8NL","NN17 5JE","323.92","0.00","",
"Advanced Supply Chain..","Luton CS JF","MK17 7AB","NN17 5ZB","119.06","0.00","",
"Advanced Supply Chain..","Luton CS JF","N181SJ","NN17 5JE","212.37","0.00","",
"Advanced Supply Chain..","Luton CS JF","NG6 8YP","NN17 5JE","171.24","0.00","",
"Advanced Supply Chain..","Luton CS JF","NN17 5JE","B42 1AA","150.10","0.00","",
"Advanced Supply Chain..","Luton CS JF","NN17 5JE","NN14 4QS","95.00","0.00","",
"Advanced Supply Chain..","Luton CS JF","NN17 5JE","NN8 4BL","95.00","0.00","",
"Advanced Supply Chain..","Luton CS JF","NN17 5JE","PE7 3HH","95.00","0.00","",
"Advanced Supply Chain..","Luton CS JF","NN17 5JE","ST7 1XD","240.50","0.00","",
"Advanced Supply Chain..","Luton CS JF","NN17 5ZB","EN9 1AF","202.28","0.00","",
"Advanced Supply Chain..","Luton CS JF","NN17 5ZB","KT10 9AJ","238.56","0.00","",
"Advanced Supply Chain..","Luton CS JF","NN17 5ZB","LE4 9LG","95.00","0.00","",
"Advanced Supply Chain..","Luton CS JF","NN17 5ZB","MK1 1NY","115.18","0.00","",
"Advanced Supply Chain..","Luton CS JF","NN17 5ZB","MK17 8EW","110.71","0.00","",
"Advanced Supply Chain..","Luton CS JF","NN17 5ZB","NG7 2SD","123.52","0.00","",
"Advanced Supply Chain..","Luton CS JF","NN17 5ZB","W1K 5LF","198.01","0.00","",
"Advanced Supply Chain..","Luton CS JF","NN3 9UD","NN17 5JE","95.00","0.00","",
"Advanced Supply Chain..","Luton CS JF","NW2 7JP","NN17 5JE","190.25","0.00","",
"Advanced Supply Chain..","Luton CS JF","OX7 4JS","WC1V 7QT","177.06","0.00","",
"Advanced Supply Chain..","Luton CS JF","PL21 9RL","NN17 5JE","517.92","0.00","",
"Advanced Supply Chain..","Luton CS JF","RG1 8LJ","NN17 5JE","248.26","0.00","",
"Advanced Supply Chain..","Luton CS JF","RM18 7HD","NN17 5ZB","232.74","0.00","",
"Advanced Supply Chain..","Luton CS JF","S35 1QP","DE11 0BB","159.02","0.00","",
"Advanced Supply Chain..","Luton CS JF","S35 1QP","MK17 8EW","259.90","0.00","",
"Advanced Supply Chain..","Luton CS JF","S35 1QP","NN17 5ZB","212.95","0.00","",
"Advanced Supply Chain..","Luton CS JF","S35 1QP","YO19 4TA","124.68","0.00","",
"Advanced Supply Chain..","Luton CS JF","S72 7GX","NE12 9SZ","259.90","0.00","",
"Advanced Supply Chain..","Luton CS JF","S9 1RF","MK43 9AA","260.00","0.00","",
"Advanced Supply Chain..","Luton CS JF","SN2 2DZ","NN17 5JE","214.70","0.00","",
"Advanced Supply Chain..","Luton CS JF","SO30 2DF","KT22 8SP","171.05","0.00","",
"Advanced Supply Chain..","Luton CS JF","SS156SJ","NN17 5ZB","221.10","0.00","",
"Advanced Supply Chain..","Luton CS JF","ST7 1XD","NN17 5JE","238.56","0.00","",
"Advanced Supply Chain..","Luton CS JF","SW11 8BU","NN17 5JE","235.00","0.00","",
"Advanced Supply Chain..","Luton CS JF","SW1X 7QA","RM20 2ZP","234.68","0.00","",
"Advanced Supply Chain..","Luton CS JF","SW3 4LX","NN17 5JE","228.86","0.00","",
"Advanced Supply Chain..","Luton CS JF","SW3 4LX","NN17 5ZB","228.86","0.00","",
"Advanced Supply Chain..","Luton CS JF","TS3 8TB","AL10 9TR","463.60","0.00","",
"Advanced Supply Chain..","Luton CS JF","TS3 8TB","B77 5BP","353.02","0.00","",
"Advanced Supply Chain..","Luton CS JF","TS3 8TB","L11 0JA","304.52","0.00","",
"Advanced Supply Chain..","Luton CS JF","TS3 8TB","L6 5BN","304.52","0.00","",
"Advanced Supply Chain..","Luton CS JF","TS3 8TB","L9 5AD","314.22","0.00","",
"Advanced Supply Chain..","Luton CS JF","TS3 8TB","WA5 3PW","281.24","0.00","",
"Advanced Supply Chain..","Luton CS JF","TW4 5SY","NN17 5JE","215.00","0.00","",
"Advanced Supply Chain..","Luton CS JF","W12 7GF","NN17 5JE","205.39","0.00","",
"Advanced Supply Chain..","Luton CS JF","W1K 5LF","NN17 5ZB","200.92","0.00","",
"Advanced Supply Chain..","Luton CS JF","WC1V 7QT","OX7 4JS","176.09","0.00","",
"Advanced Supply Chain..","Luton CS JF","WD63SB","NN17 5JE","181.72","0.00","",
"Advanced Supply Chain..","Luton CS JF","WF11 0BE","BD12 7AZ","95.00","0.00","",
"Advanced Supply Chain..","Luton CS JF","YO19 4TA","NN17 5JE","271.54","0.00","",
"Advanced Supply Chain..","Luton Tail Lift (JF)","B42 1AA","NN17 5JE","173.17","0.00","",
"Advanced Supply Chain..","Luton Tail Lift (JF)","B5 4GB","NN17 5JE","177.16","0.00","",
"Advanced Supply Chain..","Luton Tail Lift (JF)","BB12 7BF","S35 1QP","208.24","0.00","",
"Advanced Supply Chain..","Luton Tail Lift (JF)","BD12 7AZ","B46 1DA","280.90","0.00","",
"Advanced Supply Chain..","Luton Tail Lift (JF)","BD12 7AZ","BD5 8DT","116.05","0.00","",
"Advanced Supply Chain..","Luton Tail Lift (JF)","BD12 7AZ","E20 1EL","446.14","0.00","",
"Advanced Supply Chain..","Luton Tail Lift (JF)","BD12 7AZ","EH48 2EA","508.22","0.00","",
"Advanced Supply Chain..","Luton Tail Lift (JF)","BD12 7AZ","EH54 6QX","483.00","0.00","",
"Advanced Supply Chain..","Luton Tail Lift (JF)","BD12 7AZ","M17 8AA","123.40","0.00","",
"Advanced Supply Chain..","Luton Tail Lift (JF)","BD12 7AZ","M4 1FS","116.05","0.00","",
"Advanced Supply Chain..","Luton Tail Lift (JF)","BD12 7AZ","MK42 7QB","339.44","0.00","",
"Advanced Supply Chain..","Luton Tail Lift (JF)","BD12 7AZ","NE12 5SP","291.40","0.00","",
"Advanced Supply Chain..","Luton Tail Lift (JF)","BD12 7AZ","NG20 8BU","171.70","0.00","",
"Advanced Supply Chain..","Luton Tail Lift (JF)","BD12 7AZ","OX26 6EU","343.32","0.00","",
"Advanced Supply Chain..","Luton Tail Lift (JF)","BD12 7AZ","RG19 4AL","434.50","0.00","",
"Advanced Supply Chain..","Luton Tail Lift (JF)","BD12 7AZ","S9 1EP","117.94","0.00","",
"Advanced Supply Chain..","Luton Tail Lift (JF)","BD12 7AZ","SW1X 7QA","422.86","0.00","",
"Advanced Supply Chain..","Luton Tail Lift (JF)","BD12 7AZ","W12 7GD","417.04","0.00","",
"Advanced Supply Chain..","Luton Tail Lift (JF)","BD12 7AZ","WC2A 1AN","413.16","0.00","",
"Advanced Supply Chain..","Luton Tail Lift (JF)","BD12 7AZ","WF9 2XT","115.00","0.00","",
"Advanced Supply Chain..","Luton Tail Lift (JF)","BD12 7AZ","YO11 3UT","204.88","0.00","",
"Advanced Supply Chain..","Luton Tail Lift (JF)","BD12 7AZ","YO19 4TA","122.77","0.00","",
"Advanced Supply Chain..","Luton Tail Lift (JF)","BR1 1DN","NN17 5JE","268.30","0.00","",
"Advanced Supply Chain..","Luton Tail Lift (JF)","BS7 8TX","NN17 5JE","346.00","0.00","",
"Advanced Supply Chain..","Luton Tail Lift (JF)","CH65 9JJ","BD12 7AZ","189.34","0.00","",
"Advanced Supply Chain..","Luton Tail Lift (JF)","CH65 9JJ","NN17 5JE","318.10","0.00","",
"Advanced Supply Chain..","Luton Tail Lift (JF)","CM19 5BD","BD12 7AZ","393.76","0.00","",
"Advanced Supply Chain..","Luton Tail Lift (JF)","CV23 8BQ","S35 1QP","227.56","0.00","",
"Advanced Supply Chain..","Luton Tail Lift (JF)","DN11 0BF","NN17 5JE","221.89","0.00","",
"Advanced Supply Chain..","Luton Tail Lift (JF)","EN9 1AF","NN17 5ZB","231.34","0.00","",
"Advanced Supply Chain..","Luton Tail Lift (JF)","G1 3LB","NN17 5JE","525.00","0.00","",
"Advanced Supply Chain..","Luton Tail Lift (JF)","IP11 4BA","NN17 5JE","276.70","0.00","",
"Advanced Supply Chain..","Luton Tail Lift (JF)","KT1 1TP","NN17 5JE","268.30","0.00","",
"Advanced Supply Chain..","Luton Tail Lift (JF)","LE1 3UG","S72 7GX","212.02","0.00","",
"Advanced Supply Chain..","Luton Tail Lift (JF)","LE11 5TR","S72 7GX","185.14","0.00","",
"Advanced Supply Chain..","Luton Tail Lift (JF)","LE13UG","S72 7GX","212.02","0.00","",
"Advanced Supply Chain..","Luton Tail Lift (JF)","LE4 5HA","S72 7GX","213.07","0.00","",
"Advanced Supply Chain..","Luton Tail Lift (JF)","LE4 9LE","S72 7GX","213.07","0.00","",
"Advanced Supply Chain..","Luton Tail Lift (JF)","LE5 0BT","S72 7GX","214.96","0.00","",
"Advanced Supply Chain..","Luton Tail Lift (JF)","LE5 3ST","S72 7GX","214.96","0.00","",
"Advanced Supply Chain..","Luton Tail Lift (JF)","LE5 4FG","S72 7GX","216.22","0.00","",
"Advanced Supply Chain..","Luton Tail Lift (JF)","LE5 4HJ","NN17 5JE","115.00","0.00","",
"Advanced Supply Chain..","Luton Tail Lift (JF)","LE5 4JG","NN17 5JE","115.00","0.00","",
"Advanced Supply Chain..","Luton Tail Lift (JF)","LS1 5AR","NN17 5JE","285.10","0.00","",
"Advanced Supply Chain..","Luton Tail Lift (JF)","LS13 4TY","BD12 7AZ","115.00","0.00","",
"Advanced Supply Chain..","Luton Tail Lift (JF)","M17 8AA","BD12 7AZ","122.77","0.00","",
"Advanced Supply Chain..","Luton Tail Lift (JF)","M4 3AJ","NN17 5JE","323.92","0.00","",
"Advanced Supply Chain..","Luton Tail Lift (JF)","M8 8NL","NN17 5JE","323.92","0.00","",
"Advanced Supply Chain..","Luton Tail Lift (JF)","MK17 7AB","NN17 5ZB","141.04","0.00","",
"Advanced Supply Chain..","Luton Tail Lift (JF)","N181SJ","NN17 5JE","242.05","0.00","",
"Advanced Supply Chain..","Luton Tail Lift (JF)","NG6 8YP","NN17 5JE","197.53","0.00","",
"Advanced Supply Chain..","Luton Tail Lift (JF)","NN17 5JE","B42 1AA","174.64","0.00","",
"Advanced Supply Chain..","Luton Tail Lift (JF)","NN17 5JE","NN14 4QS","115.00","0.00","",
"Advanced Supply Chain..","Luton Tail Lift (JF)","NN17 5JE","NN8 4BL","115.00","0.00","",
"Advanced Supply Chain..","Luton Tail Lift (JF)","NN17 5JE","PE7 3HH","115.00","0.00","",
"Advanced Supply Chain..","Luton Tail Lift (JF)","NN17 5JE","ST7 1XD","272.50","0.00","",
"Advanced Supply Chain..","Luton Tail Lift (JF)","NN17 5ZB","EN9 1AF","231.13","0.00","",
"Advanced Supply Chain..","Luton Tail Lift (JF)","NN17 5ZB","KT10 9AJ","270.40","0.00","",
"Advanced Supply Chain..","Luton Tail Lift (JF)","NN17 5ZB","LE4 9LG","115.00","0.00","",
"Advanced Supply Chain..","Luton Tail Lift (JF)","NN17 5ZB","MK1 1NY","136.84","0.00","",
"Advanced Supply Chain..","Luton Tail Lift (JF)","NN17 5ZB","MK17 8EW","132.01","0.00","",
"Advanced Supply Chain..","Luton Tail Lift (JF)","NN17 5ZB","NG7 2SD","145.87","0.00","",
"Advanced Supply Chain..","Luton Tail Lift (JF)","NN17 5ZB","W1K 5LF","226.51","0.00","",
"Advanced Supply Chain..","Luton Tail Lift (JF)","NN3 9UD","NN17 5JE","115.00","0.00","",
"Advanced Supply Chain..","Luton Tail Lift (JF)","NW2 7JP","NN17 5JE","218.11","0.00","",
"Advanced Supply Chain..","Luton Tail Lift (JF)","OX7 4JS","WC1V 7QT","203.83","0.00","",
"Advanced Supply Chain..","Luton Tail Lift (JF)","PL21 9RL","NN17 5JE","517.92","0.00","",
"Advanced Supply Chain..","Luton Tail Lift (JF)","RG1 8LJ","NN17 5JE","280.90","0.00","",
"Advanced Supply Chain..","Luton Tail Lift (JF)","RM18 7HD","NN17 5ZB","264.10","0.00","",
"Advanced Supply Chain..","Luton Tail Lift (JF)","S35 1QP","DE11 0BB","184.30","0.00","",
"Advanced Supply Chain..","Luton Tail Lift (JF)","S35 1QP","MK17 8EW","293.50","0.00","",
"Advanced Supply Chain..","Luton Tail Lift (JF)","S35 1QP","NN17 5ZB","242.68","0.00","",
"Advanced Supply Chain..","Luton Tail Lift (JF)","S35 1QP","YO19 4TA","147.13","0.00","",
"Advanced Supply Chain..","Luton Tail Lift (JF)","S72 7GX","NE12 9SZ","293.50","0.00","",
"Advanced Supply Chain..","Luton Tail Lift (JF)","S9 1RF","MK43 9AA","260.00","0.00","",
"Advanced Supply Chain..","Luton Tail Lift (JF)","SN2 2DZ","NN17 5JE","244.57","0.00","",
"Advanced Supply Chain..","Luton Tail Lift (JF)","SO30 2DF","KT22 8SP","197.32","0.00","",
"Advanced Supply Chain..","Luton Tail Lift (JF)","SS156SJ","NN17 5ZB","251.50","0.00","",
"Advanced Supply Chain..","Luton Tail Lift (JF)","ST7 1XD","NN17 5JE","270.40","0.00","",
"Advanced Supply Chain..","Luton Tail Lift (JF)","SW11 8BU","NN17 5JE","235.00","0.00","",
"Advanced Supply Chain..","Luton Tail Lift (JF)","SW1X 7QA","RM20 2ZP","266.20","0.00","",
"Advanced Supply Chain..","Luton Tail Lift (JF)","SW3 4LX","NN17 5JE","240.00","0.00","",
"Advanced Supply Chain..","Luton Tail Lift (JF)","SW3 4LX","NN17 5ZB","240.00","0.00","",
"Advanced Supply Chain..","Luton Tail Lift (JF)","TS3 8TB","AL10 9TR","463.60","0.00","",
"Advanced Supply Chain..","Luton Tail Lift (JF)","TS3 8TB","B77 5BP","353.02","0.00","",
"Advanced Supply Chain..","Luton Tail Lift (JF)","TS3 8TB","L11 0JA","341.80","0.00","",
"Advanced Supply Chain..","Luton Tail Lift (JF)","TS3 8TB","L6 5BN","341.80","0.00","",
"Advanced Supply Chain..","Luton Tail Lift (JF)","TS3 8TB","L9 5AD","352.30","0.00","",
"Advanced Supply Chain..","Luton Tail Lift (JF)","TS3 8TB","WA5 3PW","316.60","0.00","",
"Advanced Supply Chain..","Luton Tail Lift (JF)","TW4 5SY","NN17 5JE","215.00","0.00","",
"Advanced Supply Chain..","Luton Tail Lift (JF)","W12 7GF","NN17 5JE","234.49","0.00","",
"Advanced Supply Chain..","Luton Tail Lift (JF)","W1K 5LF","NN17 5ZB","229.66","0.00","",
"Advanced Supply Chain..","Luton Tail Lift (JF)","WC1V 7QT","OX7 4JS","202.78","0.00","",
"Advanced Supply Chain..","Luton Tail Lift (JF)","WD63SB","NN17 5JE","208.87","0.00","",
"Advanced Supply Chain..","Luton Tail Lift (JF)","WF11 0BE","BD12 7AZ","115.00","0.00","",
"Advanced Supply Chain..","Luton Tail Lift (JF)","YO19 4TA","NN17 5JE","306.10","0.00","",
"Advanced Supply Chain..","LWB JF","B42 1AA","NN17 5JE","94.33","0.00","",
"Advanced Supply Chain..","LWB JF","B5 4GB","NN17 5JE","97.03","0.00","",
"Advanced Supply Chain..","LWB JF","BB12 7BF","S35 1QP","118.05","0.00","",
"Advanced Supply Chain..","LWB JF","BD12 7AZ","B46 1DA","167.18","0.00","",
"Advanced Supply Chain..","LWB JF","BD12 7AZ","BD5 8DT","55.71","0.00","",
"Advanced Supply Chain..","LWB JF","BD12 7AZ","E20 1EL","312.02","0.00","",
"Advanced Supply Chain..","LWB JF","BD12 7AZ","EH48 2EA","357.46","0.00","",
"Advanced Supply Chain..","LWB JF","BD12 7AZ","EH54 6QX","339.00","0.00","",
"Advanced Supply Chain..","LWB JF","BD12 7AZ","M17 8AA","60.68","0.00","",
"Advanced Supply Chain..","LWB JF","BD12 7AZ","M4 1FS","55.71","0.00","",
"Advanced Supply Chain..","LWB JF","BD12 7AZ","MK42 7QB","233.92","0.00","",
"Advanced Supply Chain..","LWB JF","BD12 7AZ","NE12 5SP","174.28","0.00","",
"Advanced Supply Chain..","LWB JF","BD12 7AZ","NG20 8BU","93.34","0.00","",
"Advanced Supply Chain..","LWB JF","BD12 7AZ","OX26 6EU","236.76","0.00","",
"Advanced Supply Chain..","LWB JF","BD12 7AZ","RG19 4AL","303.50","0.00","",
"Advanced Supply Chain..","LWB JF","BD12 7AZ","S9 1EP","56.99","0.00","",
"Advanced Supply Chain..","LWB JF","BD12 7AZ","SW1X 7QA","294.98","0.00","",
"Advanced Supply Chain..","LWB JF","BD12 7AZ","W12 7GD","290.72","0.00","",
"Advanced Supply Chain..","LWB JF","BD12 7AZ","WC2A 1AN","287.88","0.00","",
"Advanced Supply Chain..","LWB JF","BD12 7AZ","WF9 2XT","55.00","0.00","",
"Advanced Supply Chain..","LWB JF","BD12 7AZ","YO11 3UT","115.78","0.00","",
"Advanced Supply Chain..","LWB JF","BD12 7AZ","YO19 4TA","60.25","0.00","",
"Advanced Supply Chain..","LWB JF","BR1 1DN","NN17 5JE","158.66","0.00","",
"Advanced Supply Chain..","LWB JF","BS7 8TX","NN17 5JE","211.20","0.00","",
"Advanced Supply Chain..","LWB JF","CH65 9JJ","BD12 7AZ","105.27","0.00","",
"Advanced Supply Chain..","LWB JF","CH65 9JJ","NN17 5JE","218.30","0.00","",
"Advanced Supply Chain..","LWB JF","CM19 5BD","BD12 7AZ","273.68","0.00","",
"Advanced Supply Chain..","LWB JF","CV23 8BQ","S35 1QP","131.11","0.00","",
"Advanced Supply Chain..","LWB JF","DN11 0BF","NN17 5JE","127.28","0.00","",
"Advanced Supply Chain..","LWB JF","EN9 1AF","NN17 5ZB","133.67","0.00","",
"Advanced Supply Chain..","LWB JF","G1 3LB","NN17 5JE","402.54","0.00","",
"Advanced Supply Chain..","LWB JF","IP11 4BA","NN17 5JE","164.34","0.00","",
"Advanced Supply Chain..","LWB JF","KT1 1TP","NN17 5JE","158.66","0.00","",
"Advanced Supply Chain..","LWB JF","LE1 3UG","S72 7GX","120.60","0.00","",
"Advanced Supply Chain..","LWB JF","LE11 5TR","S72 7GX","102.43","0.00","",
"Advanced Supply Chain..","LWB JF","LE13UG","S72 7GX","120.60","0.00","",
"Advanced Supply Chain..","LWB JF","LE4 5HA","S72 7GX","121.31","0.00","",
"Advanced Supply Chain..","LWB JF","LE4 9LE","S72 7GX","121.31","0.00","",
"Advanced Supply Chain..","LWB JF","LE5 0BT","S72 7GX","122.59","0.00","",
"Advanced Supply Chain..","LWB JF","LE5 3ST","S72 7GX","122.59","0.00","",
"Advanced Supply Chain..","LWB JF","LE5 4FG","S72 7GX","123.44","0.00","",
"Advanced Supply Chain..","LWB JF","LE5 4HJ","NN17 5JE","55.00","0.00","",
"Advanced Supply Chain..","LWB JF","LE5 4JG","NN17 5JE","55.00","0.00","",
"Advanced Supply Chain..","LWB JF","LS1 5AR","NN17 5JE","170.02","0.00","",
"Advanced Supply Chain..","LWB JF","LS13 4TY","BD12 7AZ","55.00","0.00","",
"Advanced Supply Chain..","LWB JF","M17 8AA","BD12 7AZ","60.25","0.00","",
"Advanced Supply Chain..","LWB JF","M4 3AJ","NN17 5JE","222.56","0.00","",
"Advanced Supply Chain..","LWB JF","M8 8NL","NN17 5JE","222.56","0.00","",
"Advanced Supply Chain..","LWB JF","MK17 7AB","NN17 5ZB","72.61","0.00","",
"Advanced Supply Chain..","LWB JF","N181SJ","NN17 5JE","140.91","0.00","",
"Advanced Supply Chain..","LWB JF","NG6 8YP","NN17 5JE","110.81","0.00","",
"Advanced Supply Chain..","LWB JF","NN17 5JE","B42 1AA","95.33","0.00","",
"Advanced Supply Chain..","LWB JF","NN17 5JE","NN14 4QS","55.00","0.00","",
"Advanced Supply Chain..","LWB JF","NN17 5JE","NN8 4BL","55.00","0.00","",
"Advanced Supply Chain..","LWB JF","NN17 5JE","PE7 3HH","55.00","0.00","",
"Advanced Supply Chain..","LWB JF","NN17 5JE","ST7 1XD","161.50","0.00","",
"Advanced Supply Chain..","LWB JF","NN17 5ZB","EN9 1AF","133.53","0.00","",
"Advanced Supply Chain..","LWB JF","NN17 5ZB","KT10 9AJ","160.08","0.00","",
"Advanced Supply Chain..","LWB JF","NN17 5ZB","LE4 9LG","55.00","0.00","",
"Advanced Supply Chain..","LWB JF","NN17 5ZB","MK1 1NY","69.77","0.00","",
"Advanced Supply Chain..","LWB JF","NN17 5ZB","MK17 8EW","66.50","0.00","",
"Advanced Supply Chain..","LWB JF","NN17 5ZB","NG7 2SD","75.87","0.00","",
"Advanced Supply Chain..","LWB JF","NN17 5ZB","W1K 5LF","130.40","0.00","",
"Advanced Supply Chain..","LWB JF","NN3 9UD","NN17 5JE","55.00","0.00","",
"Advanced Supply Chain..","LWB JF","NW2 7JP","NN17 5JE","124.72","0.00","",
"Advanced Supply Chain..","LWB JF","OX7 4JS","WC1V 7QT","115.07","0.00","",
"Advanced Supply Chain..","LWB JF","PL21 9RL","NN17 5JE","364.56","0.00","",
"Advanced Supply Chain..","LWB JF","RG1 8LJ","NN17 5JE","167.18","0.00","",
"Advanced Supply Chain..","LWB JF","RM18 7HD","NN17 5ZB","155.82","0.00","",
"Advanced Supply Chain..","LWB JF","S35 1QP","DE11 0BB","101.86","0.00","",
"Advanced Supply Chain..","LWB JF","S35 1QP","MK17 8EW","175.70","0.00","",
"Advanced Supply Chain..","LWB JF","S35 1QP","NN17 5ZB","141.34","0.00","",
"Advanced Supply Chain..","LWB JF","S35 1QP","YO19 4TA","76.73","0.00","",
"Advanced Supply Chain..","LWB JF","S72 7GX","NE12 9SZ","175.70","0.00","",
"Advanced Supply Chain..","LWB JF","S9 1RF","MK43 9AA","175.00","0.00","",
"Advanced Supply Chain..","LWB JF","SN2 2DZ","NN17 5JE","142.61","0.00","",
"Advanced Supply Chain..","LWB JF","SO30 2DF","KT22 8SP","110.66","0.00","",
"Advanced Supply Chain..","LWB JF","SS156SJ","NN17 5ZB","147.30","0.00","",
"Advanced Supply Chain..","LWB JF","ST7 1XD","NN17 5JE","160.08","0.00","",
"Advanced Supply Chain..","LWB JF","SW11 8BU","NN17 5JE","157.24","0.00","",
"Advanced Supply Chain..","LWB JF","SW1X 7QA","RM20 2ZP","157.24","0.00","",
"Advanced Supply Chain..","LWB JF","SW3 4LX","NN17 5JE","152.98","0.00","",
"Advanced Supply Chain..","LWB JF","SW3 4LX","NN17 5ZB","152.98","0.00","",
"Advanced Supply Chain..","LWB JF","TS3 8TB","AL10 9TR","324.80","0.00","",
"Advanced Supply Chain..","LWB JF","TS3 8TB","B77 5BP","243.86","0.00","",
"Advanced Supply Chain..","LWB JF","TS3 8TB","L11 0JA","208.36","0.00","",
"Advanced Supply Chain..","LWB JF","TS3 8TB","L6 5BN","208.36","0.00","",
"Advanced Supply Chain..","LWB JF","TS3 8TB","L9 5AD","215.46","0.00","",
"Advanced Supply Chain..","LWB JF","TS3 8TB","WA5 3PW","191.32","0.00","",
"Advanced Supply Chain..","LWB JF","TW4 5SY","NN17 5JE","142.47","0.00","",
"Advanced Supply Chain..","LWB JF","W12 7GF","NN17 5JE","135.80","0.00","",
"Advanced Supply Chain..","LWB JF","W1K 5LF","NN17 5ZB","132.53","0.00","",
"Advanced Supply Chain..","LWB JF","WC1V 7QT","OX7 4JS","114.36","0.00","",
"Advanced Supply Chain..","LWB JF","WD63SB","NN17 5JE","118.47","0.00","",
"Advanced Supply Chain..","LWB JF","WF11 0BE","BD12 7AZ","55.00","0.00","",
"Advanced Supply Chain..","LWB JF","YO19 4TA","NN17 5JE","184.22","0.00","",
"Advanced Supply Chain..","Small Van JF","B42 1AA","NN17 5JE","77.13","0.00","",
"Advanced Supply Chain..","Small Van JF","B5 4GB","NN17 5JE","79.34","0.00","",
"Advanced Supply Chain..","Small Van JF","BB12 7BF","S35 1QP","96.50","0.00","",
"Advanced Supply Chain..","Small Van JF","BD12 7AZ","B46 1DA","136.64","0.00","",
"Advanced Supply Chain..","Small Van JF","BD12 7AZ","BD5 8DT","45.58","0.00","",
"Advanced Supply Chain..","Small Van JF","BD12 7AZ","E20 1EL","254.96","0.00","",
"Advanced Supply Chain..","Small Van JF","BD12 7AZ","EH48 2EA","292.08","0.00","",
"Advanced Supply Chain..","Small Van JF","BD12 7AZ","EH54 6QX","277.00","0.00","",
"Advanced Supply Chain..","Small Van JF","BD12 7AZ","M17 8AA","49.64","0.00","",
"Advanced Supply Chain..","Small Van JF","BD12 7AZ","M4 1FS","45.58","0.00","",
"Advanced Supply Chain..","Small Van JF","BD12 7AZ","MK42 7QB","191.16","0.00","",
"Advanced Supply Chain..","Small Van JF","BD12 7AZ","NE12 5SP","142.44","0.00","",
"Advanced Supply Chain..","Small Van JF","BD12 7AZ","NG20 8BU","76.32","0.00","",
"Advanced Supply Chain..","Small Van JF","BD12 7AZ","OX26 6EU","193.48","0.00","",
"Advanced Supply Chain..","Small Van JF","BD12 7AZ","RG19 4AL","248.00","0.00","",
"Advanced Supply Chain..","Small Van JF","BD12 7AZ","S9 1EP","46.62","0.00","",
"Advanced Supply Chain..","Small Van JF","BD12 7AZ","SW1X 7QA","241.04","0.00","",
"Advanced Supply Chain..","Small Van JF","BD12 7AZ","W12 7GD","237.56","0.00","",
"Advanced Supply Chain..","Small Van JF","BD12 7AZ","WC2A 1AN","235.24","0.00","",
"Advanced Supply Chain..","Small Van JF","BD12 7AZ","WF9 2XT","45.00","0.00","",
"Advanced Supply Chain..","Small Van JF","BD12 7AZ","YO11 3UT","94.65","0.00","",
"Advanced Supply Chain..","Small Van JF","BD12 7AZ","YO19 4TA","49.29","0.00","",
"Advanced Supply Chain..","Small Van JF","BR1 1DN","NN17 5JE","129.68","0.00","",
"Advanced Supply Chain..","Small Van JF","BS7 8TX","NN17 5JE","172.60","0.00","",
"Advanced Supply Chain..","Small Van JF","CH65 9JJ","BD12 7AZ","86.06","0.00","",
"Advanced Supply Chain..","Small Van JF","CH65 9JJ","NN17 5JE","178.40","0.00","",
"Advanced Supply Chain..","Small Van JF","CM19 5BD","BD12 7AZ","223.64","0.00","",
"Advanced Supply Chain..","Small Van JF","CV23 8BQ","S35 1QP","107.18","0.00","",
"Advanced Supply Chain..","Small Van JF","DN11 0BF","NN17 5JE","104.04","0.00","",
"Advanced Supply Chain..","Small Van JF","EN9 1AF","NN17 5ZB","109.26","0.00","",
"Advanced Supply Chain..","Small Van JF","G1 3LB","NN17 5JE","317.92","0.00","",
"Advanced Supply Chain..","Small Van JF","IP11 4BA","NN17 5JE","134.32","0.00","",
"Advanced Supply Chain..","Small Van JF","KT1 1TP","NN17 5JE","129.68","0.00","",
"Advanced Supply Chain..","Small Van JF","LE1 3UG","S72 7GX","98.59","0.00","",
"Advanced Supply Chain..","Small Van JF","LE11 5TR","S72 7GX","83.74","0.00","",
"Advanced Supply Chain..","Small Van JF","LE13UG","S72 7GX","98.59","0.00","",
"Advanced Supply Chain..","Small Van JF","LE4 5HA","S72 7GX","99.17","0.00","",
"Advanced Supply Chain..","Small Van JF","LE4 9LE","S72 7GX","99.17","0.00","",
"Advanced Supply Chain..","Small Van JF","LE5 0BT","S72 7GX","100.22","0.00","",
"Advanced Supply Chain..","Small Van JF","LE5 3ST","S72 7GX","100.22","0.00","",
"Advanced Supply Chain..","Small Van JF","LE5 4FG","S72 7GX","100.91","0.00","",
"Advanced Supply Chain..","Small Van JF","LE5 4HJ","NN17 5JE","45.00","0.00","",
"Advanced Supply Chain..","Small Van JF","LE5 4JG","NN17 5JE","45.00","0.00","",
"Advanced Supply Chain..","Small Van JF","LS1 5AR","NN17 5JE","138.96","0.00","",
"Advanced Supply Chain..","Small Van JF","LS13 4TY","BD12 7AZ","45.00","0.00","",
"Advanced Supply Chain..","Small Van JF","M17 8AA","BD12 7AZ","49.29","0.00","",
"Advanced Supply Chain..","Small Van JF","M4 3AJ","NN17 5JE","181.88","0.00","",
"Advanced Supply Chain..","Small Van JF","M8 8NL","NN17 5JE","181.88","0.00","",
"Advanced Supply Chain..","Small Van JF","MK17 7AB","NN17 5ZB","59.38","0.00","",
"Advanced Supply Chain..","Small Van JF","N181SJ","NN17 5JE","115.18","0.00","",
"Advanced Supply Chain..","Small Van JF","NG6 8YP","NN17 5JE","90.59","0.00","",
"Advanced Supply Chain..","Small Van JF","NN17 5JE","B42 1AA","77.94","0.00","",
"Advanced Supply Chain..","Small Van JF","NN17 5JE","NN14 4QS","45.00","0.00","",
"Advanced Supply Chain..","Small Van JF","NN17 5JE","NN8 4BL","45.00","0.00","",
"Advanced Supply Chain..","Small Van JF","NN17 5JE","PE7 3HH","45.00","0.00","",
"Advanced Supply Chain..","Small Van JF","NN17 5JE","ST7 1XD","132.00","0.00","",
"Advanced Supply Chain..","Small Van JF","NN17 5ZB","EN9 1AF","109.15","0.00","",
"Advanced Supply Chain..","Small Van JF","NN17 5ZB","KT10 9AJ","130.84","0.00","",
"Advanced Supply Chain..","Small Van JF","NN17 5ZB","LE4 9LG","45.00","0.00","",
"Advanced Supply Chain..","Small Van JF","NN17 5ZB","MK1 1NY","57.06","0.00","",
"Advanced Supply Chain..","Small Van JF","NN17 5ZB","MK17 8EW","54.40","0.00","",
"Advanced Supply Chain..","Small Van JF","NN17 5ZB","NG7 2SD","62.05","0.00","",
"Advanced Supply Chain..","Small Van JF","NN17 5ZB","W1K 5LF","106.60","0.00","",
"Advanced Supply Chain..","Small Van JF","NN3 9UD","NN17 5JE","45.00","0.00","",
"Advanced Supply Chain..","Small Van JF","NW2 7JP","NN17 5JE","101.96","0.00","",
"Advanced Supply Chain..","Small Van JF","OX7 4JS","WC1V 7QT","94.07","0.00","",
"Advanced Supply Chain..","Small Van JF","PL21 9RL","NN17 5JE","297.88","0.00","",
"Advanced Supply Chain..","Small Van JF","RG1 8LJ","NN17 5JE","136.64","0.00","",
"Advanced Supply Chain..","Small Van JF","RM18 7HD","NN17 5ZB","127.36","0.00","",
"Advanced Supply Chain..","Small Van JF","S35 1QP","DE11 0BB","83.28","0.00","",
"Advanced Supply Chain..","Small Van JF","S35 1QP","MK17 8EW","143.60","0.00","",
"Advanced Supply Chain..","Small Van JF","S35 1QP","NN17 5ZB","115.53","0.00","",
"Advanced Supply Chain..","Small Van JF","S35 1QP","YO19 4TA","62.75","0.00","",
"Advanced Supply Chain..","Small Van JF","S72 7GX","NE12 9SZ","143.60","0.00","",
"Advanced Supply Chain..","Small Van JF","S9 1RF","MK43 9AA","140.00","0.00","",
"Advanced Supply Chain..","Small Van JF","SN2 2DZ","NN17 5JE","116.57","0.00","",
"Advanced Supply Chain..","Small Van JF","SO30 2DF","KT22 8SP","90.47","0.00","",
"Advanced Supply Chain..","Small Van JF","SS156SJ","NN17 5ZB","120.40","0.00","",
"Advanced Supply Chain..","Small Van JF","ST7 1XD","NN17 5JE","130.84","0.00","",
"Advanced Supply Chain..","Small Van JF","SW11 8BU","NN17 5JE","128.52","0.00","",
"Advanced Supply Chain..","Small Van JF","SW1X 7QA","RM20 2ZP","128.52","0.00","",
"Advanced Supply Chain..","Small Van JF","SW3 4LX","NN17 5JE","125.04","0.00","",
"Advanced Supply Chain..","Small Van JF","SW3 4LX","NN17 5ZB","125.04","0.00","",
"Advanced Supply Chain..","Small Van JF","TS3 8TB","AL10 9TR","265.40","0.00","",
"Advanced Supply Chain..","Small Van JF","TS3 8TB","B77 5BP","199.28","0.00","",
"Advanced Supply Chain..","Small Van JF","TS3 8TB","L11 0JA","170.28","0.00","",
"Advanced Supply Chain..","Small Van JF","TS3 8TB","L6 5BN","170.28","0.00","",
"Advanced Supply Chain..","Small Van JF","TS3 8TB","L9 5AD","176.08","0.00","",
"Advanced Supply Chain..","Small Van JF","TS3 8TB","WA5 3PW","156.36","0.00","",
"Advanced Supply Chain..","Small Van JF","TW4 5SY","NN17 5JE","116.46","0.00","",
"Advanced Supply Chain..","Small Van JF","W12 7GF","NN17 5JE","111.00","0.00","",
"Advanced Supply Chain..","Small Van JF","W1K 5LF","NN17 5ZB","108.34","0.00","",
"Advanced Supply Chain..","Small Van JF","WC1V 7QT","OX7 4JS","93.49","0.00","",
"Advanced Supply Chain..","Small Van JF","WD63SB","NN17 5JE","96.85","0.00","",
"Advanced Supply Chain..","Small Van JF","WF11 0BE","BD12 7AZ","45.00","0.00","",
"Advanced Supply Chain..","Small Van JF","YO19 4TA","NN17 5JE","150.56","0.00","",
"Advanced Supply Chain..","SWB JF","B42 1AA","NN17 5JE","86.29","0.00","",
"Advanced Supply Chain..","SWB JF","B5 4GB","NN17 5JE","88.78","0.00","",
"Advanced Supply Chain..","SWB JF","BB12 7BF","S35 1QP","108.16","0.00","",
"Advanced Supply Chain..","SWB JF","BD12 7AZ","B46 1DA","153.49","0.00","",
"Advanced Supply Chain..","SWB JF","BD12 7AZ","BD5 8DT","50.66","0.00","",
"Advanced Supply Chain..","SWB JF","BD12 7AZ","E20 1EL","287.11","0.00","",
"Advanced Supply Chain..","SWB JF","BD12 7AZ","EH48 2EA","329.03","0.00","",
"Advanced Supply Chain..","SWB JF","BD12 7AZ","EH54 6QX","312.00","0.00","",
"Advanced Supply Chain..","SWB JF","BD12 7AZ","M17 8AA","55.24","0.00","",
"Advanced Supply Chain..","SWB JF","BD12 7AZ","M4 1FS","50.66","0.00","",
"Advanced Supply Chain..","SWB JF","BD12 7AZ","MK42 7QB","215.06","0.00","",
"Advanced Supply Chain..","SWB JF","BD12 7AZ","NE12 5SP","160.04","0.00","",
"Advanced Supply Chain..","SWB JF","BD12 7AZ","NG20 8BU","85.37","0.00","",
"Advanced Supply Chain..","SWB JF","BD12 7AZ","OX26 6EU","217.68","0.00","",
"Advanced Supply Chain..","SWB JF","BD12 7AZ","RG19 4AL","279.25","0.00","",
"Advanced Supply Chain..","SWB JF","BD12 7AZ","S9 1EP","51.83","0.00","",
"Advanced Supply Chain..","SWB JF","BD12 7AZ","SW1X 7QA","271.39","0.00","",
"Advanced Supply Chain..","SWB JF","BD12 7AZ","W12 7GD","267.46","0.00","",
"Advanced Supply Chain..","SWB JF","BD12 7AZ","WC2A 1AN","264.84","0.00","",
"Advanced Supply Chain..","SWB JF","BD12 7AZ","WF9 2XT","50.00","0.00","",
"Advanced Supply Chain..","SWB JF","BD12 7AZ","YO11 3UT","106.07","0.00","",
"Advanced Supply Chain..","SWB JF","BD12 7AZ","YO19 4TA","54.85","0.00","",
"Advanced Supply Chain..","SWB JF","BR1 1DN","NN17 5JE","145.63","0.00","",
"Advanced Supply Chain..","SWB JF","BS7 8TX","NN17 5JE","194.10","0.00","",
"Advanced Supply Chain..","SWB JF","CH65 9JJ","BD12 7AZ","96.37","0.00","",
"Advanced Supply Chain..","SWB JF","CH65 9JJ","NN17 5JE","200.65","0.00","",
"Advanced Supply Chain..","SWB JF","CM19 5BD","BD12 7AZ","251.74","0.00","",
"Advanced Supply Chain..","SWB JF","CV23 8BQ","S35 1QP","120.22","0.00","",
"Advanced Supply Chain..","SWB JF","DN11 0BF","NN17 5JE","116.68","0.00","",
"Advanced Supply Chain..","SWB JF","EN9 1AF","NN17 5ZB","122.57","0.00","",
"Advanced Supply Chain..","SWB JF","G1 3LB","NN17 5JE","365.97","0.00","",
"Advanced Supply Chain..","SWB JF","IP11 4BA","NN17 5JE","150.87","0.00","",
"Advanced Supply Chain..","SWB JF","KT1 1TP","NN17 5JE","145.63","0.00","",
"Advanced Supply Chain..","SWB JF","LE1 3UG","S72 7GX","110.52","0.00","",
"Advanced Supply Chain..","SWB JF","LE11 5TR","S72 7GX","93.75","0.00","",
"Advanced Supply Chain..","SWB JF","LE13UG","S72 7GX","110.52","0.00","",
"Advanced Supply Chain..","SWB JF","LE4 5HA","S72 7GX","111.18","0.00","",
"Advanced Supply Chain..","SWB JF","LE4 9LE","S72 7GX","111.18","0.00","",
"Advanced Supply Chain..","SWB JF","LE5 0BT","S72 7GX","112.36","0.00","",
"Advanced Supply Chain..","SWB JF","LE5 3ST","S72 7GX","112.36","0.00","",
"Advanced Supply Chain..","SWB JF","LE5 4FG","S72 7GX","113.14","0.00","",
"Advanced Supply Chain..","SWB JF","LE5 4HJ","NN17 5JE","50.00","0.00","",
"Advanced Supply Chain..","SWB JF","LE5 4JG","NN17 5JE","50.00","0.00","",
"Advanced Supply Chain..","SWB JF","LS1 5AR","NN17 5JE","156.11","0.00","",
"Advanced Supply Chain..","SWB JF","LS13 4TY","BD12 7AZ","50.00","0.00","",
"Advanced Supply Chain..","SWB JF","M17 8AA","BD12 7AZ","54.85","0.00","",
"Advanced Supply Chain..","SWB JF","M4 3AJ","NN17 5JE","204.58","0.00","",
"Advanced Supply Chain..","SWB JF","M8 8NL","NN17 5JE","204.58","0.00","",
"Advanced Supply Chain..","SWB JF","MK17 7AB","NN17 5ZB","66.24","0.00","",
"Advanced Supply Chain..","SWB JF","N181SJ","NN17 5JE","129.25","0.00","",
"Advanced Supply Chain..","SWB JF","NG6 8YP","NN17 5JE","101.48","0.00","",
"Advanced Supply Chain..","SWB JF","NN17 5JE","B42 1AA","87.20","0.00","",
"Advanced Supply Chain..","SWB JF","NN17 5JE","NN14 4QS","50.00","0.00","",
"Advanced Supply Chain..","SWB JF","NN17 5JE","NN8 4BL","50.00","0.00","",
"Advanced Supply Chain..","SWB JF","NN17 5JE","PE7 3HH","50.00","0.00","",
"Advanced Supply Chain..","SWB JF","NN17 5JE","ST7 1XD","148.25","0.00","",
"Advanced Supply Chain..","SWB JF","NN17 5ZB","EN9 1AF","122.44","0.00","",
"Advanced Supply Chain..","SWB JF","NN17 5ZB","KT10 9AJ","146.94","0.00","",
"Advanced Supply Chain..","SWB JF","NN17 5ZB","LE4 9LG","50.00","0.00","",
"Advanced Supply Chain..","SWB JF","NN17 5ZB","MK1 1NY","63.62","0.00","",
"Advanced Supply Chain..","SWB JF","NN17 5ZB","MK17 8EW","60.61","0.00","",
"Advanced Supply Chain..","SWB JF","NN17 5ZB","NG7 2SD","69.26","0.00","",
"Advanced Supply Chain..","SWB JF","NN17 5ZB","W1K 5LF","119.56","0.00","",
"Advanced Supply Chain..","SWB JF","NN3 9UD","NN17 5JE","50.00","0.00","",
"Advanced Supply Chain..","SWB JF","NW2 7JP","NN17 5JE","114.32","0.00","",
"Advanced Supply Chain..","SWB JF","OX7 4JS","WC1V 7QT","105.41","0.00","",
"Advanced Supply Chain..","SWB JF","PL21 9RL","NN17 5JE","335.58","0.00","",
"Advanced Supply Chain..","SWB JF","RG1 8LJ","NN17 5JE","153.49","0.00","",
"Advanced Supply Chain..","SWB JF","RM18 7HD","NN17 5ZB","143.01","0.00","",
"Advanced Supply Chain..","SWB JF","S35 1QP","DE11 0BB","93.23","0.00","",
"Advanced Supply Chain..","SWB JF","S35 1QP","MK17 8EW","161.35","0.00","",
"Advanced Supply Chain..","SWB JF","S35 1QP","NN17 5ZB","129.65","0.00","",
"Advanced Supply Chain..","SWB JF","S35 1QP","YO19 4TA","70.04","0.00","",
"Advanced Supply Chain..","SWB JF","S72 7GX","NE12 9SZ","161.35","0.00","",
"Advanced Supply Chain..","SWB JF","S9 1RF","MK43 9AA","155.00","0.00","",
"Advanced Supply Chain..","SWB JF","SN2 2DZ","NN17 5JE","130.83","0.00","",
"Advanced Supply Chain..","SWB JF","SO30 2DF","KT22 8SP","101.35","0.00","",
"Advanced Supply Chain..","SWB JF","SS156SJ","NN17 5ZB","135.15","0.00","",
"Advanced Supply Chain..","SWB JF","ST7 1XD","NN17 5JE","146.94","0.00","",
"Advanced Supply Chain..","SWB JF","SW11 8BU","NN17 5JE","144.32","0.00","",
"Advanced Supply Chain..","SWB JF","SW1X 7QA","RM20 2ZP","144.32","0.00","",
"Advanced Supply Chain..","SWB JF","SW3 4LX","NN17 5JE","140.39","0.00","",
"Advanced Supply Chain..","SWB JF","SW3 4LX","NN17 5ZB","140.39","0.00","",
"Advanced Supply Chain..","SWB JF","TS3 8TB","AL10 9TR","298.90","0.00","",
"Advanced Supply Chain..","SWB JF","TS3 8TB","B77 5BP","224.23","0.00","",
"Advanced Supply Chain..","SWB JF","TS3 8TB","L11 0JA","191.48","0.00","",
"Advanced Supply Chain..","SWB JF","TS3 8TB","L6 5BN","191.48","0.00","",
"Advanced Supply Chain..","SWB JF","TS3 8TB","L9 5AD","198.03","0.00","",
"Advanced Supply Chain..","SWB JF","TS3 8TB","WA5 3PW","175.76","0.00","",
"Advanced Supply Chain..","SWB JF","TW4 5SY","NN17 5JE","130.70","0.00","",
"Advanced Supply Chain..","SWB JF","W12 7GF","NN17 5JE","124.54","0.00","",
"Advanced Supply Chain..","SWB JF","W1K 5LF","NN17 5ZB","121.53","0.00","",
"Advanced Supply Chain..","SWB JF","WC1V 7QT","OX7 4JS","104.76","0.00","",
"Advanced Supply Chain..","SWB JF","WD63SB","NN17 5JE","108.56","0.00","",
"Advanced Supply Chain..","SWB JF","WF11 0BE","BD12 7AZ","50.00","0.00","",
"Advanced Supply Chain..","SWB JF","YO19 4TA","NN17 5JE","169.21","0.00","",
"Advanced Supply Chain..","XLWB JF","B42 1AA","NN17 5JE","103.77","0.00","",
"Advanced Supply Chain..","XLWB JF","B5 4GB","NN17 5JE","106.77","0.00","",
"Advanced Supply Chain..","XLWB JF","BB12 7BF","S35 1QP","130.15","0.00","",
"Advanced Supply Chain..","XLWB JF","BD12 7AZ","B46 1DA","184.82","0.00","",
"Advanced Supply Chain..","XLWB JF","BD12 7AZ","BD5 8DT","60.79","0.00","",
"Advanced Supply Chain..","XLWB JF","BD12 7AZ","E20 1EL","345.98","0.00","",
"Advanced Supply Chain..","XLWB JF","BD12 7AZ","EH48 2EA","396.54","0.00","",
"Advanced Supply Chain..","XLWB JF","BD12 7AZ","EH54 6QX","376.00","0.00","",
"Advanced Supply Chain..","XLWB JF","BD12 7AZ","M17 8AA","66.32","0.00","",
"Advanced Supply Chain..","XLWB JF","BD12 7AZ","M4 1FS","60.79","0.00","",
"Advanced Supply Chain..","XLWB JF","BD12 7AZ","MK42 7QB","259.08","0.00","",
"Advanced Supply Chain..","XLWB JF","BD12 7AZ","NE12 5SP","192.72","0.00","",
"Advanced Supply Chain..","XLWB JF","BD12 7AZ","NG20 8BU","102.66","0.00","",
"Advanced Supply Chain..","XLWB JF","BD12 7AZ","OX26 6EU","262.24","0.00","",
"Advanced Supply Chain..","XLWB JF","BD12 7AZ","RG19 4AL","336.50","0.00","",
"Advanced Supply Chain..","XLWB JF","BD12 7AZ","S9 1EP","62.21","0.00","",
"Advanced Supply Chain..","XLWB JF","BD12 7AZ","SW1X 7QA","327.02","0.00","",
"Advanced Supply Chain..","XLWB JF","BD12 7AZ","W12 7GD","322.28","0.00","",
"Advanced Supply Chain..","XLWB JF","BD12 7AZ","WC2A 1AN","319.12","0.00","",
"Advanced Supply Chain..","XLWB JF","BD12 7AZ","WF9 2XT","60.00","0.00","",
"Advanced Supply Chain..","XLWB JF","BD12 7AZ","YO11 3UT","127.62","0.00","",
"Advanced Supply Chain..","XLWB JF","BD12 7AZ","YO19 4TA","65.85","0.00","",
"Advanced Supply Chain..","XLWB JF","BR1 1DN","NN17 5JE","175.34","0.00","",
"Advanced Supply Chain..","XLWB JF","BS7 8TX","NN17 5JE","233.80","0.00","",
"Advanced Supply Chain..","XLWB JF","CH65 9JJ","BD12 7AZ","115.93","0.00","",
"Advanced Supply Chain..","XLWB JF","CH65 9JJ","NN17 5JE","241.70","0.00","",
"Advanced Supply Chain..","XLWB JF","CM19 5BD","BD12 7AZ","303.32","0.00","",
"Advanced Supply Chain..","XLWB JF","CV23 8BQ","S35 1QP","144.69","0.00","",
"Advanced Supply Chain..","XLWB JF","DN11 0BF","NN17 5JE","140.42","0.00","",
"Advanced Supply Chain..","XLWB JF","EN9 1AF","NN17 5ZB","147.53","0.00","",
"Advanced Supply Chain..","XLWB JF","G1 3LB","NN17 5JE","453.46","0.00","",
"Advanced Supply Chain..","XLWB JF","IP11 4BA","NN17 5JE","181.66","0.00","",
"Advanced Supply Chain..","XLWB JF","KT1 1TP","NN17 5JE","175.34","0.00","",
"Advanced Supply Chain..","XLWB JF","LE1 3UG","S72 7GX","133.00","0.00","",
"Advanced Supply Chain..","XLWB JF","LE11 5TR","S72 7GX","112.77","0.00","",
"Advanced Supply Chain..","XLWB JF","LE13UG","S72 7GX","133.00","0.00","",
"Advanced Supply Chain..","XLWB JF","LE4 5HA","S72 7GX","133.79","0.00","",
"Advanced Supply Chain..","XLWB JF","LE4 9LE","S72 7GX","133.79","0.00","",
"Advanced Supply Chain..","XLWB JF","LE5 0BT","S72 7GX","135.21","0.00","",
"Advanced Supply Chain..","XLWB JF","LE5 3ST","S72 7GX","135.21","0.00","",
"Advanced Supply Chain..","XLWB JF","LE5 4FG","S72 7GX","136.16","0.00","",
"Advanced Supply Chain..","XLWB JF","LE5 4HJ","NN17 5JE","60.00","0.00","",
"Advanced Supply Chain..","XLWB JF","LE5 4JG","NN17 5JE","60.00","0.00","",
"Advanced Supply Chain..","XLWB JF","LS1 5AR","NN17 5JE","187.98","0.00","",
"Advanced Supply Chain..","XLWB JF","LS13 4TY","BD12 7AZ","60.00","0.00","",
"Advanced Supply Chain..","XLWB JF","M17 8AA","BD12 7AZ","65.85","0.00","",
"Advanced Supply Chain..","XLWB JF","M4 3AJ","NN17 5JE","246.44","0.00","",
"Advanced Supply Chain..","XLWB JF","M8 8NL","NN17 5JE","246.44","0.00","",
"Advanced Supply Chain..","XLWB JF","MK17 7AB","NN17 5ZB","79.59","0.00","",
"Advanced Supply Chain..","XLWB JF","N181SJ","NN17 5JE","155.59","0.00","",
"Advanced Supply Chain..","XLWB JF","NG6 8YP","NN17 5JE","122.09","0.00","",
"Advanced Supply Chain..","XLWB JF","NN17 5JE","B42 1AA","104.87","0.00","",
"Advanced Supply Chain..","XLWB JF","NN17 5JE","NN14 4QS","60.00","0.00","",
"Advanced Supply Chain..","XLWB JF","NN17 5JE","NN8 4BL","60.00","0.00","",
"Advanced Supply Chain..","XLWB JF","NN17 5JE","PE7 3HH","60.00","0.00","",
"Advanced Supply Chain..","XLWB JF","NN17 5JE","ST7 1XD","178.50","0.00","",
"Advanced Supply Chain..","XLWB JF","NN17 5ZB","EN9 1AF","147.37","0.00","",
"Advanced Supply Chain..","XLWB JF","NN17 5ZB","KT10 9AJ","176.92","0.00","",
"Advanced Supply Chain..","XLWB JF","NN17 5ZB","LE4 9LG","60.00","0.00","",
"Advanced Supply Chain..","XLWB JF","NN17 5ZB","MK1 1NY","76.43","0.00","",
"Advanced Supply Chain..","XLWB JF","NN17 5ZB","MK17 8EW","72.80","0.00","",
"Advanced Supply Chain..","XLWB JF","NN17 5ZB","NG7 2SD","83.23","0.00","",
"Advanced Supply Chain..","XLWB JF","NN17 5ZB","W1K 5LF","143.90","0.00","",
"Advanced Supply Chain..","XLWB JF","NN3 9UD","NN17 5JE","60.00","0.00","",
"Advanced Supply Chain..","XLWB JF","NW2 7JP","NN17 5JE","137.58","0.00","",
"Advanced Supply Chain..","XLWB JF","OX7 4JS","WC1V 7QT","126.83","0.00","",
"Advanced Supply Chain..","XLWB JF","PL21 9RL","NN17 5JE","404.44","0.00","",
"Advanced Supply Chain..","XLWB JF","RG1 8LJ","NN17 5JE","184.82","0.00","",
"Advanced Supply Chain..","XLWB JF","RM18 7HD","NN17 5ZB","172.18","0.00","",
"Advanced Supply Chain..","XLWB JF","S35 1QP","DE11 0BB","112.14","0.00","",
"Advanced Supply Chain..","XLWB JF","S35 1QP","MK17 8EW","194.30","0.00","",
"Advanced Supply Chain..","XLWB JF","S35 1QP","NN17 5ZB","156.06","0.00","",
"Advanced Supply Chain..","XLWB JF","S35 1QP","YO19 4TA","84.17","0.00","",
"Advanced Supply Chain..","XLWB JF","S72 7GX","NE12 9SZ","194.30","0.00","",
"Advanced Supply Chain..","XLWB JF","S9 1RF","MK43 9AA","190.00","0.00","",
"Advanced Supply Chain..","XLWB JF","SN2 2DZ","NN17 5JE","157.49","0.00","",
"Advanced Supply Chain..","XLWB JF","SO30 2DF","KT22 8SP","121.94","0.00","",
"Advanced Supply Chain..","XLWB JF","SS156SJ","NN17 5ZB","162.70","0.00","",
"Advanced Supply Chain..","XLWB JF","ST7 1XD","NN17 5JE","176.92","0.00","",
"Advanced Supply Chain..","XLWB JF","SW11 8BU","NN17 5JE","173.76","0.00","",
"Advanced Supply Chain..","XLWB JF","SW1X 7QA","RM20 2ZP","173.76","0.00","",
"Advanced Supply Chain..","XLWB JF","SW3 4LX","NN17 5JE","169.02","0.00","",
"Advanced Supply Chain..","XLWB JF","SW3 4LX","NN17 5ZB","169.02","0.00","",
"Advanced Supply Chain..","XLWB JF","TS3 8TB","AL10 9TR","360.20","0.00","",
"Advanced Supply Chain..","XLWB JF","TS3 8TB","B77 5BP","270.14","0.00","",
"Advanced Supply Chain..","XLWB JF","TS3 8TB","L11 0JA","230.64","0.00","",
"Advanced Supply Chain..","XLWB JF","TS3 8TB","L6 5BN","230.64","0.00","",
"Advanced Supply Chain..","XLWB JF","TS3 8TB","L9 5AD","238.54","0.00","",
"Advanced Supply Chain..","XLWB JF","TS3 8TB","WA5 3PW","211.68","0.00","",
"Advanced Supply Chain..","XLWB JF","TW4 5SY","NN17 5JE","157.33","0.00","",
"Advanced Supply Chain..","XLWB JF","W12 7GF","NN17 5JE","149.90","0.00","",
"Advanced Supply Chain..","XLWB JF","W1K 5LF","NN17 5ZB","146.27","0.00","",
"Advanced Supply Chain..","XLWB JF","WC1V 7QT","OX7 4JS","126.04","0.00","",
"Advanced Supply Chain..","XLWB JF","WD63SB","NN17 5JE","130.63","0.00","",
"Advanced Supply Chain..","XLWB JF","WF11 0BE","BD12 7AZ","60.00","0.00","",
"Advanced Supply Chain..","XLWB JF","YO19 4TA","NN17 5JE","203.78","0.00","",
"Alexander Dennis Ltd (aftermarket)..","18T JF","FK5 4RU","GU14 6FF","1,150.00","0.00","",
"Alexander Dennis Ltd (aftermarket)..","18T JF","FK5 4RU","PR26 7TZ","595.00","0.00","",
"Alexander Dennis Ltd (aftermarket)..","18T JF","FK5 4RU","S25 4DL","725.00","0.00","",
"Alexander Dennis Ltd (aftermarket)..","18T JF","FK5 4RU","WN8 9QB","595.00","0.00","",
"Alexander Dennis Ltd (aftermarket)..","18T JF","FK5 4RU","YO11 3BY","675.00","0.00","",
"Alexander Dennis Ltd (aftermarket)..","18T JF","GU14 6FF","FK5 4RU","1,250.00","0.00","",
"Alexander Dennis Ltd (aftermarket)..","18T JF","GU14 6FF","PR26 7TZ","595.00","0.00","",
"Alexander Dennis Ltd (aftermarket)..","18T JF","GU14 6FF","S25 4DL","595.00","0.00","",
"Alexander Dennis Ltd (aftermarket)..","18T JF","GU14 6FF","WN8 9QB","595.00","0.00","",
"Alexander Dennis Ltd (aftermarket)..","18T JF","GU14 6FF","YO11 3BY","865.00","0.00","",
"Alexander Dennis Ltd (aftermarket)..","18T JF","PR26 7TZ","FK5 4RU","625.00","0.00","",
"Alexander Dennis Ltd (aftermarket)..","18T JF","PR26 7TZ","GU14 6FF","625.00","0.00","",
"Alexander Dennis Ltd (aftermarket)..","18T JF","PR26 7TZ","S25 4DL","440.00","0.00","",
"Alexander Dennis Ltd (aftermarket)..","18T JF","PR26 7TZ","WN8 9QB","240.00","0.00","",
"Alexander Dennis Ltd (aftermarket)..","18T JF","PR26 7TZ","YO11 3BY","650.00","0.00","",
"Alexander Dennis Ltd (aftermarket)..","18T JF","S25 4DL","FK5 4RU","925.00","0.00","",
"Alexander Dennis Ltd (aftermarket)..","18T JF","S25 4DL","GU14 6FF","625.00","0.00","",
"Alexander Dennis Ltd (aftermarket)..","18T JF","S25 4DL","PR26 7TZ","525.00","0.00","",
"Alexander Dennis Ltd (aftermarket)..","18T JF","S25 4DL","WN8 9QB","525.00","0.00","",
"Alexander Dennis Ltd (aftermarket)..","18T JF","S25 4DL","YO11 3BY","550.00","0.00","",
"Alexander Dennis Ltd (aftermarket)..","18T JF","WN8 9QB","FK5 4RU","625.00","0.00","",
"Alexander Dennis Ltd (aftermarket)..","18T JF","WN8 9QB","GU14 6FF","625.00","0.00","",
"Alexander Dennis Ltd (aftermarket)..","18T JF","WN8 9QB","PR26 7TZ","240.00","0.00","",
"Alexander Dennis Ltd (aftermarket)..","18T JF","WN8 9QB","S25 4DL","440.00","0.00","",
"Alexander Dennis Ltd (aftermarket)..","18T JF","WN8 9QB","YO11 3BY","650.00","0.00","",
"Alexander Dennis Ltd (aftermarket)..","18T JF","YO11 3BY","FK5 4RU","875.00","0.00","",
"Alexander Dennis Ltd (aftermarket)..","18T JF","YO11 3BY","GU14 6FF","885.00","0.00","",
"Alexander Dennis Ltd (aftermarket)..","18T JF","YO11 3BY","PR26 7TZ","715.00","0.00","",
"Alexander Dennis Ltd (aftermarket)..","18T JF","YO11 3BY","S25 4DL","550.00","0.00","",
"Alexander Dennis Ltd (aftermarket)..","18T JF","YO11 3BY","WN8 9QB","715.00","0.00","",
"Alexander Dennis Ltd (aftermarket)..","26T AD","FK5 4RU","GU14 6FF","1,175.00","0.00","",
"Alexander Dennis Ltd (aftermarket)..","26T AD","FK5 4RU","PR26 7TZ","650.00","0.00","",
"Alexander Dennis Ltd (aftermarket)..","26T AD","FK5 4RU","S25 4DL","750.00","0.00","",
"Alexander Dennis Ltd (aftermarket)..","26T AD","FK5 4RU","WN8 9QB","650.00","0.00","",
"Alexander Dennis Ltd (aftermarket)..","26T AD","FK5 4RU","YO11 3BY","695.00","0.00","",
"Alexander Dennis Ltd (aftermarket)..","26T AD","GU14 6FF","FK5 4RU","1,300.00","0.00","",
"Alexander Dennis Ltd (aftermarket)..","26T AD","GU14 6FF","PR26 7TZ","650.00","0.00","",
"Alexander Dennis Ltd (aftermarket)..","26T AD","GU14 6FF","S25 4DL","610.00","0.00","",
"Alexander Dennis Ltd (aftermarket)..","26T AD","GU14 6FF","WN8 9QB","650.00","0.00","",
"Alexander Dennis Ltd (aftermarket)..","26T AD","GU14 6FF","YO11 3BY","880.00","0.00","",
"Alexander Dennis Ltd (aftermarket)..","26T AD","PR26 7TZ","FK5 4RU","675.00","0.00","",
"Alexander Dennis Ltd (aftermarket)..","26T AD","PR26 7TZ","GU14 6FF","675.00","0.00","",
"Alexander Dennis Ltd (aftermarket)..","26T AD","PR26 7TZ","S25 4DL","460.00","0.00","",
"Alexander Dennis Ltd (aftermarket)..","26T AD","PR26 7TZ","WN8 9QB","280.00","0.00","",
"Alexander Dennis Ltd (aftermarket)..","26T AD","PR26 7TZ","YO11 3BY","685.00","0.00","",
"Alexander Dennis Ltd (aftermarket)..","26T AD","S25 4DL","FK5 4RU","950.00","0.00","",
"Alexander Dennis Ltd (aftermarket)..","26T AD","S25 4DL","GU14 6FF","650.00","0.00","",
"Alexander Dennis Ltd (aftermarket)..","26T AD","S25 4DL","PR26 7TZ","540.00","0.00","",
"Alexander Dennis Ltd (aftermarket)..","26T AD","S25 4DL","WN8 9QB","540.00","0.00","",
"Alexander Dennis Ltd (aftermarket)..","26T AD","S25 4DL","YO11 3BY","575.00","0.00","",
"Alexander Dennis Ltd (aftermarket)..","26T AD","WN8 9QB","FK5 4RU","675.00","0.00","",
"Alexander Dennis Ltd (aftermarket)..","26T AD","WN8 9QB","GU14 6FF","675.00","0.00","",
"Alexander Dennis Ltd (aftermarket)..","26T AD","WN8 9QB","PR26 7TZ","280.00","0.00","",
"Alexander Dennis Ltd (aftermarket)..","26T AD","WN8 9QB","S25 4DL","460.00","0.00","",
"Alexander Dennis Ltd (aftermarket)..","26T AD","WN8 9QB","YO11 3BY","685.00","0.00","",
"Alexander Dennis Ltd (aftermarket)..","26T AD","YO11 3BY","FK5 4RU","900.00","0.00","",
"Alexander Dennis Ltd (aftermarket)..","26T AD","YO11 3BY","GU14 6FF","900.00","0.00","",
"Alexander Dennis Ltd (aftermarket)..","26T AD","YO11 3BY","PR26 7TZ","730.00","0.00","",
"Alexander Dennis Ltd (aftermarket)..","26T AD","YO11 3BY","S25 4DL","600.00","0.00","",
"Alexander Dennis Ltd (aftermarket)..","26T AD","YO11 3BY","WN8 9QB","730.00","0.00","",
"Alexander Dennis Ltd (aftermarket)..","7.5T JF","FK5 4RU","GU14 6FF","975.00","0.00","",
"Alexander Dennis Ltd (aftermarket)..","7.5T JF","FK5 4RU","PR26 7TZ","550.00","0.00","",
"Alexander Dennis Ltd (aftermarket)..","7.5T JF","FK5 4RU","S25 4DL","610.00","0.00","",
"Alexander Dennis Ltd (aftermarket)..","7.5T JF","FK5 4RU","WN8 9QB","550.00","0.00","",
"Alexander Dennis Ltd (aftermarket)..","7.5T JF","FK5 4RU","YO11 3BY","565.00","0.00","",
"Alexander Dennis Ltd (aftermarket)..","7.5T JF","GU14 6FF","FK5 4RU","1,115.00","0.00","",
"Alexander Dennis Ltd (aftermarket)..","7.5T JF","GU14 6FF","PR26 7TZ","550.00","0.00","",
"Alexander Dennis Ltd (aftermarket)..","7.5T JF","GU14 6FF","S25 4DL","520.00","0.00","",
"Alexander Dennis Ltd (aftermarket)..","7.5T JF","GU14 6FF","WN8 9QB","550.00","0.00","",
"Alexander Dennis Ltd (aftermarket)..","7.5T JF","GU14 6FF","YO11 3BY","740.00","0.00","",
"Alexander Dennis Ltd (aftermarket)..","7.5T JF","PR26 7TZ","FK5 4RU","575.00","0.00","",
"Alexander Dennis Ltd (aftermarket)..","7.5T JF","PR26 7TZ","GU14 6FF","575.00","0.00","",
"Alexander Dennis Ltd (aftermarket)..","7.5T JF","PR26 7TZ","S25 4DL","355.00","0.00","",
"Alexander Dennis Ltd (aftermarket)..","7.5T JF","PR26 7TZ","WN8 9QB","225.00","0.00","",
"Alexander Dennis Ltd (aftermarket)..","7.5T JF","PR26 7TZ","YO11 3BY","560.00","0.00","",
"Alexander Dennis Ltd (aftermarket)..","7.5T JF","S25 4DL","FK5 4RU","895.00","0.00","",
"Alexander Dennis Ltd (aftermarket)..","7.5T JF","S25 4DL","GU14 6FF","565.00","0.00","",
"Alexander Dennis Ltd (aftermarket)..","7.5T JF","S25 4DL","PR26 7TZ","430.00","0.00","",
"Alexander Dennis Ltd (aftermarket)..","7.5T JF","S25 4DL","WN8 9QB","430.00","0.00","",
"Alexander Dennis Ltd (aftermarket)..","7.5T JF","S25 4DL","YO11 3BY","485.00","0.00","",
"Alexander Dennis Ltd (aftermarket)..","7.5T JF","WN8 9QB","FK5 4RU","575.00","0.00","",
"Alexander Dennis Ltd (aftermarket)..","7.5T JF","WN8 9QB","GU14 6FF","575.00","0.00","",
"Alexander Dennis Ltd (aftermarket)..","7.5T JF","WN8 9QB","PR26 7TZ","225.00","0.00","",
"Alexander Dennis Ltd (aftermarket)..","7.5T JF","WN8 9QB","S25 4DL","355.00","0.00","",
"Alexander Dennis Ltd (aftermarket)..","7.5T JF","WN8 9QB","YO11 3BY","560.00","0.00","",
"Alexander Dennis Ltd (aftermarket)..","7.5T JF","YO11 3BY","FK5 4RU","830.00","0.00","",
"Alexander Dennis Ltd (aftermarket)..","7.5T JF","YO11 3BY","GU14 6FF","850.00","0.00","",
"Alexander Dennis Ltd (aftermarket)..","7.5T JF","YO11 3BY","PR26 7TZ","615.00","0.00","",
"Alexander Dennis Ltd (aftermarket)..","7.5T JF","YO11 3BY","S25 4DL","495.00","0.00","",
"Alexander Dennis Ltd (aftermarket)..","7.5T JF","YO11 3BY","WN8 9QB","615.00","0.00","",
"Alexander Dennis Ltd (aftermarket)..","ADR LWB","FK5 4RU","GU14 6FF","520.00","0.00","",
"Alexander Dennis Ltd (aftermarket)..","ADR LWB","FK5 4RU","PR26 7TZ","255.00","0.00","",
"Alexander Dennis Ltd (aftermarket)..","ADR LWB","FK5 4RU","S25 4DL","335.00","0.00","",
"Alexander Dennis Ltd (aftermarket)..","ADR LWB","FK5 4RU","WN8 9QB","255.00","0.00","",
"Alexander Dennis Ltd (aftermarket)..","ADR LWB","FK5 4RU","YO11 3BY","340.00","0.00","",
"Alexander Dennis Ltd (aftermarket)..","ADR LWB","GU14 6FF","FK5 4RU","520.00","0.00","",
"Alexander Dennis Ltd (aftermarket)..","ADR LWB","GU14 6FF","PR26 7TZ","265.00","0.00","",
"Alexander Dennis Ltd (aftermarket)..","ADR LWB","GU14 6FF","S25 4DL","225.00","0.00","",
"Alexander Dennis Ltd (aftermarket)..","ADR LWB","GU14 6FF","WN8 9QB","255.00","0.00","",
"Alexander Dennis Ltd (aftermarket)..","ADR LWB","GU14 6FF","YO11 3BY","335.00","0.00","",
"Alexander Dennis Ltd (aftermarket)..","ADR LWB","PR26 7TZ","FK5 4RU","255.00","0.00","",
"Alexander Dennis Ltd (aftermarket)..","ADR LWB","PR26 7TZ","GU14 6FF","255.00","0.00","",
"Alexander Dennis Ltd (aftermarket)..","ADR LWB","PR26 7TZ","S25 4DL","125.00","0.00","",
"Alexander Dennis Ltd (aftermarket)..","ADR LWB","PR26 7TZ","WN8 9QB","50.00","0.00","",
"Alexander Dennis Ltd (aftermarket)..","ADR LWB","PR26 7TZ","YO11 3BY","210.00","0.00","",
"Alexander Dennis Ltd (aftermarket)..","ADR LWB","S25 4DL","FK5 4RU","350.00","0.00","",
"Alexander Dennis Ltd (aftermarket)..","ADR LWB","S25 4DL","GU14 6FF","225.00","0.00","",
"Alexander Dennis Ltd (aftermarket)..","ADR LWB","S25 4DL","PR26 7TZ","125.00","0.00","",
"Alexander Dennis Ltd (aftermarket)..","ADR LWB","S25 4DL","WN8 9QB","125.00","0.00","",
"Alexander Dennis Ltd (aftermarket)..","ADR LWB","S25 4DL","YO11 3BY","125.00","0.00","",
"Alexander Dennis Ltd (aftermarket)..","ADR LWB","WN8 9QB","FK5 4RU","255.00","0.00","",
"Alexander Dennis Ltd (aftermarket)..","ADR LWB","WN8 9QB","GU14 6FF","255.00","0.00","",
"Alexander Dennis Ltd (aftermarket)..","ADR LWB","WN8 9QB","PR26 7TZ","50.00","0.00","",
"Alexander Dennis Ltd (aftermarket)..","ADR LWB","WN8 9QB","S25 4DL","125.00","0.00","",
"Alexander Dennis Ltd (aftermarket)..","ADR LWB","WN8 9QB","YO11 3BY","210.00","0.00","",
"Alexander Dennis Ltd (aftermarket)..","ADR LWB","YO11 3BY","FK5 4RU","340.00","0.00","",
"Alexander Dennis Ltd (aftermarket)..","ADR LWB","YO11 3BY","GU14 6FF","335.00","0.00","",
"Alexander Dennis Ltd (aftermarket)..","ADR LWB","YO11 3BY","PR26 7TZ","210.00","0.00","",
"Alexander Dennis Ltd (aftermarket)..","ADR LWB","YO11 3BY","S25 4DL","125.00","0.00","",
"Alexander Dennis Ltd (aftermarket)..","ADR LWB","YO11 3BY","WN8 9QB","210.00","0.00","",
"Alexander Dennis Ltd (aftermarket)..","Artic JF","FK5 4RU","GU14 6FF","1,200.00","0.00","",
"Alexander Dennis Ltd (aftermarket)..","Artic JF","FK5 4RU","PR26 7TZ","695.00","0.00","",
"Alexander Dennis Ltd (aftermarket)..","Artic JF","FK5 4RU","S25 4DL","775.00","0.00","",
"Alexander Dennis Ltd (aftermarket)..","Artic JF","FK5 4RU","WN8 9QB","695.00","0.00","",
"Alexander Dennis Ltd (aftermarket)..","Artic JF","FK5 4RU","YO11 3BY","725.00","0.00","",
"Alexander Dennis Ltd (aftermarket)..","Artic JF","GU14 6FF","FK5 4RU","1,350.00","0.00","",
"Alexander Dennis Ltd (aftermarket)..","Artic JF","GU14 6FF","PR26 7TZ","695.00","0.00","",
"Alexander Dennis Ltd (aftermarket)..","Artic JF","GU14 6FF","S25 4DL","620.00","0.00","",
"Alexander Dennis Ltd (aftermarket)..","Artic JF","GU14 6FF","WN8 9QB","695.00","0.00","",
"Alexander Dennis Ltd (aftermarket)..","Artic JF","GU14 6FF","YO11 3BY","895.00","0.00","",
"Alexander Dennis Ltd (aftermarket)..","Artic JF","PR26 7TZ","FK5 4RU","725.00","0.00","",
"Alexander Dennis Ltd (aftermarket)..","Artic JF","PR26 7TZ","GU14 6FF","725.00","0.00","",
"Alexander Dennis Ltd (aftermarket)..","Artic JF","PR26 7TZ","S25 4DL","480.00","0.00","",
"Alexander Dennis Ltd (aftermarket)..","Artic JF","PR26 7TZ","WN8 9QB","300.00","0.00","",
"Alexander Dennis Ltd (aftermarket)..","Artic JF","PR26 7TZ","YO11 3BY","695.00","0.00","",
"Alexander Dennis Ltd (aftermarket)..","Artic JF","S25 4DL","FK5 4RU","970.00","0.00","",
"Alexander Dennis Ltd (aftermarket)..","Artic JF","S25 4DL","GU14 6FF","685.00","0.00","",
"Alexander Dennis Ltd (aftermarket)..","Artic JF","S25 4DL","PR26 7TZ","550.00","0.00","",
"Alexander Dennis Ltd (aftermarket)..","Artic JF","S25 4DL","WN8 9QB","550.00","0.00","",
"Alexander Dennis Ltd (aftermarket)..","Artic JF","S25 4DL","YO11 3BY","595.00","0.00","",
"Alexander Dennis Ltd (aftermarket)..","Artic JF","WN8 9QB","FK5 4RU","725.00","0.00","",
"Alexander Dennis Ltd (aftermarket)..","Artic JF","WN8 9QB","GU14 6FF","725.00","0.00","",
"Alexander Dennis Ltd (aftermarket)..","Artic JF","WN8 9QB","PR26 7TZ","300.00","0.00","",
"Alexander Dennis Ltd (aftermarket)..","Artic JF","WN8 9QB","S25 4DL","480.00","0.00","",
"Alexander Dennis Ltd (aftermarket)..","Artic JF","WN8 9QB","YO11 3BY","695.00","0.00","",
"Alexander Dennis Ltd (aftermarket)..","Artic JF","YO11 3BY","FK5 4RU","925.00","0.00","",
"Alexander Dennis Ltd (aftermarket)..","Artic JF","YO11 3BY","GU14 6FF","925.00","0.00","",
"Alexander Dennis Ltd (aftermarket)..","Artic JF","YO11 3BY","PR26 7TZ","750.00","0.00","",
"Alexander Dennis Ltd (aftermarket)..","Artic JF","YO11 3BY","S25 4DL","625.00","0.00","",
"Alexander Dennis Ltd (aftermarket)..","Artic JF","YO11 3BY","WN8 9QB","750.00","0.00","",
"Alexander Dennis Ltd (aftermarket)..","LUTON AD","FK5 4RU","GU14 6FF","685.00","0.00","",
"Alexander Dennis Ltd (aftermarket)..","LUTON AD","FK5 4RU","PR26 7TZ","360.00","0.00","",
"Alexander Dennis Ltd (aftermarket)..","LUTON AD","FK5 4RU","S25 4DL","455.00","0.00","",
"Alexander Dennis Ltd (aftermarket)..","LUTON AD","FK5 4RU","WN8 9QB","360.00","0.00","",
"Alexander Dennis Ltd (aftermarket)..","LUTON AD","FK5 4RU","YO11 3BY","450.00","0.00","",
"Alexander Dennis Ltd (aftermarket)..","LUTON AD","GU14 6FF","FK5 4RU","685.00","0.00","",
"Alexander Dennis Ltd (aftermarket)..","LUTON AD","GU14 6FF","PR26 7TZ","370.00","0.00","",
"Alexander Dennis Ltd (aftermarket)..","LUTON AD","GU14 6FF","S25 4DL","330.00","0.00","",
"Alexander Dennis Ltd (aftermarket)..","LUTON AD","GU14 6FF","WN8 9QB","360.00","0.00","",
"Alexander Dennis Ltd (aftermarket)..","LUTON AD","GU14 6FF","YO11 3BY","450.00","0.00","",
"Alexander Dennis Ltd (aftermarket)..","LUTON AD","PR26 7TZ","FK5 4RU","360.00","0.00","",
"Alexander Dennis Ltd (aftermarket)..","LUTON AD","PR26 7TZ","GU14 6FF","360.00","0.00","",
"Alexander Dennis Ltd (aftermarket)..","LUTON AD","PR26 7TZ","S25 4DL","195.00","0.00","",
"Alexander Dennis Ltd (aftermarket)..","LUTON AD","PR26 7TZ","WN8 9QB","95.00","0.00","",
"Alexander Dennis Ltd (aftermarket)..","LUTON AD","PR26 7TZ","YO11 3BY","295.00","0.00","",
"Alexander Dennis Ltd (aftermarket)..","LUTON AD","S25 4DL","FK5 4RU","480.00","0.00","",
"Alexander Dennis Ltd (aftermarket)..","LUTON AD","S25 4DL","GU14 6FF","330.00","0.00","",
"Alexander Dennis Ltd (aftermarket)..","LUTON AD","S25 4DL","PR26 7TZ","195.00","0.00","",
"Alexander Dennis Ltd (aftermarket)..","LUTON AD","S25 4DL","WN8 9QB","195.00","0.00","",
"Alexander Dennis Ltd (aftermarket)..","LUTON AD","S25 4DL","YO11 3BY","195.00","0.00","",
"Alexander Dennis Ltd (aftermarket)..","LUTON AD","WN8 9QB","FK5 4RU","360.00","0.00","",
"Alexander Dennis Ltd (aftermarket)..","LUTON AD","WN8 9QB","GU14 6FF","360.00","0.00","",
"Alexander Dennis Ltd (aftermarket)..","LUTON AD","WN8 9QB","PR26 7TZ","95.00","0.00","",
"Alexander Dennis Ltd (aftermarket)..","LUTON AD","WN8 9QB","S25 4DL","195.00","0.00","",
"Alexander Dennis Ltd (aftermarket)..","LUTON AD","WN8 9QB","YO11 3BY","295.00","0.00","",
"Alexander Dennis Ltd (aftermarket)..","LUTON AD","YO11 3BY","FK5 4RU","450.00","0.00","",
"Alexander Dennis Ltd (aftermarket)..","LUTON AD","YO11 3BY","GU14 6FF","450.00","0.00","",
"Alexander Dennis Ltd (aftermarket)..","LUTON AD","YO11 3BY","PR26 7TZ","295.00","0.00","",
"Alexander Dennis Ltd (aftermarket)..","LUTON AD","YO11 3BY","S25 4DL","195.00","0.00","",
"Alexander Dennis Ltd (aftermarket)..","LUTON AD","YO11 3BY","WN8 9QB","295.00","0.00","",
"Alexander Dennis Ltd (aftermarket)..","Small Van AD","FK5 4RU","GU14 6FF","390.00","0.00","",
"Alexander Dennis Ltd (aftermarket)..","Small Van AD","FK5 4RU","PR26 7TZ","190.00","0.00","",
"Alexander Dennis Ltd (aftermarket)..","Small Van AD","FK5 4RU","S25 4DL","250.00","0.00","",
"Alexander Dennis Ltd (aftermarket)..","Small Van AD","FK5 4RU","WN8 9QB","190.00","0.00","",
"Alexander Dennis Ltd (aftermarket)..","Small Van AD","FK5 4RU","YO11 3BY","255.00","0.00","",
"Alexander Dennis Ltd (aftermarket)..","Small Van AD","GU14 6FF","FK5 4RU","390.00","0.00","",
"Alexander Dennis Ltd (aftermarket)..","Small Van AD","GU14 6FF","PR26 7TZ","200.00","0.00","",
"Alexander Dennis Ltd (aftermarket)..","Small Van AD","GU14 6FF","S25 4DL","175.00","0.00","",
"Alexander Dennis Ltd (aftermarket)..","Small Van AD","GU14 6FF","WN8 9QB","190.00","0.00","",
"Alexander Dennis Ltd (aftermarket)..","Small Van AD","GU14 6FF","YO11 3BY","245.00","0.00","",
"Alexander Dennis Ltd (aftermarket)..","Small Van AD","PR26 7TZ","FK5 4RU","190.00","0.00","",
"Alexander Dennis Ltd (aftermarket)..","Small Van AD","PR26 7TZ","GU14 6FF","190.00","0.00","",
"Alexander Dennis Ltd (aftermarket)..","Small Van AD","PR26 7TZ","S25 4DL","95.00","0.00","",
"Alexander Dennis Ltd (aftermarket)..","Small Van AD","PR26 7TZ","WN8 9QB","40.00","0.00","",
"Alexander Dennis Ltd (aftermarket)..","Small Van AD","PR26 7TZ","YO11 3BY","160.00","0.00","",
"Alexander Dennis Ltd (aftermarket)..","Small Van AD","S25 4DL","FK5 4RU","270.00","0.00","",
"Alexander Dennis Ltd (aftermarket)..","Small Van AD","S25 4DL","GU14 6FF","175.00","0.00","",
"Alexander Dennis Ltd (aftermarket)..","Small Van AD","S25 4DL","PR26 7TZ","95.00","0.00","",
"Alexander Dennis Ltd (aftermarket)..","Small Van AD","S25 4DL","WN8 9QB","95.00","0.00","",
"Alexander Dennis Ltd (aftermarket)..","Small Van AD","S25 4DL","YO11 3BY","95.00","0.00","",
"Alexander Dennis Ltd (aftermarket)..","Small Van AD","WN8 9QB","FK5 4RU","190.00","0.00","",
"Alexander Dennis Ltd (aftermarket)..","Small Van AD","WN8 9QB","GU14 6FF","190.00","0.00","",
"Alexander Dennis Ltd (aftermarket)..","Small Van AD","WN8 9QB","PR26 7TZ","40.00","0.00","",
"Alexander Dennis Ltd (aftermarket)..","Small Van AD","WN8 9QB","S25 4DL","95.00","0.00","",
"Alexander Dennis Ltd (aftermarket)..","Small Van AD","WN8 9QB","YO11 3BY","160.00","0.00","",
"Alexander Dennis Ltd (aftermarket)..","Small Van AD","YO11 3BY","FK5 4RU","255.00","0.00","",
"Alexander Dennis Ltd (aftermarket)..","Small Van AD","YO11 3BY","GU14 6FF","245.00","0.00","",
"Alexander Dennis Ltd (aftermarket)..","Small Van AD","YO11 3BY","PR26 7TZ","160.00","0.00","",
"Alexander Dennis Ltd (aftermarket)..","Small Van AD","YO11 3BY","S25 4DL","95.00","0.00","",
"Alexander Dennis Ltd (aftermarket)..","Small Van AD","YO11 3BY","WN8 9QB","160.00","0.00","",
"Alexander Dennis Ltd (aftermarket)..","SWB AD","FK5 4RU","GU14 6FF","435.00","0.00","",
"Alexander Dennis Ltd (aftermarket)..","SWB AD","FK5 4RU","PR26 7TZ","220.00","0.00","",
"Alexander Dennis Ltd (aftermarket)..","SWB AD","FK5 4RU","S25 4DL","280.00","0.00","",
"Alexander Dennis Ltd (aftermarket)..","SWB AD","FK5 4RU","WN8 9QB","220.00","0.00","",
"Alexander Dennis Ltd (aftermarket)..","SWB AD","FK5 4RU","YO11 3BY","290.00","0.00","",
"Alexander Dennis Ltd (aftermarket)..","SWB AD","GU14 6FF","FK5 4RU","435.00","0.00","",
"Alexander Dennis Ltd (aftermarket)..","SWB AD","GU14 6FF","PR26 7TZ","230.00","0.00","",
"Alexander Dennis Ltd (aftermarket)..","SWB AD","GU14 6FF","S25 4DL","200.00","0.00","",
"Alexander Dennis Ltd (aftermarket)..","SWB AD","GU14 6FF","WN8 9QB","220.00","0.00","",
"Alexander Dennis Ltd (aftermarket)..","SWB AD","GU14 6FF","YO11 3BY","285.00","0.00","",
"Alexander Dennis Ltd (aftermarket)..","SWB AD","PR26 7TZ","FK5 4RU","220.00","0.00","",
"Alexander Dennis Ltd (aftermarket)..","SWB AD","PR26 7TZ","GU14 6FF","220.00","0.00","",
"Alexander Dennis Ltd (aftermarket)..","SWB AD","PR26 7TZ","S25 4DL","115.00","0.00","",
"Alexander Dennis Ltd (aftermarket)..","SWB AD","PR26 7TZ","WN8 9QB","45.00","0.00","",
"Alexander Dennis Ltd (aftermarket)..","SWB AD","PR26 7TZ","YO11 3BY","180.00","0.00","",
"Alexander Dennis Ltd (aftermarket)..","SWB AD","S25 4DL","FK5 4RU","295.00","0.00","",
"Alexander Dennis Ltd (aftermarket)..","SWB AD","S25 4DL","GU14 6FF","200.00","0.00","",
"Alexander Dennis Ltd (aftermarket)..","SWB AD","S25 4DL","PR26 7TZ","115.00","0.00","",
"Alexander Dennis Ltd (aftermarket)..","SWB AD","S25 4DL","WN8 9QB","115.00","0.00","",
"Alexander Dennis Ltd (aftermarket)..","SWB AD","S25 4DL","YO11 3BY","115.00","0.00","",
"Alexander Dennis Ltd (aftermarket)..","SWB AD","WN8 9QB","FK5 4RU","220.00","0.00","",
"Alexander Dennis Ltd (aftermarket)..","SWB AD","WN8 9QB","GU14 6FF","220.00","0.00","",
"Alexander Dennis Ltd (aftermarket)..","SWB AD","WN8 9QB","PR26 7TZ","45.00","0.00","",
"Alexander Dennis Ltd (aftermarket)..","SWB AD","WN8 9QB","S25 4DL","115.00","0.00","",
"Alexander Dennis Ltd (aftermarket)..","SWB AD","WN8 9QB","YO11 3BY","180.00","0.00","",
"Alexander Dennis Ltd (aftermarket)..","SWB AD","YO11 3BY","FK5 4RU","290.00","0.00","",
"Alexander Dennis Ltd (aftermarket)..","SWB AD","YO11 3BY","GU14 6FF","285.00","0.00","",
"Alexander Dennis Ltd (aftermarket)..","SWB AD","YO11 3BY","PR26 7TZ","180.00","0.00","",
"Alexander Dennis Ltd (aftermarket)..","SWB AD","YO11 3BY","S25 4DL","115.00","0.00","",
"Alexander Dennis Ltd (aftermarket)..","SWB AD","YO11 3BY","WN8 9QB","180.00","0.00","",
"Alexander Dennis Ltd (aftermarket)..","XLWB AD","FK5 4RU","GU14 6FF","585.00","0.00","",
"Alexander Dennis Ltd (aftermarket)..","XLWB AD","FK5 4RU","PR26 7TZ","285.00","0.00","",
"Alexander Dennis Ltd (aftermarket)..","XLWB AD","FK5 4RU","S25 4DL","370.00","0.00","",
"Alexander Dennis Ltd (aftermarket)..","XLWB AD","FK5 4RU","WN8 9QB","285.00","0.00","",
"Alexander Dennis Ltd (aftermarket)..","XLWB AD","FK5 4RU","YO11 3BY","375.00","0.00","",
"Alexander Dennis Ltd (aftermarket)..","XLWB AD","GU14 6FF","FK5 4RU","585.00","0.00","",
"Alexander Dennis Ltd (aftermarket)..","XLWB AD","GU14 6FF","PR26 7TZ","295.00","0.00","",
"Alexander Dennis Ltd (aftermarket)..","XLWB AD","GU14 6FF","S25 4DL","250.00","0.00","",
"Alexander Dennis Ltd (aftermarket)..","XLWB AD","GU14 6FF","WN8 9QB","285.00","0.00","",
"Alexander Dennis Ltd (aftermarket)..","XLWB AD","GU14 6FF","YO11 3BY","375.00","0.00","",
"Alexander Dennis Ltd (aftermarket)..","XLWB AD","PR26 7TZ","FK5 4RU","285.00","0.00","",
"Alexander Dennis Ltd (aftermarket)..","XLWB AD","PR26 7TZ","GU14 6FF","285.00","0.00","",
"Alexander Dennis Ltd (aftermarket)..","XLWB AD","PR26 7TZ","S25 4DL","135.00","0.00","",
"Alexander Dennis Ltd (aftermarket)..","XLWB AD","PR26 7TZ","WN8 9QB","55.00","0.00","",
"Alexander Dennis Ltd (aftermarket)..","XLWB AD","PR26 7TZ","YO11 3BY","225.00","0.00","",
"Alexander Dennis Ltd (aftermarket)..","XLWB AD","S25 4DL","FK5 4RU","395.00","0.00","",
"Alexander Dennis Ltd (aftermarket)..","XLWB AD","S25 4DL","GU14 6FF","250.00","0.00","",
"Alexander Dennis Ltd (aftermarket)..","XLWB AD","S25 4DL","PR26 7TZ","135.00","0.00","",
"Alexander Dennis Ltd (aftermarket)..","XLWB AD","S25 4DL","WN8 9QB","135.00","0.00","",
"Alexander Dennis Ltd (aftermarket)..","XLWB AD","S25 4DL","YO11 3BY","135.00","0.00","",
"Alexander Dennis Ltd (aftermarket)..","XLWB AD","WN8 9QB","FK5 4RU","285.00","0.00","",
"Alexander Dennis Ltd (aftermarket)..","XLWB AD","WN8 9QB","GU14 6FF","285.00","0.00","",
"Alexander Dennis Ltd (aftermarket)..","XLWB AD","WN8 9QB","PR26 7TZ","55.00","0.00","",
"Alexander Dennis Ltd (aftermarket)..","XLWB AD","WN8 9QB","S25 4DL","135.00","0.00","",
"Alexander Dennis Ltd (aftermarket)..","XLWB AD","WN8 9QB","YO11 3BY","225.00","0.00","",
"Alexander Dennis Ltd (aftermarket)..","XLWB AD","YO11 3BY","FK5 4RU","375.00","0.00","",
"Alexander Dennis Ltd (aftermarket)..","XLWB AD","YO11 3BY","GU14 6FF","375.00","0.00","",
"Alexander Dennis Ltd (aftermarket)..","XLWB AD","YO11 3BY","PR26 7TZ","225.00","0.00","",
"Alexander Dennis Ltd (aftermarket)..","XLWB AD","YO11 3BY","S25 4DL","135.00","0.00","",
"Alexander Dennis Ltd (aftermarket)..","XLWB AD","YO11 3BY","WN8 9QB","225.00","0.00","",
"Alexander Dennis Ltd (manufacturing)..","18T JF","FK5 4RU","GU14 6FF","1,150.00","0.00","",
"Alexander Dennis Ltd (manufacturing)..","18T JF","FK5 4RU","PR26 7TZ","595.00","0.00","",
"Alexander Dennis Ltd (manufacturing)..","18T JF","FK5 4RU","S25 4DL","725.00","0.00","",
"Alexander Dennis Ltd (manufacturing)..","18T JF","FK5 4RU","WN8 9QB","595.00","0.00","",
"Alexander Dennis Ltd (manufacturing)..","18T JF","FK5 4RU","YO11 3BY","675.00","0.00","",
"Alexander Dennis Ltd (manufacturing)..","18T JF","GU14 6FF","FK5 4RU","1,250.00","0.00","",
"Alexander Dennis Ltd (manufacturing)..","18T JF","GU14 6FF","PR26 7TZ","595.00","0.00","",
"Alexander Dennis Ltd (manufacturing)..","18T JF","GU14 6FF","S25 4DL","595.00","0.00","",
"Alexander Dennis Ltd (manufacturing)..","18T JF","GU14 6FF","WN8 9QB","595.00","0.00","",
"Alexander Dennis Ltd (manufacturing)..","18T JF","GU14 6FF","YO11 3BY","865.00","0.00","",
"Alexander Dennis Ltd (manufacturing)..","18T JF","PR26 7TZ","FK5 4RU","625.00","0.00","",
"Alexander Dennis Ltd (manufacturing)..","18T JF","PR26 7TZ","GU14 6FF","625.00","0.00","",
"Alexander Dennis Ltd (manufacturing)..","18T JF","PR26 7TZ","S25 4DL","440.00","0.00","",
"Alexander Dennis Ltd (manufacturing)..","18T JF","PR26 7TZ","WN8 9QB","240.00","0.00","",
"Alexander Dennis Ltd (manufacturing)..","18T JF","PR26 7TZ","YO11 3BY","650.00","0.00","",
"Alexander Dennis Ltd (manufacturing)..","18T JF","S25 4DL","FK5 4RU","925.00","0.00","",
"Alexander Dennis Ltd (manufacturing)..","18T JF","S25 4DL","GU14 6FF","625.00","0.00","",
"Alexander Dennis Ltd (manufacturing)..","18T JF","S25 4DL","PR26 7TZ","525.00","0.00","",
"Alexander Dennis Ltd (manufacturing)..","18T JF","S25 4DL","WN8 9QB","525.00","0.00","",
"Alexander Dennis Ltd (manufacturing)..","18T JF","S25 4DL","YO11 3BY","550.00","0.00","",
"Alexander Dennis Ltd (manufacturing)..","18T JF","WN8 9QB","FK5 4RU","625.00","0.00","",
"Alexander Dennis Ltd (manufacturing)..","18T JF","WN8 9QB","GU14 6FF","625.00","0.00","",
"Alexander Dennis Ltd (manufacturing)..","18T JF","WN8 9QB","PR26 7TZ","240.00","0.00","",
"Alexander Dennis Ltd (manufacturing)..","18T JF","WN8 9QB","S25 4DL","440.00","0.00","",
"Alexander Dennis Ltd (manufacturing)..","18T JF","WN8 9QB","YO11 3BY","650.00","0.00","",
"Alexander Dennis Ltd (manufacturing)..","18T JF","YO11 3BY","FK5 4RU","875.00","0.00","",
"Alexander Dennis Ltd (manufacturing)..","18T JF","YO11 3BY","GU14 6FF","885.00","0.00","",
"Alexander Dennis Ltd (manufacturing)..","18T JF","YO11 3BY","PR26 7TZ","715.00","0.00","",
"Alexander Dennis Ltd (manufacturing)..","18T JF","YO11 3BY","S25 4DL","550.00","0.00","",
"Alexander Dennis Ltd (manufacturing)..","18T JF","YO11 3BY","WN8 9QB","715.00","0.00","",
"Alexander Dennis Ltd (manufacturing)..","26T AD","FK5 4RU","GU14 6FF","1,175.00","0.00","",
"Alexander Dennis Ltd (manufacturing)..","26T AD","FK5 4RU","PR26 7TZ","650.00","0.00","",
"Alexander Dennis Ltd (manufacturing)..","26T AD","FK5 4RU","S25 4DL","750.00","0.00","",
"Alexander Dennis Ltd (manufacturing)..","26T AD","FK5 4RU","WN8 9QB","650.00","0.00","",
"Alexander Dennis Ltd (manufacturing)..","26T AD","FK5 4RU","YO11 3BY","695.00","0.00","",
"Alexander Dennis Ltd (manufacturing)..","26T AD","GU14 6FF","FK5 4RU","1,300.00","0.00","",
"Alexander Dennis Ltd (manufacturing)..","26T AD","GU14 6FF","PR26 7TZ","650.00","0.00","",
"Alexander Dennis Ltd (manufacturing)..","26T AD","GU14 6FF","S25 4DL","610.00","0.00","",
"Alexander Dennis Ltd (manufacturing)..","26T AD","GU14 6FF","WN8 9QB","650.00","0.00","",
"Alexander Dennis Ltd (manufacturing)..","26T AD","GU14 6FF","YO11 3BY","880.00","0.00","",
"Alexander Dennis Ltd (manufacturing)..","26T AD","PR26 7TZ","FK5 4RU","675.00","0.00","",
"Alexander Dennis Ltd (manufacturing)..","26T AD","PR26 7TZ","GU14 6FF","675.00","0.00","",
"Alexander Dennis Ltd (manufacturing)..","26T AD","PR26 7TZ","S25 4DL","460.00","0.00","",
"Alexander Dennis Ltd (manufacturing)..","26T AD","PR26 7TZ","WN8 9QB","280.00","0.00","",
"Alexander Dennis Ltd (manufacturing)..","26T AD","PR26 7TZ","YO11 3BY","685.00","0.00","",
"Alexander Dennis Ltd (manufacturing)..","26T AD","S25 4DL","FK5 4RU","950.00","0.00","",
"Alexander Dennis Ltd (manufacturing)..","26T AD","S25 4DL","GU14 6FF","650.00","0.00","",
"Alexander Dennis Ltd (manufacturing)..","26T AD","S25 4DL","PR26 7TZ","540.00","0.00","",
"Alexander Dennis Ltd (manufacturing)..","26T AD","S25 4DL","WN8 9QB","540.00","0.00","",
"Alexander Dennis Ltd (manufacturing)..","26T AD","S25 4DL","YO11 3BY","575.00","0.00","",
"Alexander Dennis Ltd (manufacturing)..","26T AD","WN8 9QB","FK5 4RU","675.00","0.00","",
"Alexander Dennis Ltd (manufacturing)..","26T AD","WN8 9QB","GU14 6FF","675.00","0.00","",
"Alexander Dennis Ltd (manufacturing)..","26T AD","WN8 9QB","PR26 7TZ","280.00","0.00","",
"Alexander Dennis Ltd (manufacturing)..","26T AD","WN8 9QB","S25 4DL","460.00","0.00","",
"Alexander Dennis Ltd (manufacturing)..","26T AD","WN8 9QB","YO11 3BY","685.00","0.00","",
"Alexander Dennis Ltd (manufacturing)..","26T AD","YO11 3BY","FK5 4RU","900.00","0.00","",
"Alexander Dennis Ltd (manufacturing)..","26T AD","YO11 3BY","GU14 6FF","900.00","0.00","",
"Alexander Dennis Ltd (manufacturing)..","26T AD","YO11 3BY","PR26 7TZ","730.00","0.00","",
"Alexander Dennis Ltd (manufacturing)..","26T AD","YO11 3BY","S25 4DL","600.00","0.00","",
"Alexander Dennis Ltd (manufacturing)..","26T AD","YO11 3BY","WN8 9QB","730.00","0.00","",
"Alexander Dennis Ltd (manufacturing)..","7.5T JF","FK5 4RU","GU14 6FF","975.00","0.00","",
"Alexander Dennis Ltd (manufacturing)..","7.5T JF","FK5 4RU","PR26 7TZ","550.00","0.00","",
"Alexander Dennis Ltd (manufacturing)..","7.5T JF","FK5 4RU","S25 4DL","610.00","0.00","",
"Alexander Dennis Ltd (manufacturing)..","7.5T JF","FK5 4RU","WN8 9QB","550.00","0.00","",
"Alexander Dennis Ltd (manufacturing)..","7.5T JF","FK5 4RU","YO11 3BY","565.00","0.00","",
"Alexander Dennis Ltd (manufacturing)..","7.5T JF","GU14 6FF","FK5 4RU","1,115.00","0.00","",
"Alexander Dennis Ltd (manufacturing)..","7.5T JF","GU14 6FF","PR26 7TZ","550.00","0.00","",
"Alexander Dennis Ltd (manufacturing)..","7.5T JF","GU14 6FF","S25 4DL","520.00","0.00","",
"Alexander Dennis Ltd (manufacturing)..","7.5T JF","GU14 6FF","WN8 9QB","550.00","0.00","",
"Alexander Dennis Ltd (manufacturing)..","7.5T JF","GU14 6FF","YO11 3BY","740.00","0.00","",
"Alexander Dennis Ltd (manufacturing)..","7.5T JF","PR26 7TZ","FK5 4RU","575.00","0.00","",
"Alexander Dennis Ltd (manufacturing)..","7.5T JF","PR26 7TZ","GU14 6FF","575.00","0.00","",
"Alexander Dennis Ltd (manufacturing)..","7.5T JF","PR26 7TZ","S25 4DL","355.00","0.00","",
"Alexander Dennis Ltd (manufacturing)..","7.5T JF","PR26 7TZ","WN8 9QB","225.00","0.00","",
"Alexander Dennis Ltd (manufacturing)..","7.5T JF","PR26 7TZ","YO11 3BY","560.00","0.00","",
"Alexander Dennis Ltd (manufacturing)..","7.5T JF","S25 4DL","FK5 4RU","895.00","0.00","",
"Alexander Dennis Ltd (manufacturing)..","7.5T JF","S25 4DL","GU14 6FF","565.00","0.00","",
"Alexander Dennis Ltd (manufacturing)..","7.5T JF","S25 4DL","PR26 7TZ","430.00","0.00","",
"Alexander Dennis Ltd (manufacturing)..","7.5T JF","S25 4DL","WN8 9QB","430.00","0.00","",
"Alexander Dennis Ltd (manufacturing)..","7.5T JF","S25 4DL","YO11 3BY","485.00","0.00","",
"Alexander Dennis Ltd (manufacturing)..","7.5T JF","WN8 9QB","FK5 4RU","575.00","0.00","",
"Alexander Dennis Ltd (manufacturing)..","7.5T JF","WN8 9QB","GU14 6FF","575.00","0.00","",
"Alexander Dennis Ltd (manufacturing)..","7.5T JF","WN8 9QB","PR26 7TZ","225.00","0.00","",
"Alexander Dennis Ltd (manufacturing)..","7.5T JF","WN8 9QB","S25 4DL","355.00","0.00","",
"Alexander Dennis Ltd (manufacturing)..","7.5T JF","WN8 9QB","YO11 3BY","560.00","0.00","",
"Alexander Dennis Ltd (manufacturing)..","7.5T JF","YO11 3BY","FK5 4RU","830.00","0.00","",
"Alexander Dennis Ltd (manufacturing)..","7.5T JF","YO11 3BY","GU14 6FF","850.00","0.00","",
"Alexander Dennis Ltd (manufacturing)..","7.5T JF","YO11 3BY","PR26 7TZ","615.00","0.00","",
"Alexander Dennis Ltd (manufacturing)..","7.5T JF","YO11 3BY","S25 4DL","495.00","0.00","",
"Alexander Dennis Ltd (manufacturing)..","7.5T JF","YO11 3BY","WN8 9QB","615.00","0.00","",
"Alexander Dennis Ltd (manufacturing)..","ADR LWB","FK5 4RU","GU14 6FF","520.00","0.00","",
"Alexander Dennis Ltd (manufacturing)..","ADR LWB","FK5 4RU","PR26 7TZ","255.00","0.00","",
"Alexander Dennis Ltd (manufacturing)..","ADR LWB","FK5 4RU","S25 4DL","335.00","0.00","",
"Alexander Dennis Ltd (manufacturing)..","ADR LWB","FK5 4RU","WN8 9QB","255.00","0.00","",
"Alexander Dennis Ltd (manufacturing)..","ADR LWB","FK5 4RU","YO11 3BY","340.00","0.00","",
"Alexander Dennis Ltd (manufacturing)..","ADR LWB","GU14 6FF","FK5 4RU","520.00","0.00","",
"Alexander Dennis Ltd (manufacturing)..","ADR LWB","GU14 6FF","PR26 7TZ","265.00","0.00","",
"Alexander Dennis Ltd (manufacturing)..","ADR LWB","GU14 6FF","S25 4DL","225.00","0.00","",
"Alexander Dennis Ltd (manufacturing)..","ADR LWB","GU14 6FF","WN8 9QB","255.00","0.00","",
"Alexander Dennis Ltd (manufacturing)..","ADR LWB","GU14 6FF","YO11 3BY","335.00","0.00","",
"Alexander Dennis Ltd (manufacturing)..","ADR LWB","PR26 7TZ","FK5 4RU","255.00","0.00","",
"Alexander Dennis Ltd (manufacturing)..","ADR LWB","PR26 7TZ","GU14 6FF","255.00","0.00","",
"Alexander Dennis Ltd (manufacturing)..","ADR LWB","PR26 7TZ","S25 4DL","125.00","0.00","",
"Alexander Dennis Ltd (manufacturing)..","ADR LWB","PR26 7TZ","WN8 9QB","50.00","0.00","",
"Alexander Dennis Ltd (manufacturing)..","ADR LWB","PR26 7TZ","YO11 3BY","210.00","0.00","",
"Alexander Dennis Ltd (manufacturing)..","ADR LWB","S25 4DL","FK5 4RU","350.00","0.00","",
"Alexander Dennis Ltd (manufacturing)..","ADR LWB","S25 4DL","GU14 6FF","225.00","0.00","",
"Alexander Dennis Ltd (manufacturing)..","ADR LWB","S25 4DL","PR26 7TZ","125.00","0.00","",
"Alexander Dennis Ltd (manufacturing)..","ADR LWB","S25 4DL","WN8 9QB","125.00","0.00","",
"Alexander Dennis Ltd (manufacturing)..","ADR LWB","S25 4DL","YO11 3BY","125.00","0.00","",
"Alexander Dennis Ltd (manufacturing)..","ADR LWB","WN8 9QB","FK5 4RU","255.00","0.00","",
"Alexander Dennis Ltd (manufacturing)..","ADR LWB","WN8 9QB","GU14 6FF","255.00","0.00","",
"Alexander Dennis Ltd (manufacturing)..","ADR LWB","WN8 9QB","PR26 7TZ","50.00","0.00","",
"Alexander Dennis Ltd (manufacturing)..","ADR LWB","WN8 9QB","S25 4DL","125.00","0.00","",
"Alexander Dennis Ltd (manufacturing)..","ADR LWB","WN8 9QB","YO11 3BY","210.00","0.00","",
"Alexander Dennis Ltd (manufacturing)..","ADR LWB","YO11 3BY","FK5 4RU","340.00","0.00","",
"Alexander Dennis Ltd (manufacturing)..","ADR LWB","YO11 3BY","GU14 6FF","335.00","0.00","",
"Alexander Dennis Ltd (manufacturing)..","ADR LWB","YO11 3BY","PR26 7TZ","210.00","0.00","",
"Alexander Dennis Ltd (manufacturing)..","ADR LWB","YO11 3BY","S25 4DL","125.00","0.00","",
"Alexander Dennis Ltd (manufacturing)..","ADR LWB","YO11 3BY","WN8 9QB","210.00","0.00","",
"Alexander Dennis Ltd (manufacturing)..","Artic JF","FK5 4RU","GU14 6FF","1,200.00","0.00","",
"Alexander Dennis Ltd (manufacturing)..","Artic JF","FK5 4RU","PR26 7TZ","695.00","0.00","",
"Alexander Dennis Ltd (manufacturing)..","Artic JF","FK5 4RU","S25 4DL","775.00","0.00","",
"Alexander Dennis Ltd (manufacturing)..","Artic JF","FK5 4RU","WN8 9QB","695.00","0.00","",
"Alexander Dennis Ltd (manufacturing)..","Artic JF","FK5 4RU","YO11 3BY","725.00","0.00","",
"Alexander Dennis Ltd (manufacturing)..","Artic JF","GU14 6FF","FK5 4RU","1,350.00","0.00","",
"Alexander Dennis Ltd (manufacturing)..","Artic JF","GU14 6FF","PR26 7TZ","695.00","0.00","",
"Alexander Dennis Ltd (manufacturing)..","Artic JF","GU14 6FF","S25 4DL","620.00","0.00","",
"Alexander Dennis Ltd (manufacturing)..","Artic JF","GU14 6FF","WN8 9QB","695.00","0.00","",
"Alexander Dennis Ltd (manufacturing)..","Artic JF","GU14 6FF","YO11 3BY","895.00","0.00","",
"Alexander Dennis Ltd (manufacturing)..","Artic JF","PR26 7TZ","FK5 4RU","725.00","0.00","",
"Alexander Dennis Ltd (manufacturing)..","Artic JF","PR26 7TZ","GU14 6FF","725.00","0.00","",
"Alexander Dennis Ltd (manufacturing)..","Artic JF","PR26 7TZ","S25 4DL","480.00","0.00","",
"Alexander Dennis Ltd (manufacturing)..","Artic JF","PR26 7TZ","WN8 9QB","300.00","0.00","",
"Alexander Dennis Ltd (manufacturing)..","Artic JF","PR26 7TZ","YO11 3BY","695.00","0.00","",
"Alexander Dennis Ltd (manufacturing)..","Artic JF","S25 4DL","FK5 4RU","970.00","0.00","",
"Alexander Dennis Ltd (manufacturing)..","Artic JF","S25 4DL","GU14 6FF","685.00","0.00","",
"Alexander Dennis Ltd (manufacturing)..","Artic JF","S25 4DL","PR26 7TZ","550.00","0.00","",
"Alexander Dennis Ltd (manufacturing)..","Artic JF","S25 4DL","WN8 9QB","550.00","0.00","",
"Alexander Dennis Ltd (manufacturing)..","Artic JF","S25 4DL","YO11 3BY","595.00","0.00","",
"Alexander Dennis Ltd (manufacturing)..","Artic JF","WN8 9QB","FK5 4RU","725.00","0.00","",
"Alexander Dennis Ltd (manufacturing)..","Artic JF","WN8 9QB","GU14 6FF","725.00","0.00","",
"Alexander Dennis Ltd (manufacturing)..","Artic JF","WN8 9QB","PR26 7TZ","300.00","0.00","",
"Alexander Dennis Ltd (manufacturing)..","Artic JF","WN8 9QB","S25 4DL","480.00","0.00","",
"Alexander Dennis Ltd (manufacturing)..","Artic JF","WN8 9QB","YO11 3BY","695.00","0.00","",
"Alexander Dennis Ltd (manufacturing)..","Artic JF","YO11 3BY","FK5 4RU","925.00","0.00","",
"Alexander Dennis Ltd (manufacturing)..","Artic JF","YO11 3BY","GU14 6FF","925.00","0.00","",
"Alexander Dennis Ltd (manufacturing)..","Artic JF","YO11 3BY","PR26 7TZ","750.00","0.00","",
"Alexander Dennis Ltd (manufacturing)..","Artic JF","YO11 3BY","S25 4DL","625.00","0.00","",
"Alexander Dennis Ltd (manufacturing)..","Artic JF","YO11 3BY","WN8 9QB","750.00","0.00","",
"Alexander Dennis Ltd (manufacturing)..","LUTON AD","FK5 4RU","GU14 6FF","685.00","0.00","",
"Alexander Dennis Ltd (manufacturing)..","LUTON AD","FK5 4RU","PR26 7TZ","360.00","0.00","",
"Alexander Dennis Ltd (manufacturing)..","LUTON AD","FK5 4RU","S25 4DL","455.00","0.00","",
"Alexander Dennis Ltd (manufacturing)..","LUTON AD","FK5 4RU","WN8 9QB","360.00","0.00","",
"Alexander Dennis Ltd (manufacturing)..","LUTON AD","FK5 4RU","YO11 3BY","450.00","0.00","",
"Alexander Dennis Ltd (manufacturing)..","LUTON AD","GU14 6FF","FK5 4RU","685.00","0.00","",
"Alexander Dennis Ltd (manufacturing)..","LUTON AD","GU14 6FF","PR26 7TZ","370.00","0.00","",
"Alexander Dennis Ltd (manufacturing)..","LUTON AD","GU14 6FF","S25 4DL","330.00","0.00","",
"Alexander Dennis Ltd (manufacturing)..","LUTON AD","GU14 6FF","WN8 9QB","360.00","0.00","",
"Alexander Dennis Ltd (manufacturing)..","LUTON AD","GU14 6FF","YO11 3BY","450.00","0.00","",
"Alexander Dennis Ltd (manufacturing)..","LUTON AD","PR26 7TZ","FK5 4RU","360.00","0.00","",
"Alexander Dennis Ltd (manufacturing)..","LUTON AD","PR26 7TZ","GU14 6FF","360.00","0.00","",
"Alexander Dennis Ltd (manufacturing)..","LUTON AD","PR26 7TZ","S25 4DL","195.00","0.00","",
"Alexander Dennis Ltd (manufacturing)..","LUTON AD","PR26 7TZ","WN8 9QB","95.00","0.00","",
"Alexander Dennis Ltd (manufacturing)..","LUTON AD","PR26 7TZ","YO11 3BY","295.00","0.00","",
"Alexander Dennis Ltd (manufacturing)..","LUTON AD","S25 4DL","FK5 4RU","480.00","0.00","",
"Alexander Dennis Ltd (manufacturing)..","LUTON AD","S25 4DL","GU14 6FF","330.00","0.00","",
"Alexander Dennis Ltd (manufacturing)..","LUTON AD","S25 4DL","PR26 7TZ","195.00","0.00","",
"Alexander Dennis Ltd (manufacturing)..","LUTON AD","S25 4DL","WN8 9QB","195.00","0.00","",
"Alexander Dennis Ltd (manufacturing)..","LUTON AD","S25 4DL","YO11 3BY","195.00","0.00","",
"Alexander Dennis Ltd (manufacturing)..","LUTON AD","WN8 9QB","FK5 4RU","360.00","0.00","",
"Alexander Dennis Ltd (manufacturing)..","LUTON AD","WN8 9QB","GU14 6FF","360.00","0.00","",
"Alexander Dennis Ltd (manufacturing)..","LUTON AD","WN8 9QB","PR26 7TZ","95.00","0.00","",
"Alexander Dennis Ltd (manufacturing)..","LUTON AD","WN8 9QB","S25 4DL","195.00","0.00","",
"Alexander Dennis Ltd (manufacturing)..","LUTON AD","WN8 9QB","YO11 3BY","295.00","0.00","",
"Alexander Dennis Ltd (manufacturing)..","LUTON AD","YO11 3BY","FK5 4RU","450.00","0.00","",
"Alexander Dennis Ltd (manufacturing)..","LUTON AD","YO11 3BY","GU14 6FF","450.00","0.00","",
"Alexander Dennis Ltd (manufacturing)..","LUTON AD","YO11 3BY","PR26 7TZ","295.00","0.00","",
"Alexander Dennis Ltd (manufacturing)..","LUTON AD","YO11 3BY","S25 4DL","195.00","0.00","",
"Alexander Dennis Ltd (manufacturing)..","LUTON AD","YO11 3BY","WN8 9QB","295.00","0.00","",
"Alexander Dennis Ltd (manufacturing)..","Small Van AD","FK5 4RU","GU14 6FF","390.00","0.00","",
"Alexander Dennis Ltd (manufacturing)..","Small Van AD","FK5 4RU","PR26 7TZ","190.00","0.00","",
"Alexander Dennis Ltd (manufacturing)..","Small Van AD","FK5 4RU","S25 4DL","250.00","0.00","",
"Alexander Dennis Ltd (manufacturing)..","Small Van AD","FK5 4RU","WN8 9QB","190.00","0.00","",
"Alexander Dennis Ltd (manufacturing)..","Small Van AD","FK5 4RU","YO11 3BY","255.00","0.00","",
"Alexander Dennis Ltd (manufacturing)..","Small Van AD","GU14 6FF","FK5 4RU","390.00","0.00","",
"Alexander Dennis Ltd (manufacturing)..","Small Van AD","GU14 6FF","PR26 7TZ","200.00","0.00","",
"Alexander Dennis Ltd (manufacturing)..","Small Van AD","GU14 6FF","S25 4DL","175.00","0.00","",
"Alexander Dennis Ltd (manufacturing)..","Small Van AD","GU14 6FF","WN8 9QB","190.00","0.00","",
"Alexander Dennis Ltd (manufacturing)..","Small Van AD","GU14 6FF","YO11 3BY","245.00","0.00","",
"Alexander Dennis Ltd (manufacturing)..","Small Van AD","PR26 7TZ","FK5 4RU","190.00","0.00","",
"Alexander Dennis Ltd (manufacturing)..","Small Van AD","PR26 7TZ","GU14 6FF","190.00","0.00","",
"Alexander Dennis Ltd (manufacturing)..","Small Van AD","PR26 7TZ","S25 4DL","95.00","0.00","",
"Alexander Dennis Ltd (manufacturing)..","Small Van AD","PR26 7TZ","WN8 9QB","40.00","0.00","",
"Alexander Dennis Ltd (manufacturing)..","Small Van AD","PR26 7TZ","YO11 3BY","160.00","0.00","",
"Alexander Dennis Ltd (manufacturing)..","Small Van AD","S25 4DL","FK5 4RU","270.00","0.00","",
"Alexander Dennis Ltd (manufacturing)..","Small Van AD","S25 4DL","GU14 6FF","175.00","0.00","",
"Alexander Dennis Ltd (manufacturing)..","Small Van AD","S25 4DL","PR26 7TZ","95.00","0.00","",
"Alexander Dennis Ltd (manufacturing)..","Small Van AD","S25 4DL","WN8 9QB","95.00","0.00","",
"Alexander Dennis Ltd (manufacturing)..","Small Van AD","S25 4DL","YO11 3BY","95.00","0.00","",
"Alexander Dennis Ltd (manufacturing)..","Small Van AD","WN8 9QB","FK5 4RU","190.00","0.00","",
"Alexander Dennis Ltd (manufacturing)..","Small Van AD","WN8 9QB","GU14 6FF","190.00","0.00","",
"Alexander Dennis Ltd (manufacturing)..","Small Van AD","WN8 9QB","PR26 7TZ","40.00","0.00","",
"Alexander Dennis Ltd (manufacturing)..","Small Van AD","WN8 9QB","S25 4DL","95.00","0.00","",
"Alexander Dennis Ltd (manufacturing)..","Small Van AD","WN8 9QB","YO11 3BY","160.00","0.00","",
"Alexander Dennis Ltd (manufacturing)..","Small Van AD","YO11 3BY","FK5 4RU","255.00","0.00","",
"Alexander Dennis Ltd (manufacturing)..","Small Van AD","YO11 3BY","GU14 6FF","245.00","0.00","",
"Alexander Dennis Ltd (manufacturing)..","Small Van AD","YO11 3BY","PR26 7TZ","160.00","0.00","",
"Alexander Dennis Ltd (manufacturing)..","Small Van AD","YO11 3BY","S25 4DL","95.00","0.00","",
"Alexander Dennis Ltd (manufacturing)..","Small Van AD","YO11 3BY","WN8 9QB","160.00","0.00","",
"Alexander Dennis Ltd (manufacturing)..","SWB AD","FK5 4RU","GU14 6FF","435.00","0.00","",
"Alexander Dennis Ltd (manufacturing)..","SWB AD","FK5 4RU","PR26 7TZ","220.00","0.00","",
"Alexander Dennis Ltd (manufacturing)..","SWB AD","FK5 4RU","S25 4DL","280.00","0.00","",
"Alexander Dennis Ltd (manufacturing)..","SWB AD","FK5 4RU","WN8 9QB","220.00","0.00","",
"Alexander Dennis Ltd (manufacturing)..","SWB AD","FK5 4RU","YO11 3BY","290.00","0.00","",
"Alexander Dennis Ltd (manufacturing)..","SWB AD","GU14 6FF","FK5 4RU","435.00","0.00","",
"Alexander Dennis Ltd (manufacturing)..","SWB AD","GU14 6FF","PR26 7TZ","230.00","0.00","",
"Alexander Dennis Ltd (manufacturing)..","SWB AD","GU14 6FF","S25 4DL","200.00","0.00","",
"Alexander Dennis Ltd (manufacturing)..","SWB AD","GU14 6FF","WN8 9QB","220.00","0.00","",
"Alexander Dennis Ltd (manufacturing)..","SWB AD","GU14 6FF","YO11 3BY","285.00","0.00","",
"Alexander Dennis Ltd (manufacturing)..","SWB AD","PR26 7TZ","FK5 4RU","220.00","0.00","",
"Alexander Dennis Ltd (manufacturing)..","SWB AD","PR26 7TZ","GU14 6FF","220.00","0.00","",
"Alexander Dennis Ltd (manufacturing)..","SWB AD","PR26 7TZ","S25 4DL","115.00","0.00","",
"Alexander Dennis Ltd (manufacturing)..","SWB AD","PR26 7TZ","WN8 9QB","45.00","0.00","",
"Alexander Dennis Ltd (manufacturing)..","SWB AD","PR26 7TZ","YO11 3BY","180.00","0.00","",
"Alexander Dennis Ltd (manufacturing)..","SWB AD","S25 4DL","FK5 4RU","295.00","0.00","",
"Alexander Dennis Ltd (manufacturing)..","SWB AD","S25 4DL","GU14 6FF","200.00","0.00","",
"Alexander Dennis Ltd (manufacturing)..","SWB AD","S25 4DL","PR26 7TZ","115.00","0.00","",
"Alexander Dennis Ltd (manufacturing)..","SWB AD","S25 4DL","WN8 9QB","115.00","0.00","",
"Alexander Dennis Ltd (manufacturing)..","SWB AD","S25 4DL","YO11 3BY","115.00","0.00","",
"Alexander Dennis Ltd (manufacturing)..","SWB AD","WN8 9QB","FK5 4RU","220.00","0.00","",
"Alexander Dennis Ltd (manufacturing)..","SWB AD","WN8 9QB","GU14 6FF","220.00","0.00","",
"Alexander Dennis Ltd (manufacturing)..","SWB AD","WN8 9QB","PR26 7TZ","45.00","0.00","",
"Alexander Dennis Ltd (manufacturing)..","SWB AD","WN8 9QB","S25 4DL","115.00","0.00","",
"Alexander Dennis Ltd (manufacturing)..","SWB AD","WN8 9QB","YO11 3BY","180.00","0.00","",
"Alexander Dennis Ltd (manufacturing)..","SWB AD","YO11 3BY","FK5 4RU","290.00","0.00","",
"Alexander Dennis Ltd (manufacturing)..","SWB AD","YO11 3BY","GU14 6FF","285.00","0.00","",
"Alexander Dennis Ltd (manufacturing)..","SWB AD","YO11 3BY","PR26 7TZ","180.00","0.00","",
"Alexander Dennis Ltd (manufacturing)..","SWB AD","YO11 3BY","S25 4DL","115.00","0.00","",
"Alexander Dennis Ltd (manufacturing)..","SWB AD","YO11 3BY","WN8 9QB","180.00","0.00","",
"Alexander Dennis Ltd (manufacturing)..","XLWB AD","FK5 4RU","GU14 6FF","585.00","0.00","",
"Alexander Dennis Ltd (manufacturing)..","XLWB AD","FK5 4RU","PR26 7TZ","285.00","0.00","",
"Alexander Dennis Ltd (manufacturing)..","XLWB AD","FK5 4RU","S25 4DL","370.00","0.00","",
"Alexander Dennis Ltd (manufacturing)..","XLWB AD","FK5 4RU","WN8 9QB","285.00","0.00","",
"Alexander Dennis Ltd (manufacturing)..","XLWB AD","FK5 4RU","YO11 3BY","375.00","0.00","",
"Alexander Dennis Ltd (manufacturing)..","XLWB AD","GU14 6FF","FK5 4RU","585.00","0.00","",
"Alexander Dennis Ltd (manufacturing)..","XLWB AD","GU14 6FF","PR26 7TZ","295.00","0.00","",
"Alexander Dennis Ltd (manufacturing)..","XLWB AD","GU14 6FF","S25 4DL","250.00","0.00","",
"Alexander Dennis Ltd (manufacturing)..","XLWB AD","GU14 6FF","WN8 9QB","285.00","0.00","",
"Alexander Dennis Ltd (manufacturing)..","XLWB AD","GU14 6FF","YO11 3BY","375.00","0.00","",
"Alexander Dennis Ltd (manufacturing)..","XLWB AD","PR26 7TZ","FK5 4RU","285.00","0.00","",
"Alexander Dennis Ltd (manufacturing)..","XLWB AD","PR26 7TZ","GU14 6FF","285.00","0.00","",
"Alexander Dennis Ltd (manufacturing)..","XLWB AD","PR26 7TZ","S25 4DL","135.00","0.00","",
"Alexander Dennis Ltd (manufacturing)..","XLWB AD","PR26 7TZ","WN8 9QB","55.00","0.00","",
"Alexander Dennis Ltd (manufacturing)..","XLWB AD","PR26 7TZ","YO11 3BY","225.00","0.00","",
"Alexander Dennis Ltd (manufacturing)..","XLWB AD","S25 4DL","FK5 4RU","395.00","0.00","",
"Alexander Dennis Ltd (manufacturing)..","XLWB AD","S25 4DL","GU14 6FF","250.00","0.00","",
"Alexander Dennis Ltd (manufacturing)..","XLWB AD","S25 4DL","PR26 7TZ","135.00","0.00","",
"Alexander Dennis Ltd (manufacturing)..","XLWB AD","S25 4DL","WN8 9QB","135.00","0.00","",
"Alexander Dennis Ltd (manufacturing)..","XLWB AD","S25 4DL","YO11 3BY","135.00","0.00","",
"Alexander Dennis Ltd (manufacturing)..","XLWB AD","WN8 9QB","FK5 4RU","285.00","0.00","",
"Alexander Dennis Ltd (manufacturing)..","XLWB AD","WN8 9QB","GU14 6FF","285.00","0.00","",
"Alexander Dennis Ltd (manufacturing)..","XLWB AD","WN8 9QB","PR26 7TZ","55.00","0.00","",
"Alexander Dennis Ltd (manufacturing)..","XLWB AD","WN8 9QB","S25 4DL","135.00","0.00","",
"Alexander Dennis Ltd (manufacturing)..","XLWB AD","WN8 9QB","YO11 3BY","225.00","0.00","",
"Alexander Dennis Ltd (manufacturing)..","XLWB AD","YO11 3BY","FK5 4RU","375.00","0.00","",
"Alexander Dennis Ltd (manufacturing)..","XLWB AD","YO11 3BY","GU14 6FF","375.00","0.00","",
"Alexander Dennis Ltd (manufacturing)..","XLWB AD","YO11 3BY","PR26 7TZ","225.00","0.00","",
"Alexander Dennis Ltd (manufacturing)..","XLWB AD","YO11 3BY","S25 4DL","135.00","0.00","",
"Alexander Dennis Ltd (manufacturing)..","XLWB AD","YO11 3BY","WN8 9QB","225.00","0.00","",
"All Customers","Luton","B90 4QU","BS32 4RX","182.00","0.00","",
"All Customers","Luton","B90 4QU","CF37 5UA","248.00","0.00","",
"All Customers","Luton","B90 4QU","CM20 2DH","294.00","0.00","",
"All Customers","Luton","B90 4QU","CR4 4HR","278.00","0.00","",
"All Customers","Luton","B90 4QU","E6 7FF","265.00","0.00","",
"All Customers","Luton","B90 4QU","HU8 8BZ","294.00","0.00","",
"All Customers","Luton","B90 4QU","L20 8EL","258.00","0.00","",
"All Customers","Luton","B90 4QU","LS12 6BS","265.00","0.00","",
"All Customers","Luton","B90 4QU","M17 1GJ","228.00","0.00","",
"All Customers","Luton","B90 4QU","ME20 7XB","327.00","0.00","",
"All Customers","Luton","B90 4QU","NE11 0JH","403.00","0.00","",
"All Customers","Luton","B90 4QU","PE27 3LE","189.00","0.00","",
"All Customers","Luton","B90 4QU","RG2 0TG","219.00","0.00","",
"All Customers","Luton","B90 4QU","RH10 9PY","294.00","0.00","",
"All Customers","Luton","B90 4QU","S9 5FZ","202.00","0.00","",
"All Customers","Luton","B90 4QU","SE15 1LR","248.00","0.00","",
"All Customers","Luton","B90 4QU","SO15 0LD","265.00","0.00","",
"All Customers","Luton","B90 4QU","TW4 6NF","219.00","0.00","",
"All Customers","Luton","BS32 4RX","B90 4QU","158.00","0.00","",
"All Customers","Luton","BS32 4RX","CM20 2DH","284.00","0.00","",
"All Customers","Luton","BS32 4RX","CR4 4HR","226.00","0.00","",
"All Customers","Luton","BS32 4RX","DE24 8UT","240.00","0.00","",
"All Customers","Luton","BS32 4RX","E6 7FF","284.00","0.00","",
"All Customers","Luton","BS32 4RX","HU8 8BZ","384.00","0.00","",
"All Customers","Luton","BS32 4RX","L20 8EL","318.00","0.00","",
"All Customers","Luton","BS32 4RX","LS12 6BS","350.00","0.00","",
"All Customers","Luton","BS32 4RX","M17 1GJ","292.00","0.00","",
"All Customers","Luton","BS32 4RX","ME20 7XB","284.00","0.00","",
"All Customers","Luton","BS32 4RX","NE11 0JH","486.00","0.00","",
"All Customers","Luton","BS32 4RX","PE27 3LE","284.00","0.00","",
"All Customers","Luton","BS32 4RX","RG2 0TG","188.00","0.00","",
"All Customers","Luton","BS32 4RX","RH10 9PY","246.00","0.00","",
"All Customers","Luton","BS32 4RX","S9 5FZ","300.00","0.00","",
"All Customers","Luton","BS32 4RX","SE15 1LR","224.00","0.00","",
"All Customers","Luton","BS32 4RX","SO15 0LD","202.00","0.00","",
"All Customers","Luton","BS32 4RX","TW4 6NF","202.00","0.00","",
"All Customers","Luton","CF37 5UA","B90 4QU","226.00","0.00","",
"All Customers","Luton","CF37 5UA","CM20 2DH","352.00","0.00","",
"All Customers","Luton","CF37 5UA","CR4 4HR","284.00","0.00","",
"All Customers","Luton","CF37 5UA","DE24 8UT","280.00","0.00","",
"All Customers","Luton","CF37 5UA","E6 7FF","300.00","0.00","",
"All Customers","Luton","CF37 5UA","HU8 8BZ","434.00","0.00","",
"All Customers","Luton","CF37 5UA","L20 8EL","300.00","0.00","",
"All Customers","Luton","CF37 5UA","LS12 6BS","400.00","0.00","",
"All Customers","Luton","CF37 5UA","M17 1GJ","352.00","0.00","",
"All Customers","Luton","CF37 5UA","ME20 7XB","336.00","0.00","",
"All Customers","Luton","CF37 5UA","NE11 0JH","540.00","0.00","",
"All Customers","Luton","CF37 5UA","PE27 3LE","350.00","0.00","",
"All Customers","Luton","CF37 5UA","RG2 0TG","218.00","0.00","",
"All Customers","Luton","CF37 5UA","RH10 9PY","300.00","0.00","",
"All Customers","Luton","CF37 5UA","SE15 1LR","284.00","0.00","",
"All Customers","Luton","CF37 5UA","SO15 0LD","256.00","0.00","",
"All Customers","Luton","CF37 5UA","TW4 6NF","256.00","0.00","",
"All Customers","Luton","CM20 2DH","B90 4QU","285.00","0.00","",
"All Customers","Luton","CM20 2DH","BS32 4RX","327.00","0.00","",
"All Customers","Luton","CM20 2DH","CF37 5UA","366.00","0.00","",
"All Customers","Luton","CM20 2DH","DE24 8UT","285.00","0.00","",
"All Customers","Luton","CM20 2DH","HU8 8BZ","366.00","0.00","",
"All Customers","Luton","CM20 2DH","L20 8EL","442.00","0.00","",
"All Customers","Luton","CM20 2DH","LS12 6BS","386.00","0.00","",
"All Customers","Luton","CM20 2DH","M17 1GJ","421.00","0.00","",
"All Customers","Luton","CM20 2DH","ME20 7XB","159.00","0.00","",
"All Customers","Luton","CM20 2DH","NE11 0JH","518.00","0.00","",
"All Customers","Luton","CM20 2DH","RG2 0TG","207.00","0.00","",
"All Customers","Luton","CM20 2DH","RH10 9PY","179.00","0.00","",
"All Customers","Luton","CM20 2DH","S9 5FZ","327.00","0.00","",
"All Customers","Luton","CM20 2DH","SO15 0LD","258.00","0.00","",
"All Customers","Luton","CR4 4HR","B90 4QU","276.00","0.00","",
"All Customers","Luton","CR4 4HR","BS32 4RX","265.00","0.00","",
"All Customers","Luton","CR4 4HR","CF37 5UA","327.00","0.00","",
"All Customers","Luton","CR4 4HR","DE24 8UT","304.00","0.00","",
"All Customers","Luton","CR4 4HR","HU8 8BZ","481.00","0.00","",
"All Customers","Luton","CR4 4HR","L20 8EL","460.00","0.00","",
"All Customers","Luton","CR4 4HR","LS12 6BS","442.00","0.00","",
"All Customers","Luton","CR4 4HR","M17 1GJ","442.00","0.00","",
"All Customers","Luton","CR4 4HR","NE11 0JH","577.00","0.00","",
"All Customers","Luton","CR4 4HR","PE27 3LE","219.00","0.00","",
"All Customers","Luton","CR4 4HR","S9 5FZ","386.00","0.00","",
"All Customers","Luton","CR4 4HR","SO15 0LD","177.00","0.00","",
"All Customers","Luton","DE24 8UT","B90 4QU","147.00","0.00","",
"All Customers","Luton","DE24 8UT","BS32 4RX","276.00","0.00","",
"All Customers","Luton","DE24 8UT","CF37 5UA","327.00","0.00","",
"All Customers","Luton","DE24 8UT","CM20 2DH","290.00","0.00","",
"All Customers","Luton","DE24 8UT","CR4 4HR","304.00","0.00","",
"All Customers","Luton","DE24 8UT","E6 7FF","299.00","0.00","",
"All Customers","Luton","DE24 8UT","HU8 8BZ","212.00","0.00","",
"All Customers","Luton","DE24 8UT","L20 8EL","216.00","0.00","",
"All Customers","Luton","DE24 8UT","LS12 6BS","214.00","0.00","",
"All Customers","Luton","DE24 8UT","M17 1GJ","189.00","0.00","",
"All Customers","Luton","DE24 8UT","ME20 7XB","345.00","0.00","",
"All Customers","Luton","DE24 8UT","NE11 0JH","327.00","0.00","",
"All Customers","Luton","DE24 8UT","PE27 3LE","209.00","0.00","",
"All Customers","Luton","DE24 8UT","RG2 0TG","299.00","0.00","",
"All Customers","Luton","DE24 8UT","RH10 9PY","327.00","0.00","",
"All Customers","Luton","DE24 8UT","S9 5FZ","131.00","0.00","",
"All Customers","Luton","DE24 8UT","SE15 1LR","274.00","0.00","",
"All Customers","Luton","DE24 8UT","SO15 0LD","345.00","0.00","",
"All Customers","Luton","DE24 8UT","TW4 6NF","317.00","0.00","",
"All Customers","Luton","E6 7FF","B90 4QU","265.00","0.00","",
"All Customers","Luton","E6 7FF","BS32 4RX","327.00","0.00","",
"All Customers","Luton","E6 7FF","CF37 5UA","405.00","0.00","",
"All Customers","Luton","E6 7FF","DE24 8UT","299.00","0.00","",
"All Customers","Luton","E6 7FF","HU8 8BZ","405.00","0.00","",
"All Customers","Luton","E6 7FF","L20 8EL","460.00","0.00","",
"All Customers","Luton","E6 7FF","LS12 6BS","403.00","0.00","",
"All Customers","Luton","E6 7FF","M17 1GJ","421.00","0.00","",
"All Customers","Luton","E6 7FF","NE11 0JH","538.00","0.00","",
"All Customers","Luton","E6 7FF","PE27 3LE","189.00","0.00","",
"All Customers","Luton","E6 7FF","RG2 0TG","179.00","0.00","",
"All Customers","Luton","E6 7FF","S9 5FZ","366.00","0.00","",
"All Customers","Luton","E6 7FF","SO15 0LD","262.00","0.00","",
"All Customers","Luton","HU8 8BZ","B90 4QU","250.00","0.00","",
"All Customers","Luton","HU8 8BZ","BS32 4RX","374.00","0.00","",
"All Customers","Luton","HU8 8BZ","CF37 5UA","423.00","0.00","",
"All Customers","Luton","HU8 8BZ","CM20 2DH","310.00","0.00","",
"All Customers","Luton","HU8 8BZ","CR4 4HR","408.00","0.00","",
"All Customers","Luton","HU8 8BZ","DE24 8UT","179.00","0.00","",
"All Customers","Luton","HU8 8BZ","E6 7FF","343.00","0.00","",
"All Customers","Luton","HU8 8BZ","L20 8EL","232.00","0.00","",
"All Customers","Luton","HU8 8BZ","LS12 6BS","146.00","0.00","",
"All Customers","Luton","HU8 8BZ","M17 1GJ","193.00","0.00","",
"All Customers","Luton","HU8 8BZ","ME20 7XB","374.00","0.00","",
"All Customers","Luton","HU8 8BZ","NE11 0JH","250.00","0.00","",
"All Customers","Luton","HU8 8BZ","PE27 3LE","236.00","0.00","",
"All Customers","Luton","HU8 8BZ","RG2 0TG","357.00","0.00","",
"All Customers","Luton","HU8 8BZ","RH10 9PY","390.00","0.00","",
"All Customers","Luton","HU8 8BZ","SE15 1LR","341.00","0.00","",
"All Customers","Luton","HU8 8BZ","SO15 0LD","408.00","0.00","",
"All Customers","Luton","HU8 8BZ","TW4 6NF","341.00","0.00","",
"All Customers","Luton","L20 8EL","B90 4QU","218.00","0.00","",
"All Customers","Luton","L20 8EL","BS32 4RX","293.00","0.00","",
"All Customers","Luton","L20 8EL","CF37 5UA","293.00","0.00","",
"All Customers","Luton","L20 8EL","CM20 2DH","374.00","0.00","",
"All Customers","Luton","L20 8EL","CR4 4HR","408.00","0.00","",
"All Customers","Luton","L20 8EL","DE24 8UT","183.00","0.00","",
"All Customers","Luton","L20 8EL","E6 7FF","390.00","0.00","",
"All Customers","Luton","L20 8EL","HU8 8BZ","232.00","0.00","",
"All Customers","Luton","L20 8EL","LS12 6BS","174.00","0.00","",
"All Customers","Luton","L20 8EL","ME20 7XB","439.00","0.00","",
"All Customers","Luton","L20 8EL","NE11 0JH","293.00","0.00","",
"All Customers","Luton","L20 8EL","PE27 3LE","310.00","0.00","",
"All Customers","Luton","L20 8EL","RG2 0TG","357.00","0.00","",
"All Customers","Luton","L20 8EL","RH10 9PY","408.00","0.00","",
"All Customers","Luton","L20 8EL","S9 5FZ","199.00","0.00","",
"All Customers","Luton","L20 8EL","SE15 1LR","374.00","0.00","",
"All Customers","Luton","L20 8EL","SO15 0LD","408.00","0.00","",
"All Customers","Luton","L20 8EL","TW4 6NF","357.00","0.00","",
"All Customers","Luton","LS12 6BS","B90 4QU","224.00","0.00","",
"All Customers","Luton","LS12 6BS","BS32 4RX","341.00","0.00","",
"All Customers","Luton","LS12 6BS","CF37 5UA","390.00","0.00","",
"All Customers","Luton","LS12 6BS","CM20 2DH","328.00","0.00","",
"All Customers","Luton","LS12 6BS","CR4 4HR","374.00","0.00","",
"All Customers","Luton","LS12 6BS","DE24 8UT","183.00","0.00","",
"All Customers","Luton","LS12 6BS","E6 7FF","341.00","0.00","",
"All Customers","Luton","LS12 6BS","HU8 8BZ","148.00","0.00","",
"All Customers","Luton","LS12 6BS","L20 8EL","172.00","0.00","",
"All Customers","Luton","LS12 6BS","ME20 7XB","374.00","0.00","",
"All Customers","Luton","LS12 6BS","NE11 0JH","185.00","0.00","",
"All Customers","Luton","LS12 6BS","PE27 3LE","250.00","0.00","",
"All Customers","Luton","LS12 6BS","RG2 0TG","357.00","0.00","",
"All Customers","Luton","LS12 6BS","RH10 9PY","390.00","0.00","",
"All Customers","Luton","LS12 6BS","SE15 1LR","341.00","0.00","",
"All Customers","Luton","LS12 6BS","SO15 0LD","390.00","0.00","",
"All Customers","Luton","LS12 6BS","TW4 6NF","343.00","0.00","",
"All Customers","Luton","M17 1GJ","B90 4QU","191.00","0.00","",
"All Customers","Luton","M17 1GJ","BS32 4RX","277.00","0.00","",
"All Customers","Luton","M17 1GJ","CF37 5UA","328.00","0.00","",
"All Customers","Luton","M17 1GJ","CM20 2DH","357.00","0.00","",
"All Customers","Luton","M17 1GJ","CR4 4HR","374.00","0.00","",
"All Customers","Luton","M17 1GJ","DE24 8UT","160.00","0.00","",
"All Customers","Luton","M17 1GJ","E6 7FF","357.00","0.00","",
"All Customers","Luton","M17 1GJ","HU8 8BZ","195.00","0.00","",
"All Customers","Luton","M17 1GJ","ME20 7XB","408.00","0.00","",
"All Customers","Luton","M17 1GJ","PE27 3LE","293.00","0.00","",
"All Customers","Luton","M17 1GJ","RG2 0TG","341.00","0.00","",
"All Customers","Luton","M17 1GJ","RH10 9PY","390.00","0.00","",
"All Customers","Luton","M17 1GJ","SE15 1LR","357.00","0.00","",
"All Customers","Luton","M17 1GJ","SO15 0LD","374.00","0.00","",
"All Customers","Luton","M17 1GJ","TW4 6NF","341.00","0.00","",
"All Customers","Luton","ME20 7XB","B90 4QU","327.00","0.00","",
"All Customers","Luton","ME20 7XB","BS32 4RX","327.00","0.00","",
"All Customers","Luton","ME20 7XB","CF37 5UA","386.00","0.00","",
"All Customers","Luton","ME20 7XB","DE24 8UT","345.00","0.00","",
"All Customers","Luton","ME20 7XB","HU8 8BZ","442.00","0.00","",
"All Customers","Luton","ME20 7XB","L20 8EL","499.00","0.00","",
"All Customers","Luton","ME20 7XB","LS12 6BS","442.00","0.00","",
"All Customers","Luton","ME20 7XB","M17 1GJ","481.00","0.00","",
"All Customers","Luton","ME20 7XB","NE11 0JH","598.00","0.00","",
"All Customers","Luton","ME20 7XB","PE27 3LE","212.00","0.00","",
"All Customers","Luton","ME20 7XB","RG2 0TG","212.00","0.00","",
"All Customers","Luton","ME20 7XB","S9 5FZ","403.00","0.00","",
"All Customers","Luton","ME20 7XB","SO15 0LD","237.00","0.00","",
"All Customers","Luton","NE11 0JH","B90 4QU","403.00","0.00","",
"All Customers","Luton","NE11 0JH","BS32 4RX","559.00","0.00","",
"All Customers","Luton","NE11 0JH","CF37 5UA","637.00","0.00","",
"All Customers","Luton","NE11 0JH","CM20 2DH","518.00","0.00","",
"All Customers","Luton","NE11 0JH","CR4 4HR","598.00","0.00","",
"All Customers","Luton","NE11 0JH","DE24 8UT","327.00","0.00","",
"All Customers","Luton","NE11 0JH","E6 7FF","559.00","0.00","",
"All Customers","Luton","NE11 0JH","HU8 8BZ","297.00","0.00","",
"All Customers","Luton","NE11 0JH","L20 8EL","345.00","0.00","",
"All Customers","Luton","NE11 0JH","LS12 6BS","216.00","0.00","",
"All Customers","Luton","NE11 0JH","M17 1GJ","299.00","0.00","",
"All Customers","Luton","NE11 0JH","ME20 7XB","598.00","0.00","",
"All Customers","Luton","NE11 0JH","PE27 3LE","421.00","0.00","",
"All Customers","Luton","NE11 0JH","RG2 0TG","577.00","0.00","",
"All Customers","Luton","NE11 0JH","RH10 9PY","621.00","0.00","",
"All Customers","Luton","NE11 0JH","S9 5FZ","274.00","0.00","",
"All Customers","Luton","NE11 0JH","SE15 1LR","559.00","0.00","",
"All Customers","Luton","NE11 0JH","SO15 0LD","637.00","0.00","",
"All Customers","Luton","NE11 0JH","TW4 6NF","559.00","0.00","",
"All Customers","Luton","PE27 3LE","B90 4QU","186.00","0.00","",
"All Customers","Luton","PE27 3LE","BS32 4RX","345.00","0.00","",
"All Customers","Luton","PE27 3LE","CF37 5UA","405.00","0.00","",
"All Customers","Luton","PE27 3LE","CR4 4HR","239.00","0.00","",
"All Customers","Luton","PE27 3LE","DE24 8UT","209.00","0.00","",
"All Customers","Luton","PE27 3LE","HU8 8BZ","278.00","0.00","",
"All Customers","Luton","PE27 3LE","L20 8EL","366.00","0.00","",
"All Customers","Luton","PE27 3LE","LS12 6BS","294.00","0.00","",
"All Customers","Luton","PE27 3LE","M17 1GJ","345.00","0.00","",
"All Customers","Luton","PE27 3LE","ME20 7XB","209.00","0.00","",
"All Customers","Luton","PE27 3LE","NE11 0JH","421.00","0.00","",
"All Customers","Luton","PE27 3LE","RG2 0TG","177.00","0.00","",
"All Customers","Luton","PE27 3LE","RH10 9PY","248.00","0.00","",
"All Customers","Luton","PE27 3LE","S9 5FZ","251.00","0.00","",
"All Customers","Luton","PE27 3LE","SE15 1LR","212.00","0.00","",
"All Customers","Luton","PE27 3LE","SO15 0LD","294.00","0.00","",
"All Customers","Luton","PE27 3LE","TW4 6NF","186.00","0.00","",
"All Customers","Luton","RG2 0TG","B90 4QU","219.00","0.00","",
"All Customers","Luton","RG2 0TG","BS32 4RX","216.00","0.00","",
"All Customers","Luton","RG2 0TG","CF37 5UA","251.00","0.00","",
"All Customers","Luton","RG2 0TG","CM20 2DH","214.00","0.00","",
"All Customers","Luton","RG2 0TG","DE24 8UT","294.00","0.00","",
"All Customers","Luton","RG2 0TG","HU8 8BZ","481.00","0.00","",
"All Customers","Luton","RG2 0TG","L20 8EL","421.00","0.00","",
"All Customers","Luton","RG2 0TG","M17 1GJ","403.00","0.00","",
"All Customers","Luton","RG2 0TG","ME20 7XB","212.00","0.00","",
"All Customers","Luton","RG2 0TG","NE11 0JH","598.00","0.00","",
"All Customers","Luton","RG2 0TG","PE27 3LE","230.00","0.00","",
"All Customers","Luton","RG2 0TG","S9 5FZ","366.00","0.00","",
"All Customers","Luton","RH10 9PY","B90 4QU","290.00","0.00","",
"All Customers","Luton","RH10 9PY","BS32 4RX","285.00","0.00","",
"All Customers","Luton","RH10 9PY","CF37 5UA","366.00","0.00","",
"All Customers","Luton","RH10 9PY","DE24 8UT","336.00","0.00","",
"All Customers","Luton","RH10 9PY","HU8 8BZ","460.00","0.00","",
"All Customers","Luton","RH10 9PY","L20 8EL","499.00","0.00","",
"All Customers","Luton","RH10 9PY","LS12 6BS","460.00","0.00","",
"All Customers","Luton","RH10 9PY","M17 1GJ","559.00","0.00","",
"All Customers","Luton","RH10 9PY","NE11 0JH","621.00","0.00","",
"All Customers","Luton","RH10 9PY","PE27 3LE","242.00","0.00","",
"All Customers","Luton","RH10 9PY","S9 5FZ","442.00","0.00","",
"All Customers","Luton","RH10 9PY","SO15 0LD","207.00","0.00","",
"All Customers","Luton","S9 5FZ","B90 4QU","170.00","0.00","",
"All Customers","Luton","S9 5FZ","BS32 4RX","293.00","0.00","",
"All Customers","Luton","S9 5FZ","CF37 5UA","341.00","0.00","",
"All Customers","Luton","S9 5FZ","CM20 2DH","293.00","0.00","",
"All Customers","Luton","S9 5FZ","CR4 4HR","343.00","0.00","",
"All Customers","Luton","S9 5FZ","E6 7FF","310.00","0.00","",
"All Customers","Luton","S9 5FZ","HU8 8BZ","156.00","0.00","",
"All Customers","Luton","S9 5FZ","L20 8EL","199.00","0.00","",
"All Customers","Luton","S9 5FZ","ME20 7XB","341.00","0.00","",
"All Customers","Luton","S9 5FZ","NE11 0JH","224.00","0.00","",
"All Customers","Luton","S9 5FZ","PE27 3LE","222.00","0.00","",
"All Customers","Luton","S9 5FZ","RG2 0TG","310.00","0.00","",
"All Customers","Luton","S9 5FZ","RH10 9PY","341.00","0.00","",
"All Customers","Luton","S9 5FZ","SE15 1LR","328.00","0.00","",
"All Customers","Luton","S9 5FZ","SO15 0LD","341.00","0.00","",
"All Customers","Luton","S9 5FZ","TW4 6NF","293.00","0.00","",
"All Customers","Luton","SE15 1LR","B90 4QU","253.00","0.00","",
"All Customers","Luton","SE15 1LR","BS32 4RX","265.00","0.00","",
"All Customers","Luton","SE15 1LR","DE24 8UT","278.00","0.00","",
"All Customers","Luton","SE15 1LR","HU8 8BZ","403.00","0.00","",
"All Customers","Luton","SE15 1LR","L20 8EL","442.00","0.00","",
"All Customers","Luton","SE15 1LR","LS12 6BS","403.00","0.00","",
"All Customers","Luton","SE15 1LR","M17 1GJ","403.00","0.00","",
"All Customers","Luton","SE15 1LR","NE11 0JH","559.00","0.00","",
"All Customers","Luton","SE15 1LR","PE27 3LE","212.00","0.00","",
"All Customers","Luton","SE15 1LR","S9 5FZ","366.00","0.00","",
"All Customers","Luton","SE15 1LR","SO15 0LD","191.00","0.00","",
"All Customers","Luton","SO15 0LD","B90 4QU","242.00","0.00","",
"All Customers","Luton","SO15 0LD","BS32 4RX","190.00","0.00","",
"All Customers","Luton","SO15 0LD","CF37 5UA","256.00","0.00","",
"All Customers","Luton","SO15 0LD","CM20 2DH","226.00","0.00","",
"All Customers","Luton","SO15 0LD","CR4 4HR","152.00","0.00","",
"All Customers","Luton","SO15 0LD","DE24 8UT","284.00","0.00","",
"All Customers","Luton","SO15 0LD","E6 7FF","200.00","0.00","",
"All Customers","Luton","SO15 0LD","HU8 8BZ","434.00","0.00","",
"All Customers","Luton","SO15 0LD","L20 8EL","418.00","0.00","",
"All Customers","Luton","SO15 0LD","LS12 6BS","400.00","0.00","",
"All Customers","Luton","SO15 0LD","M17 1GJ","384.00","0.00","",
"All Customers","Luton","SO15 0LD","ME20 7XB","218.00","0.00","",
"All Customers","Luton","SO15 0LD","NE11 0JH","554.00","0.00","",
"All Customers","Luton","SO15 0LD","PE27 3LE","276.00","0.00","",
"All Customers","Luton","SO15 0LD","RH10 9PY","182.00","0.00","",
"All Customers","Luton","SO15 0LD","SE15 1LR","156.00","0.00","",
"All Customers","Luton","SO15 0LD","TW4 6NF","172.00","0.00","",
"All Customers","Luton","TW4 6NF","B90 4QU","225.00","0.00","",
"All Customers","Luton","TW4 6NF","BS32 4RX","230.00","0.00","",
"All Customers","Luton","TW4 6NF","CF37 5UA","299.00","0.00","",
"All Customers","Luton","TW4 6NF","DE24 8UT","271.00","0.00","",
"All Customers","Luton","TW4 6NF","HU8 8BZ","442.00","0.00","",
"All Customers","Luton","TW4 6NF","L20 8EL","421.00","0.00","",
"All Customers","Luton","TW4 6NF","LS12 6BS","403.00","0.00","",
"All Customers","Luton","TW4 6NF","M17 1GJ","403.00","0.00","",
"All Customers","Luton","TW4 6NF","ME20 7XB","175.00","0.00","",
"All Customers","Luton","TW4 6NF","NE11 0JH","559.00","0.00","",
"All Customers","Luton","TW4 6NF","PE27 3LE","216.00","0.00","",
"All Customers","Luton","TW4 6NF","S9 5FZ","345.00","0.00","",
"All Customers","Luton","TW4 6NF","SO15 0LD","198.00","0.00","",
"All Customers","Luton (Depot to Depot)","B90 4QU","BS32 4RX","182.00","0.00","",
"All Customers","Luton (Depot to Depot)","B90 4QU","CF37 5UA","248.00","0.00","",
"All Customers","Luton (Depot to Depot)","B90 4QU","CM20 2DH","294.00","0.00","",
"All Customers","Luton (Depot to Depot)","B90 4QU","CR4 4HR","278.00","0.00","",
"All Customers","Luton (Depot to Depot)","B90 4QU","DE24 8UT","140.00","0.00","",
"All Customers","Luton (Depot to Depot)","B90 4QU","E6 7FF","265.00","0.00","",
"All Customers","Luton (Depot to Depot)","B90 4QU","HU8 8BZ","294.00","0.00","",
"All Customers","Luton (Depot to Depot)","B90 4QU","L20 8EL","258.00","0.00","",
"All Customers","Luton (Depot to Depot)","B90 4QU","LS12 6BS","265.00","0.00","",
"All Customers","Luton (Depot to Depot)","B90 4QU","M17 1GJ","228.00","0.00","",
"All Customers","Luton (Depot to Depot)","B90 4QU","ME20 7XB","327.00","0.00","",
"All Customers","Luton (Depot to Depot)","B90 4QU","NE11 0JH","403.00","0.00","",
"All Customers","Luton (Depot to Depot)","B90 4QU","PE27 3LE","189.00","0.00","",
"All Customers","Luton (Depot to Depot)","B90 4QU","RG2 0TG","219.00","0.00","",
"All Customers","Luton (Depot to Depot)","B90 4QU","RH10 9PY","294.00","0.00","",
"All Customers","Luton (Depot to Depot)","B90 4QU","SE15 1LR","248.00","0.00","",
"All Customers","Luton (Depot to Depot)","B90 4QU","SO15 0LD","265.00","0.00","",
"All Customers","Luton (Depot to Depot)","B90 4QU","TW4 6NF","219.00","0.00","",
"All Customers","Luton (Depot to Depot)","BS32 4RX","B90 4QU","158.00","0.00","",
"All Customers","Luton (Depot to Depot)","BS32 4RX","CF37 5UA","140.00","0.00","",
"All Customers","Luton (Depot to Depot)","BS32 4RX","CM20 2DH","284.00","0.00","",
"All Customers","Luton (Depot to Depot)","BS32 4RX","CR4 4HR","226.00","0.00","",
"All Customers","Luton (Depot to Depot)","BS32 4RX","DE24 8UT","240.00","0.00","",
"All Customers","Luton (Depot to Depot)","BS32 4RX","E6 7FF","284.00","0.00","",
"All Customers","Luton (Depot to Depot)","BS32 4RX","HU8 8BZ","384.00","0.00","",
"All Customers","Luton (Depot to Depot)","BS32 4RX","L20 8EL","318.00","0.00","",
"All Customers","Luton (Depot to Depot)","BS32 4RX","LS12 6BS","350.00","0.00","",
"All Customers","Luton (Depot to Depot)","BS32 4RX","M17 1GJ","292.00","0.00","",
"All Customers","Luton (Depot to Depot)","BS32 4RX","ME20 7XB","284.00","0.00","",
"All Customers","Luton (Depot to Depot)","BS32 4RX","NE11 0JH","486.00","0.00","",
"All Customers","Luton (Depot to Depot)","BS32 4RX","PE27 3LE","284.00","0.00","",
"All Customers","Luton (Depot to Depot)","BS32 4RX","RG2 0TG","188.00","0.00","",
"All Customers","Luton (Depot to Depot)","BS32 4RX","RH10 9PY","246.00","0.00","",
"All Customers","Luton (Depot to Depot)","BS32 4RX","SE15 1LR","224.00","0.00","",
"All Customers","Luton (Depot to Depot)","BS32 4RX","SO15 0LD","202.00","0.00","",
"All Customers","Luton (Depot to Depot)","BS32 4RX","TW4 6NF","202.00","0.00","",
"All Customers","Luton (Depot to Depot)","CF37 5UA","B90 4QU","226.00","0.00","",
"All Customers","Luton (Depot to Depot)","CF37 5UA","BS32 4RX","140.00","0.00","",
"All Customers","Luton (Depot to Depot)","CF37 5UA","CM20 2DH","352.00","0.00","",
"All Customers","Luton (Depot to Depot)","CF37 5UA","CR4 4HR","284.00","0.00","",
"All Customers","Luton (Depot to Depot)","CF37 5UA","DE24 8UT","280.00","0.00","",
"All Customers","Luton (Depot to Depot)","CF37 5UA","E6 7FF","300.00","0.00","",
"All Customers","Luton (Depot to Depot)","CF37 5UA","HU8 8BZ","434.00","0.00","",
"All Customers","Luton (Depot to Depot)","CF37 5UA","L20 8EL","300.00","0.00","",
"All Customers","Luton (Depot to Depot)","CF37 5UA","LS12 6BS","400.00","0.00","",
"All Customers","Luton (Depot to Depot)","CF37 5UA","M17 1GJ","352.00","0.00","",
"All Customers","Luton (Depot to Depot)","CF37 5UA","ME20 7XB","336.00","0.00","",
"All Customers","Luton (Depot to Depot)","CF37 5UA","NE11 0JH","540.00","0.00","",
"All Customers","Luton (Depot to Depot)","CF37 5UA","PE27 3LE","350.00","0.00","",
"All Customers","Luton (Depot to Depot)","CF37 5UA","RG2 0TG","218.00","0.00","",
"All Customers","Luton (Depot to Depot)","CF37 5UA","RH10 9PY","300.00","0.00","",
"All Customers","Luton (Depot to Depot)","CF37 5UA","SE15 1LR","284.00","0.00","",
"All Customers","Luton (Depot to Depot)","CF37 5UA","SO15 0LD","256.00","0.00","",
"All Customers","Luton (Depot to Depot)","CF37 5UA","TW4 6NF","256.00","0.00","",
"All Customers","Luton (Depot to Depot)","CM20 2DH","B90 4QU","285.00","0.00","",
"All Customers","Luton (Depot to Depot)","CM20 2DH","BS32 4RX","327.00","0.00","",
"All Customers","Luton (Depot to Depot)","CM20 2DH","CF37 5UA","366.00","0.00","",
"All Customers","Luton (Depot to Depot)","CM20 2DH","CR4 4HR","140.00","0.00","",
"All Customers","Luton (Depot to Depot)","CM20 2DH","DE24 8UT","285.00","0.00","",
"All Customers","Luton (Depot to Depot)","CM20 2DH","E6 7FF","140.00","0.00","",
"All Customers","Luton (Depot to Depot)","CM20 2DH","HU8 8BZ","366.00","0.00","",
"All Customers","Luton (Depot to Depot)","CM20 2DH","L20 8EL","442.00","0.00","",
"All Customers","Luton (Depot to Depot)","CM20 2DH","LS12 6BS","386.00","0.00","",
"All Customers","Luton (Depot to Depot)","CM20 2DH","M17 1GJ","421.00","0.00","",
"All Customers","Luton (Depot to Depot)","CM20 2DH","ME20 7XB","159.00","0.00","",
"All Customers","Luton (Depot to Depot)","CM20 2DH","NE11 0JH","518.00","0.00","",
"All Customers","Luton (Depot to Depot)","CM20 2DH","PE27 3LE","140.00","0.00","",
"All Customers","Luton (Depot to Depot)","CM20 2DH","RG2 0TG","207.00","0.00","",
"All Customers","Luton (Depot to Depot)","CM20 2DH","RH10 9PY","179.00","0.00","",
"All Customers","Luton (Depot to Depot)","CM20 2DH","SE15 1LR","140.00","0.00","",
"All Customers","Luton (Depot to Depot)","CM20 2DH","SO15 0LD","258.00","0.00","",
"All Customers","Luton (Depot to Depot)","CM20 2DH","TW4 6NF","140.00","0.00","",
"All Customers","Luton (Depot to Depot)","CR4 4HR","B90 4QU","276.00","0.00","",
"All Customers","Luton (Depot to Depot)","CR4 4HR","BS32 4RX","265.00","0.00","",
"All Customers","Luton (Depot to Depot)","CR4 4HR","CF37 5UA","327.00","0.00","",
"All Customers","Luton (Depot to Depot)","CR4 4HR","CM20 2DH","140.00","0.00","",
"All Customers","Luton (Depot to Depot)","CR4 4HR","DE24 8UT","304.00","0.00","",
"All Customers","Luton (Depot to Depot)","CR4 4HR","E6 7FF","140.00","0.00","",
"All Customers","Luton (Depot to Depot)","CR4 4HR","HU8 8BZ","481.00","0.00","",
"All Customers","Luton (Depot to Depot)","CR4 4HR","L20 8EL","460.00","0.00","",
"All Customers","Luton (Depot to Depot)","CR4 4HR","LS12 6BS","442.00","0.00","",
"All Customers","Luton (Depot to Depot)","CR4 4HR","M17 1GJ","442.00","0.00","",
"All Customers","Luton (Depot to Depot)","CR4 4HR","ME20 7XB","140.00","0.00","",
"All Customers","Luton (Depot to Depot)","CR4 4HR","NE11 0JH","577.00","0.00","",
"All Customers","Luton (Depot to Depot)","CR4 4HR","PE27 3LE","219.00","0.00","",
"All Customers","Luton (Depot to Depot)","CR4 4HR","RG2 0TG","140.00","0.00","",
"All Customers","Luton (Depot to Depot)","CR4 4HR","RH10 9PY","140.00","0.00","",
"All Customers","Luton (Depot to Depot)","CR4 4HR","SE15 1LR","140.00","0.00","",
"All Customers","Luton (Depot to Depot)","CR4 4HR","SO15 0LD","177.00","0.00","",
"All Customers","Luton (Depot to Depot)","CR4 4HR","TW4 6NF","140.00","0.00","",
"All Customers","Luton (Depot to Depot)","DE24 8UT","B90 4QU","147.00","0.00","",
"All Customers","Luton (Depot to Depot)","DE24 8UT","BS32 4RX","276.00","0.00","",
"All Customers","Luton (Depot to Depot)","DE24 8UT","CF37 5UA","327.00","0.00","",
"All Customers","Luton (Depot to Depot)","DE24 8UT","CM20 2DH","290.00","0.00","",
"All Customers","Luton (Depot to Depot)","DE24 8UT","CR4 4HR","304.00","0.00","",
"All Customers","Luton (Depot to Depot)","DE24 8UT","E6 7FF","299.00","0.00","",
"All Customers","Luton (Depot to Depot)","DE24 8UT","HU8 8BZ","212.00","0.00","",
"All Customers","Luton (Depot to Depot)","DE24 8UT","L20 8EL","216.00","0.00","",
"All Customers","Luton (Depot to Depot)","DE24 8UT","LS12 6BS","214.00","0.00","",
"All Customers","Luton (Depot to Depot)","DE24 8UT","M17 1GJ","189.00","0.00","",
"All Customers","Luton (Depot to Depot)","DE24 8UT","ME20 7XB","345.00","0.00","",
"All Customers","Luton (Depot to Depot)","DE24 8UT","NE11 0JH","327.00","0.00","",
"All Customers","Luton (Depot to Depot)","DE24 8UT","PE27 3LE","209.00","0.00","",
"All Customers","Luton (Depot to Depot)","DE24 8UT","RG2 0TG","299.00","0.00","",
"All Customers","Luton (Depot to Depot)","DE24 8UT","RH10 9PY","327.00","0.00","",
"All Customers","Luton (Depot to Depot)","DE24 8UT","SE15 1LR","274.00","0.00","",
"All Customers","Luton (Depot to Depot)","DE24 8UT","SO15 0LD","345.00","0.00","",
"All Customers","Luton (Depot to Depot)","DE24 8UT","TW4 6NF","317.00","0.00","",
"All Customers","Luton (Depot to Depot)","E6 7FF","B90 4QU","265.00","0.00","",
"All Customers","Luton (Depot to Depot)","E6 7FF","BS32 4RX","327.00","0.00","",
"All Customers","Luton (Depot to Depot)","E6 7FF","CF37 5UA","405.00","0.00","",
"All Customers","Luton (Depot to Depot)","E6 7FF","CM20 2DH","140.00","0.00","",
"All Customers","Luton (Depot to Depot)","E6 7FF","CR4 4HR","140.00","0.00","",
"All Customers","Luton (Depot to Depot)","E6 7FF","DE24 8UT","299.00","0.00","",
"All Customers","Luton (Depot to Depot)","E6 7FF","HU8 8BZ","405.00","0.00","",
"All Customers","Luton (Depot to Depot)","E6 7FF","L20 8EL","460.00","0.00","",
"All Customers","Luton (Depot to Depot)","E6 7FF","LS12 6BS","403.00","0.00","",
"All Customers","Luton (Depot to Depot)","E6 7FF","M17 1GJ","421.00","0.00","",
"All Customers","Luton (Depot to Depot)","E6 7FF","ME20 7XB","140.00","0.00","",
"All Customers","Luton (Depot to Depot)","E6 7FF","NE11 0JH","538.00","0.00","",
"All Customers","Luton (Depot to Depot)","E6 7FF","PE27 3LE","189.00","0.00","",
"All Customers","Luton (Depot to Depot)","E6 7FF","RG2 0TG","179.00","0.00","",
"All Customers","Luton (Depot to Depot)","E6 7FF","RH10 9PY","140.00","0.00","",
"All Customers","Luton (Depot to Depot)","E6 7FF","SE15 1LR","140.00","0.00","",
"All Customers","Luton (Depot to Depot)","E6 7FF","SO15 0LD","262.00","0.00","",
"All Customers","Luton (Depot to Depot)","E6 7FF","TW4 6NF","140.00","0.00","",
"All Customers","Luton (Depot to Depot)","HU8 8BZ","B90 4QU","250.00","0.00","",
"All Customers","Luton (Depot to Depot)","HU8 8BZ","BS32 4RX","374.00","0.00","",
"All Customers","Luton (Depot to Depot)","HU8 8BZ","CF37 5UA","423.00","0.00","",
"All Customers","Luton (Depot to Depot)","HU8 8BZ","CM20 2DH","310.00","0.00","",
"All Customers","Luton (Depot to Depot)","HU8 8BZ","CR4 4HR","408.00","0.00","",
"All Customers","Luton (Depot to Depot)","HU8 8BZ","DE24 8UT","179.00","0.00","",
"All Customers","Luton (Depot to Depot)","HU8 8BZ","E6 7FF","343.00","0.00","",
"All Customers","Luton (Depot to Depot)","HU8 8BZ","L20 8EL","232.00","0.00","",
"All Customers","Luton (Depot to Depot)","HU8 8BZ","LS12 6BS","146.00","0.00","",
"All Customers","Luton (Depot to Depot)","HU8 8BZ","M17 1GJ","193.00","0.00","",
"All Customers","Luton (Depot to Depot)","HU8 8BZ","ME20 7XB","374.00","0.00","",
"All Customers","Luton (Depot to Depot)","HU8 8BZ","NE11 0JH","250.00","0.00","",
"All Customers","Luton (Depot to Depot)","HU8 8BZ","PE27 3LE","236.00","0.00","",
"All Customers","Luton (Depot to Depot)","HU8 8BZ","RG2 0TG","357.00","0.00","",
"All Customers","Luton (Depot to Depot)","HU8 8BZ","RH10 9PY","390.00","0.00","",
"All Customers","Luton (Depot to Depot)","HU8 8BZ","SE15 1LR","341.00","0.00","",
"All Customers","Luton (Depot to Depot)","HU8 8BZ","SO15 0LD","408.00","0.00","",
"All Customers","Luton (Depot to Depot)","HU8 8BZ","TW4 6NF","341.00","0.00","",
"All Customers","Luton (Depot to Depot)","L20 8EL","B90 4QU","218.00","0.00","",
"All Customers","Luton (Depot to Depot)","L20 8EL","BS32 4RX","293.00","0.00","",
"All Customers","Luton (Depot to Depot)","L20 8EL","CF37 5UA","293.00","0.00","",
"All Customers","Luton (Depot to Depot)","L20 8EL","CM20 2DH","374.00","0.00","",
"All Customers","Luton (Depot to Depot)","L20 8EL","CR4 4HR","408.00","0.00","",
"All Customers","Luton (Depot to Depot)","L20 8EL","DE24 8UT","183.00","0.00","",
"All Customers","Luton (Depot to Depot)","L20 8EL","E6 7FF","390.00","0.00","",
"All Customers","Luton (Depot to Depot)","L20 8EL","HU8 8BZ","232.00","0.00","",
"All Customers","Luton (Depot to Depot)","L20 8EL","LS12 6BS","174.00","0.00","",
"All Customers","Luton (Depot to Depot)","L20 8EL","M17 1GJ","120.00","0.00","",
"All Customers","Luton (Depot to Depot)","L20 8EL","ME20 7XB","439.00","0.00","",
"All Customers","Luton (Depot to Depot)","L20 8EL","NE11 0JH","293.00","0.00","",
"All Customers","Luton (Depot to Depot)","L20 8EL","PE27 3LE","310.00","0.00","",
"All Customers","Luton (Depot to Depot)","L20 8EL","RG2 0TG","357.00","0.00","",
"All Customers","Luton (Depot to Depot)","L20 8EL","RH10 9PY","408.00","0.00","",
"All Customers","Luton (Depot to Depot)","L20 8EL","SE15 1LR","374.00","0.00","",
"All Customers","Luton (Depot to Depot)","L20 8EL","SO15 0LD","408.00","0.00","",
"All Customers","Luton (Depot to Depot)","L20 8EL","TW4 6NF","357.00","0.00","",
"All Customers","Luton (Depot to Depot)","LS12 6BS","B90 4QU","224.00","0.00","",
"All Customers","Luton (Depot to Depot)","LS12 6BS","BS32 4RX","341.00","0.00","",
"All Customers","Luton (Depot to Depot)","LS12 6BS","CF37 5UA","390.00","0.00","",
"All Customers","Luton (Depot to Depot)","LS12 6BS","CM20 2DH","328.00","0.00","",
"All Customers","Luton (Depot to Depot)","LS12 6BS","CR4 4HR","374.00","0.00","",
"All Customers","Luton (Depot to Depot)","LS12 6BS","DE24 8UT","183.00","0.00","",
"All Customers","Luton (Depot to Depot)","LS12 6BS","E6 7FF","341.00","0.00","",
"All Customers","Luton (Depot to Depot)","LS12 6BS","HU8 8BZ","148.00","0.00","",
"All Customers","Luton (Depot to Depot)","LS12 6BS","L20 8EL","172.00","0.00","",
"All Customers","Luton (Depot to Depot)","LS12 6BS","M17 1GJ","120.00","0.00","",
"All Customers","Luton (Depot to Depot)","LS12 6BS","ME20 7XB","374.00","0.00","",
"All Customers","Luton (Depot to Depot)","LS12 6BS","NE11 0JH","185.00","0.00","",
"All Customers","Luton (Depot to Depot)","LS12 6BS","PE27 3LE","250.00","0.00","",
"All Customers","Luton (Depot to Depot)","LS12 6BS","RG2 0TG","357.00","0.00","",
"All Customers","Luton (Depot to Depot)","LS12 6BS","RH10 9PY","390.00","0.00","",
"All Customers","Luton (Depot to Depot)","LS12 6BS","SE15 1LR","341.00","0.00","",
"All Customers","Luton (Depot to Depot)","LS12 6BS","SO15 0LD","390.00","0.00","",
"All Customers","Luton (Depot to Depot)","LS12 6BS","TW4 6NF","343.00","0.00","",
"All Customers","Luton (Depot to Depot)","M17 1GJ","B90 4QU","191.00","0.00","",
"All Customers","Luton (Depot to Depot)","M17 1GJ","BS32 4RX","277.00","0.00","",
"All Customers","Luton (Depot to Depot)","M17 1GJ","CF37 5UA","328.00","0.00","",
"All Customers","Luton (Depot to Depot)","M17 1GJ","CM20 2DH","357.00","0.00","",
"All Customers","Luton (Depot to Depot)","M17 1GJ","CR4 4HR","374.00","0.00","",
"All Customers","Luton (Depot to Depot)","M17 1GJ","DE24 8UT","160.00","0.00","",
"All Customers","Luton (Depot to Depot)","M17 1GJ","E6 7FF","357.00","0.00","",
"All Customers","Luton (Depot to Depot)","M17 1GJ","HU8 8BZ","195.00","0.00","",
"All Customers","Luton (Depot to Depot)","M17 1GJ","L20 8EL","120.00","0.00","",
"All Customers","Luton (Depot to Depot)","M17 1GJ","LS12 6BS","120.00","0.00","",
"All Customers","Luton (Depot to Depot)","M17 1GJ","ME20 7XB","408.00","0.00","",
"All Customers","Luton (Depot to Depot)","M17 1GJ","NE11 0JH","287.00","0.00","",
"All Customers","Luton (Depot to Depot)","M17 1GJ","PE27 3LE","293.00","0.00","",
"All Customers","Luton (Depot to Depot)","M17 1GJ","RG2 0TG","341.00","0.00","",
"All Customers","Luton (Depot to Depot)","M17 1GJ","RH10 9PY","390.00","0.00","",
"All Customers","Luton (Depot to Depot)","M17 1GJ","SE15 1LR","357.00","0.00","",
"All Customers","Luton (Depot to Depot)","M17 1GJ","SO15 0LD","374.00","0.00","",
"All Customers","Luton (Depot to Depot)","M17 1GJ","TW4 6NF","341.00","0.00","",
"All Customers","Luton (Depot to Depot)","ME20 7XB","B90 4QU","327.00","0.00","",
"All Customers","Luton (Depot to Depot)","ME20 7XB","BS32 4RX","327.00","0.00","",
"All Customers","Luton (Depot to Depot)","ME20 7XB","CF37 5UA","386.00","0.00","",
"All Customers","Luton (Depot to Depot)","ME20 7XB","CM20 2DH","140.00","0.00","",
"All Customers","Luton (Depot to Depot)","ME20 7XB","CR4 4HR","140.00","0.00","",
"All Customers","Luton (Depot to Depot)","ME20 7XB","DE24 8UT","345.00","0.00","",
"All Customers","Luton (Depot to Depot)","ME20 7XB","E6 7FF","140.00","0.00","",
"All Customers","Luton (Depot to Depot)","ME20 7XB","HU8 8BZ","442.00","0.00","",
"All Customers","Luton (Depot to Depot)","ME20 7XB","L20 8EL","499.00","0.00","",
"All Customers","Luton (Depot to Depot)","ME20 7XB","LS12 6BS","442.00","0.00","",
"All Customers","Luton (Depot to Depot)","ME20 7XB","M17 1GJ","481.00","0.00","",
"All Customers","Luton (Depot to Depot)","ME20 7XB","NE11 0JH","598.00","0.00","",
"All Customers","Luton (Depot to Depot)","ME20 7XB","PE27 3LE","212.00","0.00","",
"All Customers","Luton (Depot to Depot)","ME20 7XB","RG2 0TG","212.00","0.00","",
"All Customers","Luton (Depot to Depot)","ME20 7XB","RH10 9PY","140.00","0.00","",
"All Customers","Luton (Depot to Depot)","ME20 7XB","SE15 1LR","140.00","0.00","",
"All Customers","Luton (Depot to Depot)","ME20 7XB","SO15 0LD","237.00","0.00","",
"All Customers","Luton (Depot to Depot)","ME20 7XB","TW4 6NF","140.00","0.00","",
"All Customers","Luton (Depot to Depot)","NE11 0JH","B90 4QU","403.00","0.00","",
"All Customers","Luton (Depot to Depot)","NE11 0JH","BS32 4RX","559.00","0.00","",
"All Customers","Luton (Depot to Depot)","NE11 0JH","CF37 5UA","637.00","0.00","",
"All Customers","Luton (Depot to Depot)","NE11 0JH","CM20 2DH","518.00","0.00","",
"All Customers","Luton (Depot to Depot)","NE11 0JH","CR4 4HR","598.00","0.00","",
"All Customers","Luton (Depot to Depot)","NE11 0JH","DE24 8UT","327.00","0.00","",
"All Customers","Luton (Depot to Depot)","NE11 0JH","E6 7FF","559.00","0.00","",
"All Customers","Luton (Depot to Depot)","NE11 0JH","HU8 8BZ","297.00","0.00","",
"All Customers","Luton (Depot to Depot)","NE11 0JH","L20 8EL","345.00","0.00","",
"All Customers","Luton (Depot to Depot)","NE11 0JH","LS12 6BS","216.00","0.00","",
"All Customers","Luton (Depot to Depot)","NE11 0JH","M17 1GJ","299.00","0.00","",
"All Customers","Luton (Depot to Depot)","NE11 0JH","ME20 7XB","598.00","0.00","",
"All Customers","Luton (Depot to Depot)","NE11 0JH","PE27 3LE","421.00","0.00","",
"All Customers","Luton (Depot to Depot)","NE11 0JH","RG2 0TG","577.00","0.00","",
"All Customers","Luton (Depot to Depot)","NE11 0JH","RH10 9PY","621.00","0.00","",
"All Customers","Luton (Depot to Depot)","NE11 0JH","SE15 1LR","559.00","0.00","",
"All Customers","Luton (Depot to Depot)","NE11 0JH","SO15 0LD","637.00","0.00","",
"All Customers","Luton (Depot to Depot)","NE11 0JH","TW4 6NF","559.00","0.00","",
"All Customers","Luton (Depot to Depot)","PE27 3LE","B90 4QU","186.00","0.00","",
"All Customers","Luton (Depot to Depot)","PE27 3LE","BS32 4RX","345.00","0.00","",
"All Customers","Luton (Depot to Depot)","PE27 3LE","CF37 5UA","405.00","0.00","",
"All Customers","Luton (Depot to Depot)","PE27 3LE","CM20 2DH","140.00","0.00","",
"All Customers","Luton (Depot to Depot)","PE27 3LE","CR4 4HR","239.00","0.00","",
"All Customers","Luton (Depot to Depot)","PE27 3LE","DE24 8UT","209.00","0.00","",
"All Customers","Luton (Depot to Depot)","PE27 3LE","E6 7FF","140.00","0.00","",
"All Customers","Luton (Depot to Depot)","PE27 3LE","HU8 8BZ","278.00","0.00","",
"All Customers","Luton (Depot to Depot)","PE27 3LE","L20 8EL","366.00","0.00","",
"All Customers","Luton (Depot to Depot)","PE27 3LE","LS12 6BS","294.00","0.00","",
"All Customers","Luton (Depot to Depot)","PE27 3LE","M17 1GJ","345.00","0.00","",
"All Customers","Luton (Depot to Depot)","PE27 3LE","ME20 7XB","209.00","0.00","",
"All Customers","Luton (Depot to Depot)","PE27 3LE","NE11 0JH","421.00","0.00","",
"All Customers","Luton (Depot to Depot)","PE27 3LE","RG2 0TG","177.00","0.00","",
"All Customers","Luton (Depot to Depot)","PE27 3LE","RH10 9PY","248.00","0.00","",
"All Customers","Luton (Depot to Depot)","PE27 3LE","SE15 1LR","212.00","0.00","",
"All Customers","Luton (Depot to Depot)","PE27 3LE","SO15 0LD","294.00","0.00","",
"All Customers","Luton (Depot to Depot)","PE27 3LE","TW4 6NF","186.00","0.00","",
"All Customers","Luton (Depot to Depot)","RG2 0TG","B90 4QU","219.00","0.00","",
"All Customers","Luton (Depot to Depot)","RG2 0TG","BS32 4RX","216.00","0.00","",
"All Customers","Luton (Depot to Depot)","RG2 0TG","CF37 5UA","251.00","0.00","",
"All Customers","Luton (Depot to Depot)","RG2 0TG","CM20 2DH","214.00","0.00","",
"All Customers","Luton (Depot to Depot)","RG2 0TG","CR4 4HR","140.00","0.00","",
"All Customers","Luton (Depot to Depot)","RG2 0TG","DE24 8UT","294.00","0.00","",
"All Customers","Luton (Depot to Depot)","RG2 0TG","E6 7FF","140.00","0.00","",
"All Customers","Luton (Depot to Depot)","RG2 0TG","HU8 8BZ","481.00","0.00","",
"All Customers","Luton (Depot to Depot)","RG2 0TG","L20 8EL","421.00","0.00","",
"All Customers","Luton (Depot to Depot)","RG2 0TG","LS12 6BS","442.00","0.00","",
"All Customers","Luton (Depot to Depot)","RG2 0TG","M17 1GJ","403.00","0.00","",
"All Customers","Luton (Depot to Depot)","RG2 0TG","ME20 7XB","212.00","0.00","",
"All Customers","Luton (Depot to Depot)","RG2 0TG","NE11 0JH","598.00","0.00","",
"All Customers","Luton (Depot to Depot)","RG2 0TG","PE27 3LE","230.00","0.00","",
"All Customers","Luton (Depot to Depot)","RG2 0TG","RH10 9PY","140.00","0.00","",
"All Customers","Luton (Depot to Depot)","RG2 0TG","SE15 1LR","140.00","0.00","",
"All Customers","Luton (Depot to Depot)","RG2 0TG","SO15 0LD","140.00","0.00","",
"All Customers","Luton (Depot to Depot)","RG2 0TG","TW4 6NF","140.00","0.00","",
"All Customers","Luton (Depot to Depot)","RH10 9PY","B90 4QU","290.00","0.00","",
"All Customers","Luton (Depot to Depot)","RH10 9PY","BS32 4RX","285.00","0.00","",
"All Customers","Luton (Depot to Depot)","RH10 9PY","CF37 5UA","366.00","0.00","",
"All Customers","Luton (Depot to Depot)","RH10 9PY","CM20 2DH","140.00","0.00","",
"All Customers","Luton (Depot to Depot)","RH10 9PY","CR4 4HR","140.00","0.00","",
"All Customers","Luton (Depot to Depot)","RH10 9PY","DE24 8UT","336.00","0.00","",
"All Customers","Luton (Depot to Depot)","RH10 9PY","E6 7FF","140.00","0.00","",
"All Customers","Luton (Depot to Depot)","RH10 9PY","HU8 8BZ","460.00","0.00","",
"All Customers","Luton (Depot to Depot)","RH10 9PY","L20 8EL","499.00","0.00","",
"All Customers","Luton (Depot to Depot)","RH10 9PY","LS12 6BS","460.00","0.00","",
"All Customers","Luton (Depot to Depot)","RH10 9PY","M17 1GJ","559.00","0.00","",
"All Customers","Luton (Depot to Depot)","RH10 9PY","ME20 7XB","140.00","0.00","",
"All Customers","Luton (Depot to Depot)","RH10 9PY","NE11 0JH","621.00","0.00","",
"All Customers","Luton (Depot to Depot)","RH10 9PY","PE27 3LE","242.00","0.00","",
"All Customers","Luton (Depot to Depot)","RH10 9PY","RG2 0TG","140.00","0.00","",
"All Customers","Luton (Depot to Depot)","RH10 9PY","SE15 1LR","140.00","0.00","",
"All Customers","Luton (Depot to Depot)","RH10 9PY","SO15 0LD","207.00","0.00","",
"All Customers","Luton (Depot to Depot)","RH10 9PY","TW4 6NF","140.00","0.00","",
"All Customers","Luton (Depot to Depot)","SE15 1LR","B90 4QU","253.00","0.00","",
"All Customers","Luton (Depot to Depot)","SE15 1LR","BS32 4RX","265.00","0.00","",
"All Customers","Luton (Depot to Depot)","SE15 1LR","CF37 5UA","366.00","0.00","",
"All Customers","Luton (Depot to Depot)","SE15 1LR","CM20 2DH","140.00","0.00","",
"All Customers","Luton (Depot to Depot)","SE15 1LR","CR4 4HR","140.00","0.00","",
"All Customers","Luton (Depot to Depot)","SE15 1LR","DE24 8UT","278.00","0.00","",
"All Customers","Luton (Depot to Depot)","SE15 1LR","E6 7FF","140.00","0.00","",
"All Customers","Luton (Depot to Depot)","SE15 1LR","HU8 8BZ","403.00","0.00","",
"All Customers","Luton (Depot to Depot)","SE15 1LR","L20 8EL","442.00","0.00","",
"All Customers","Luton (Depot to Depot)","SE15 1LR","LS12 6BS","403.00","0.00","",
"All Customers","Luton (Depot to Depot)","SE15 1LR","M17 1GJ","403.00","0.00","",
"All Customers","Luton (Depot to Depot)","SE15 1LR","ME20 7XB","140.00","0.00","",
"All Customers","Luton (Depot to Depot)","SE15 1LR","NE11 0JH","559.00","0.00","",
"All Customers","Luton (Depot to Depot)","SE15 1LR","PE27 3LE","212.00","0.00","",
"All Customers","Luton (Depot to Depot)","SE15 1LR","RG2 0TG","140.00","0.00","",
"All Customers","Luton (Depot to Depot)","SE15 1LR","RH10 9PY","140.00","0.00","",
"All Customers","Luton (Depot to Depot)","SE15 1LR","SO15 0LD","191.00","0.00","",
"All Customers","Luton (Depot to Depot)","SE15 1LR","TW4 6NF","140.00","0.00","",
"All Customers","Luton (Depot to Depot)","SO15 0LD","B90 4QU","242.00","0.00","",
"All Customers","Luton (Depot to Depot)","SO15 0LD","BS32 4RX","190.00","0.00","",
"All Customers","Luton (Depot to Depot)","SO15 0LD","CF37 5UA","256.00","0.00","",
"All Customers","Luton (Depot to Depot)","SO15 0LD","CM20 2DH","226.00","0.00","",
"All Customers","Luton (Depot to Depot)","SO15 0LD","CR4 4HR","152.00","0.00","",
"All Customers","Luton (Depot to Depot)","SO15 0LD","DE24 8UT","284.00","0.00","",
"All Customers","Luton (Depot to Depot)","SO15 0LD","E6 7FF","200.00","0.00","",
"All Customers","Luton (Depot to Depot)","SO15 0LD","HU8 8BZ","434.00","0.00","",
"All Customers","Luton (Depot to Depot)","SO15 0LD","L20 8EL","418.00","0.00","",
"All Customers","Luton (Depot to Depot)","SO15 0LD","LS12 6BS","400.00","0.00","",
"All Customers","Luton (Depot to Depot)","SO15 0LD","M17 1GJ","384.00","0.00","",
"All Customers","Luton (Depot to Depot)","SO15 0LD","ME20 7XB","218.00","0.00","",
"All Customers","Luton (Depot to Depot)","SO15 0LD","NE11 0JH","554.00","0.00","",
"All Customers","Luton (Depot to Depot)","SO15 0LD","PE27 3LE","276.00","0.00","",
"All Customers","Luton (Depot to Depot)","SO15 0LD","RG2 0TG","140.00","0.00","",
"All Customers","Luton (Depot to Depot)","SO15 0LD","RH10 9PY","182.00","0.00","",
"All Customers","Luton (Depot to Depot)","SO15 0LD","SE15 1LR","156.00","0.00","",
"All Customers","Luton (Depot to Depot)","SO15 0LD","TW4 6NF","172.00","0.00","",
"All Customers","Luton (Depot to Depot)","TW4 6NF","B90 4QU","225.00","0.00","",
"All Customers","Luton (Depot to Depot)","TW4 6NF","BS32 4RX","230.00","0.00","",
"All Customers","Luton (Depot to Depot)","TW4 6NF","CF37 5UA","299.00","0.00","",
"All Customers","Luton (Depot to Depot)","TW4 6NF","CM20 2DH","140.00","0.00","",
"All Customers","Luton (Depot to Depot)","TW4 6NF","CR4 4HR","140.00","0.00","",
"All Customers","Luton (Depot to Depot)","TW4 6NF","DE24 8UT","271.00","0.00","",
"All Customers","Luton (Depot to Depot)","TW4 6NF","E6 7FF","140.00","0.00","",
"All Customers","Luton (Depot to Depot)","TW4 6NF","HU8 8BZ","442.00","0.00","",
"All Customers","Luton (Depot to Depot)","TW4 6NF","L20 8EL","421.00","0.00","",
"All Customers","Luton (Depot to Depot)","TW4 6NF","LS12 6BS","403.00","0.00","",
"All Customers","Luton (Depot to Depot)","TW4 6NF","M17 1GJ","403.00","0.00","",
"All Customers","Luton (Depot to Depot)","TW4 6NF","ME20 7XB","175.00","0.00","",
"All Customers","Luton (Depot to Depot)","TW4 6NF","NE11 0JH","559.00","0.00","",
"All Customers","Luton (Depot to Depot)","TW4 6NF","PE27 3LE","216.00","0.00","",
"All Customers","Luton (Depot to Depot)","TW4 6NF","RG2 0TG","140.00","0.00","",
"All Customers","Luton (Depot to Depot)","TW4 6NF","RH10 9PY","140.00","0.00","",
"All Customers","Luton (Depot to Depot)","TW4 6NF","SE15 1LR","140.00","0.00","",
"All Customers","Luton (Depot to Depot)","TW4 6NF","SO15 0LD","198.00","0.00","",
"All Customers","LWB","B90 4QU","BS32 4RX","102.00","0.00","",
"All Customers","LWB","B90 4QU","CF37 5UA","184.00","0.00","",
"All Customers","LWB","B90 4QU","CM20 2DH","218.00","0.00","",
"All Customers","LWB","B90 4QU","CR4 4HR","206.00","0.00","",
"All Customers","LWB","B90 4QU","DE24 8UT","88.00","0.00","",
"All Customers","LWB","B90 4QU","E6 7FF","196.00","0.00","",
"All Customers","LWB","B90 4QU","HU8 8BZ","218.00","0.00","",
"All Customers","LWB","B90 4QU","L20 8EL","190.00","0.00","",
"All Customers","LWB","B90 4QU","LS12 6BS","196.00","0.00","",
"All Customers","LWB","B90 4QU","M17 1GJ","168.00","0.00","",
"All Customers","LWB","B90 4QU","ME20 7XB","241.00","0.00","",
"All Customers","LWB","B90 4QU","NE11 0JH","298.00","0.00","",
"All Customers","LWB","B90 4QU","PE27 3LE","119.00","0.00","",
"All Customers","LWB","B90 4QU","RG2 0TG","162.00","0.00","",
"All Customers","LWB","B90 4QU","RH10 9PY","218.00","0.00","",
"All Customers","LWB","B90 4QU","S9 5FZ","119.00","0.00","",
"All Customers","LWB","B90 4QU","SE15 1LR","184.00","0.00","",
"All Customers","LWB","B90 4QU","SO15 0LD","196.00","0.00","",
"All Customers","LWB","B90 4QU","TW4 6NF","162.00","0.00","",
"All Customers","LWB","BS32 4RX","B90 4QU","102.00","0.00","",
"All Customers","LWB","BS32 4RX","CM20 2DH","241.00","0.00","",
"All Customers","LWB","BS32 4RX","CR4 4HR","192.00","0.00","",
"All Customers","LWB","BS32 4RX","DE24 8UT","204.00","0.00","",
"All Customers","LWB","BS32 4RX","E6 7FF","241.00","0.00","",
"All Customers","LWB","BS32 4RX","HU8 8BZ","326.00","0.00","",
"All Customers","LWB","BS32 4RX","L20 8EL","270.00","0.00","",
"All Customers","LWB","BS32 4RX","LS12 6BS","298.00","0.00","",
"All Customers","LWB","BS32 4RX","M17 1GJ","248.00","0.00","",
"All Customers","LWB","BS32 4RX","ME20 7XB","241.00","0.00","",
"All Customers","LWB","BS32 4RX","NE11 0JH","413.00","0.00","",
"All Customers","LWB","BS32 4RX","PE27 3LE","241.00","0.00","",
"All Customers","LWB","BS32 4RX","RG2 0TG","160.00","0.00","",
"All Customers","LWB","BS32 4RX","RH10 9PY","209.00","0.00","",
"All Customers","LWB","BS32 4RX","S9 5FZ","255.00","0.00","",
"All Customers","LWB","BS32 4RX","SE15 1LR","190.00","0.00","",
"All Customers","LWB","BS32 4RX","SO15 0LD","172.00","0.00","",
"All Customers","LWB","BS32 4RX","TW4 6NF","172.00","0.00","",
"All Customers","LWB","CF37 5UA","B90 4QU","192.00","0.00","",
"All Customers","LWB","CF37 5UA","CM20 2DH","299.00","0.00","",
"All Customers","LWB","CF37 5UA","CR4 4HR","241.00","0.00","",
"All Customers","LWB","CF37 5UA","DE24 8UT","238.00","0.00","",
"All Customers","LWB","CF37 5UA","E6 7FF","255.00","0.00","",
"All Customers","LWB","CF37 5UA","HU8 8BZ","369.00","0.00","",
"All Customers","LWB","CF37 5UA","L20 8EL","255.00","0.00","",
"All Customers","LWB","CF37 5UA","LS12 6BS","340.00","0.00","",
"All Customers","LWB","CF37 5UA","M17 1GJ","299.00","0.00","",
"All Customers","LWB","CF37 5UA","ME20 7XB","286.00","0.00","",
"All Customers","LWB","CF37 5UA","NE11 0JH","459.00","0.00","",
"All Customers","LWB","CF37 5UA","PE27 3LE","298.00","0.00","",
"All Customers","LWB","CF37 5UA","RG2 0TG","185.00","0.00","",
"All Customers","LWB","CF37 5UA","RH10 9PY","255.00","0.00","",
"All Customers","LWB","CF37 5UA","SE15 1LR","241.00","0.00","",
"All Customers","LWB","CF37 5UA","SO15 0LD","218.00","0.00","",
"All Customers","LWB","CF37 5UA","TW4 6NF","218.00","0.00","",
"All Customers","LWB","CM20 2DH","B90 4QU","223.00","0.00","",
"All Customers","LWB","CM20 2DH","BS32 4RX","256.00","0.00","",
"All Customers","LWB","CM20 2DH","CF37 5UA","286.00","0.00","",
"All Customers","LWB","CM20 2DH","DE24 8UT","223.00","0.00","",
"All Customers","LWB","CM20 2DH","HU8 8BZ","286.00","0.00","",
"All Customers","LWB","CM20 2DH","L20 8EL","346.00","0.00","",
"All Customers","LWB","CM20 2DH","LS12 6BS","302.00","0.00","",
"All Customers","LWB","CM20 2DH","M17 1GJ","329.00","0.00","",
"All Customers","LWB","CM20 2DH","ME20 7XB","94.00","0.00","",
"All Customers","LWB","CM20 2DH","NE11 0JH","405.00","0.00","",
"All Customers","LWB","CM20 2DH","PE27 3LE","94.00","0.00","",
"All Customers","LWB","CM20 2DH","RG2 0TG","126.00","0.00","",
"All Customers","LWB","CM20 2DH","RH10 9PY","108.00","0.00","",
"All Customers","LWB","CM20 2DH","S9 5FZ","256.00","0.00","",
"All Customers","LWB","CM20 2DH","SO15 0LD","202.00","0.00","",
"All Customers","LWB","CR4 4HR","B90 4QU","216.00","0.00","",
"All Customers","LWB","CR4 4HR","BS32 4RX","207.00","0.00","",
"All Customers","LWB","CR4 4HR","CF37 5UA","256.00","0.00","",
"All Customers","LWB","CR4 4HR","CM20 2DH","94.00","0.00","",
"All Customers","LWB","CR4 4HR","DE24 8UT","238.00","0.00","",
"All Customers","LWB","CR4 4HR","HU8 8BZ","376.00","0.00","",
"All Customers","LWB","CR4 4HR","L20 8EL","360.00","0.00","",
"All Customers","LWB","CR4 4HR","LS12 6BS","346.00","0.00","",
"All Customers","LWB","CR4 4HR","M17 1GJ","346.00","0.00","",
"All Customers","LWB","CR4 4HR","ME20 7XB","85.00","0.00","",
"All Customers","LWB","CR4 4HR","NE11 0JH","452.00","0.00","",
"All Customers","LWB","CR4 4HR","PE27 3LE","171.00","0.00","",
"All Customers","LWB","CR4 4HR","RG2 0TG","85.00","0.00","",
"All Customers","LWB","CR4 4HR","RH10 9PY","85.00","0.00","",
"All Customers","LWB","CR4 4HR","S9 5FZ","302.00","0.00","",
"All Customers","LWB","CR4 4HR","SO15 0LD","108.00","0.00","",
"All Customers","LWB","DE24 8UT","B90 4QU","88.00","0.00","",
"All Customers","LWB","DE24 8UT","BS32 4RX","204.00","0.00","",
"All Customers","LWB","DE24 8UT","CF37 5UA","241.00","0.00","",
"All Customers","LWB","DE24 8UT","CM20 2DH","214.00","0.00","",
"All Customers","LWB","DE24 8UT","CR4 4HR","224.00","0.00","",
"All Customers","LWB","DE24 8UT","E6 7FF","221.00","0.00","",
"All Customers","LWB","DE24 8UT","HU8 8BZ","156.00","0.00","",
"All Customers","LWB","DE24 8UT","L20 8EL","160.00","0.00","",
"All Customers","LWB","DE24 8UT","LS12 6BS","158.00","0.00","",
"All Customers","LWB","DE24 8UT","M17 1GJ","119.00","0.00","",
"All Customers","LWB","DE24 8UT","ME20 7XB","255.00","0.00","",
"All Customers","LWB","DE24 8UT","NE11 0JH","241.00","0.00","",
"All Customers","LWB","DE24 8UT","PE27 3LE","155.00","0.00","",
"All Customers","LWB","DE24 8UT","RG2 0TG","221.00","0.00","",
"All Customers","LWB","DE24 8UT","RH10 9PY","241.00","0.00","",
"All Customers","LWB","DE24 8UT","S9 5FZ","75.00","0.00","",
"All Customers","LWB","DE24 8UT","SE15 1LR","202.00","0.00","",
"All Customers","LWB","DE24 8UT","SO15 0LD","255.00","0.00","",
"All Customers","LWB","DE24 8UT","TW4 6NF","235.00","0.00","",
"All Customers","LWB","E6 7FF","B90 4QU","207.00","0.00","",
"All Customers","LWB","E6 7FF","BS32 4RX","256.00","0.00","",
"All Customers","LWB","E6 7FF","CF37 5UA","317.00","0.00","",
"All Customers","LWB","E6 7FF","DE24 8UT","234.00","0.00","",
"All Customers","LWB","E6 7FF","HU8 8BZ","317.00","0.00","",
"All Customers","LWB","E6 7FF","L20 8EL","360.00","0.00","",
"All Customers","LWB","E6 7FF","LS12 6BS","315.00","0.00","",
"All Customers","LWB","E6 7FF","M17 1GJ","329.00","0.00","",
"All Customers","LWB","E6 7FF","ME20 7XB","85.00","0.00","",
"All Customers","LWB","E6 7FF","NE11 0JH","421.00","0.00","",
"All Customers","LWB","E6 7FF","PE27 3LE","126.00","0.00","",
"All Customers","LWB","E6 7FF","RG2 0TG","108.00","0.00","",
"All Customers","LWB","E6 7FF","RH10 9PY","94.00","0.00","",
"All Customers","LWB","E6 7FF","S9 5FZ","286.00","0.00","",
"All Customers","LWB","E6 7FF","SO15 0LD","205.00","0.00","",
"All Customers","LWB","HU8 8BZ","B90 4QU","211.00","0.00","",
"All Customers","LWB","HU8 8BZ","BS32 4RX","317.00","0.00","",
"All Customers","LWB","HU8 8BZ","CF37 5UA","358.00","0.00","",
"All Customers","LWB","HU8 8BZ","CM20 2DH","262.00","0.00","",
"All Customers","LWB","HU8 8BZ","CR4 4HR","345.00","0.00","",
"All Customers","LWB","HU8 8BZ","DE24 8UT","152.00","0.00","",
"All Customers","LWB","HU8 8BZ","E6 7FF","290.00","0.00","",
"All Customers","LWB","HU8 8BZ","L20 8EL","196.00","0.00","",
"All Customers","LWB","HU8 8BZ","LS12 6BS","99.00","0.00","",
"All Customers","LWB","HU8 8BZ","M17 1GJ","163.00","0.00","",
"All Customers","LWB","HU8 8BZ","ME20 7XB","317.00","0.00","",
"All Customers","LWB","HU8 8BZ","NE11 0JH","211.00","0.00","",
"All Customers","LWB","HU8 8BZ","PE27 3LE","200.00","0.00","",
"All Customers","LWB","HU8 8BZ","RG2 0TG","302.00","0.00","",
"All Customers","LWB","HU8 8BZ","RH10 9PY","330.00","0.00","",
"All Customers","LWB","HU8 8BZ","S9 5FZ","116.00","0.00","",
"All Customers","LWB","HU8 8BZ","SE15 1LR","289.00","0.00","",
"All Customers","LWB","HU8 8BZ","SO15 0LD","345.00","0.00","",
"All Customers","LWB","HU8 8BZ","TW4 6NF","289.00","0.00","",
"All Customers","LWB","L20 8EL","B90 4QU","185.00","0.00","",
"All Customers","LWB","L20 8EL","BS32 4RX","248.00","0.00","",
"All Customers","LWB","L20 8EL","CF37 5UA","248.00","0.00","",
"All Customers","LWB","L20 8EL","CM20 2DH","317.00","0.00","",
"All Customers","LWB","L20 8EL","CR4 4HR","345.00","0.00","",
"All Customers","LWB","L20 8EL","DE24 8UT","155.00","0.00","",
"All Customers","LWB","L20 8EL","E6 7FF","330.00","0.00","",
"All Customers","LWB","L20 8EL","HU8 8BZ","196.00","0.00","",
"All Customers","LWB","L20 8EL","LS12 6BS","116.00","0.00","",
"All Customers","LWB","L20 8EL","ME20 7XB","371.00","0.00","",
"All Customers","LWB","L20 8EL","NE11 0JH","248.00","0.00","",
"All Customers","LWB","L20 8EL","PE27 3LE","262.00","0.00","",
"All Customers","LWB","L20 8EL","RG2 0TG","302.00","0.00","",
"All Customers","LWB","L20 8EL","RH10 9PY","345.00","0.00","",
"All Customers","LWB","L20 8EL","S9 5FZ","168.00","0.00","",
"All Customers","LWB","L20 8EL","SE15 1LR","317.00","0.00","",
"All Customers","LWB","L20 8EL","SO15 0LD","345.00","0.00","",
"All Customers","LWB","L20 8EL","TW4 6NF","302.00","0.00","",
"All Customers","LWB","LS12 6BS","B90 4QU","190.00","0.00","",
"All Customers","LWB","LS12 6BS","BS32 4RX","289.00","0.00","",
"All Customers","LWB","LS12 6BS","CF37 5UA","330.00","0.00","",
"All Customers","LWB","LS12 6BS","CM20 2DH","277.00","0.00","",
"All Customers","LWB","LS12 6BS","CR4 4HR","317.00","0.00","",
"All Customers","LWB","LS12 6BS","DE24 8UT","155.00","0.00","",
"All Customers","LWB","LS12 6BS","E6 7FF","289.00","0.00","",
"All Customers","LWB","LS12 6BS","HU8 8BZ","99.00","0.00","",
"All Customers","LWB","LS12 6BS","L20 8EL","116.00","0.00","",
"All Customers","LWB","LS12 6BS","M17 1GJ","73.00","0.00","",
"All Customers","LWB","LS12 6BS","ME20 7XB","317.00","0.00","",
"All Customers","LWB","LS12 6BS","NE11 0JH","157.00","0.00","",
"All Customers","LWB","LS12 6BS","PE27 3LE","211.00","0.00","",
"All Customers","LWB","LS12 6BS","RG2 0TG","302.00","0.00","",
"All Customers","LWB","LS12 6BS","RH10 9PY","330.00","0.00","",
"All Customers","LWB","LS12 6BS","SE15 1LR","289.00","0.00","",
"All Customers","LWB","LS12 6BS","SO15 0LD","330.00","0.00","",
"All Customers","LWB","LS12 6BS","TW4 6NF","290.00","0.00","",
"All Customers","LWB","M17 1GJ","B90 4QU","162.00","0.00","",
"All Customers","LWB","M17 1GJ","BS32 4RX","234.00","0.00","",
"All Customers","LWB","M17 1GJ","CF37 5UA","277.00","0.00","",
"All Customers","LWB","M17 1GJ","CM20 2DH","302.00","0.00","",
"All Customers","LWB","M17 1GJ","CR4 4HR","317.00","0.00","",
"All Customers","LWB","M17 1GJ","DE24 8UT","116.00","0.00","",
"All Customers","LWB","M17 1GJ","E6 7FF","302.00","0.00","",
"All Customers","LWB","M17 1GJ","HU8 8BZ","165.00","0.00","",
"All Customers","LWB","M17 1GJ","LS12 6BS","73.00","0.00","",
"All Customers","LWB","M17 1GJ","ME20 7XB","345.00","0.00","",
"All Customers","LWB","M17 1GJ","PE27 3LE","248.00","0.00","",
"All Customers","LWB","M17 1GJ","RG2 0TG","289.00","0.00","",
"All Customers","LWB","M17 1GJ","RH10 9PY","330.00","0.00","",
"All Customers","LWB","M17 1GJ","S9 5FZ","99.00","0.00","",
"All Customers","LWB","M17 1GJ","SE15 1LR","302.00","0.00","",
"All Customers","LWB","M17 1GJ","SO15 0LD","317.00","0.00","",
"All Customers","LWB","M17 1GJ","TW4 6NF","289.00","0.00","",
"All Customers","LWB","ME20 7XB","B90 4QU","256.00","0.00","",
"All Customers","LWB","ME20 7XB","BS32 4RX","256.00","0.00","",
"All Customers","LWB","ME20 7XB","CF37 5UA","302.00","0.00","",
"All Customers","LWB","ME20 7XB","DE24 8UT","270.00","0.00","",
"All Customers","LWB","ME20 7XB","HU8 8BZ","346.00","0.00","",
"All Customers","LWB","ME20 7XB","L20 8EL","391.00","0.00","",
"All Customers","LWB","ME20 7XB","LS12 6BS","346.00","0.00","",
"All Customers","LWB","ME20 7XB","M17 1GJ","376.00","0.00","",
"All Customers","LWB","ME20 7XB","NE11 0JH","468.00","0.00","",
"All Customers","LWB","ME20 7XB","PE27 3LE","166.00","0.00","",
"All Customers","LWB","ME20 7XB","RG2 0TG","166.00","0.00","",
"All Customers","LWB","ME20 7XB","RH10 9PY","85.00","0.00","",
"All Customers","LWB","ME20 7XB","S9 5FZ","315.00","0.00","",
"All Customers","LWB","ME20 7XB","SO15 0LD","185.00","0.00","",
"All Customers","LWB","ME20 7XB","TW4 6NF","108.00","0.00","",
"All Customers","LWB","NE11 0JH","B90 4QU","280.00","0.00","",
"All Customers","LWB","NE11 0JH","BS32 4RX","389.00","0.00","",
"All Customers","LWB","NE11 0JH","CF37 5UA","443.00","0.00","",
"All Customers","LWB","NE11 0JH","CM20 2DH","360.00","0.00","",
"All Customers","LWB","NE11 0JH","CR4 4HR","416.00","0.00","",
"All Customers","LWB","NE11 0JH","DE24 8UT","227.00","0.00","",
"All Customers","LWB","NE11 0JH","E6 7FF","389.00","0.00","",
"All Customers","LWB","NE11 0JH","HU8 8BZ","206.00","0.00","",
"All Customers","LWB","NE11 0JH","L20 8EL","240.00","0.00","",
"All Customers","LWB","NE11 0JH","LS12 6BS","150.00","0.00","",
"All Customers","LWB","NE11 0JH","M17 1GJ","208.00","0.00","",
"All Customers","LWB","NE11 0JH","ME20 7XB","442.00","0.00","",
"All Customers","LWB","NE11 0JH","PE27 3LE","293.00","0.00","",
"All Customers","LWB","NE11 0JH","RG2 0TG","402.00","0.00","",
"All Customers","LWB","NE11 0JH","RH10 9PY","432.00","0.00","",
"All Customers","LWB","NE11 0JH","S9 5FZ","190.00","0.00","",
"All Customers","LWB","NE11 0JH","SE15 1LR","389.00","0.00","",
"All Customers","LWB","NE11 0JH","SO15 0LD","443.00","0.00","",
"All Customers","LWB","NE11 0JH","TW4 6NF","389.00","0.00","",
"All Customers","LWB","PE27 3LE","B90 4QU","126.00","0.00","",
"All Customers","LWB","PE27 3LE","BS32 4RX","270.00","0.00","",
"All Customers","LWB","PE27 3LE","CF37 5UA","317.00","0.00","",
"All Customers","LWB","PE27 3LE","CM20 2DH","94.00","0.00","",
"All Customers","LWB","PE27 3LE","DE24 8UT","164.00","0.00","",
"All Customers","LWB","PE27 3LE","E6 7FF","126.00","0.00","",
"All Customers","LWB","PE27 3LE","HU8 8BZ","218.00","0.00","",
"All Customers","LWB","PE27 3LE","L20 8EL","286.00","0.00","",
"All Customers","LWB","PE27 3LE","LS12 6BS","230.00","0.00","",
"All Customers","LWB","PE27 3LE","M17 1GJ","270.00","0.00","",
"All Customers","LWB","PE27 3LE","ME20 7XB","164.00","0.00","",
"All Customers","LWB","PE27 3LE","NE11 0JH","329.00","0.00","",
"All Customers","LWB","PE27 3LE","RG2 0TG","108.00","0.00","",
"All Customers","LWB","PE27 3LE","S9 5FZ","196.00","0.00","",
"All Customers","LWB","PE27 3LE","SE15 1LR","166.00","0.00","",
"All Customers","LWB","PE27 3LE","SO15 0LD","230.00","0.00","",
"All Customers","LWB","PE27 3LE","TW4 6NF","126.00","0.00","",
"All Customers","LWB","RG2 0TG","B90 4QU","171.00","0.00","",
"All Customers","LWB","RG2 0TG","BS32 4RX","169.00","0.00","",
"All Customers","LWB","RG2 0TG","CM20 2DH","167.00","0.00","",
"All Customers","LWB","RG2 0TG","DE24 8UT","230.00","0.00","",
"All Customers","LWB","RG2 0TG","E6 7FF","108.00","0.00","",
"All Customers","LWB","RG2 0TG","HU8 8BZ","376.00","0.00","",
"All Customers","LWB","RG2 0TG","L20 8EL","329.00","0.00","",
"All Customers","LWB","RG2 0TG","LS12 6BS","346.00","0.00","",
"All Customers","LWB","RG2 0TG","M17 1GJ","315.00","0.00","",
"All Customers","LWB","RG2 0TG","ME20 7XB","166.00","0.00","",
"All Customers","LWB","RG2 0TG","NE11 0JH","468.00","0.00","",
"All Customers","LWB","RG2 0TG","RH10 9PY","94.00","0.00","",
"All Customers","LWB","RG2 0TG","S9 5FZ","286.00","0.00","",
"All Customers","LWB","RG2 0TG","SO15 0LD","79.00","0.00","",
"All Customers","LWB","RH10 9PY","B90 4QU","227.00","0.00","",
"All Customers","LWB","RH10 9PY","BS32 4RX","223.00","0.00","",
"All Customers","LWB","RH10 9PY","CF37 5UA","286.00","0.00","",
"All Customers","LWB","RH10 9PY","CM20 2DH","108.00","0.00","",
"All Customers","LWB","RH10 9PY","DE24 8UT","263.00","0.00","",
"All Customers","LWB","RH10 9PY","E6 7FF","94.00","0.00","",
"All Customers","LWB","RH10 9PY","HU8 8BZ","360.00","0.00","",
"All Customers","LWB","RH10 9PY","L20 8EL","391.00","0.00","",
"All Customers","LWB","RH10 9PY","LS12 6BS","360.00","0.00","",
"All Customers","LWB","RH10 9PY","M17 1GJ","437.00","0.00","",
"All Customers","LWB","RH10 9PY","ME20 7XB","85.00","0.00","",
"All Customers","LWB","RH10 9PY","NE11 0JH","486.00","0.00","",
"All Customers","LWB","RH10 9PY","PE27 3LE","189.00","0.00","",
"All Customers","LWB","RH10 9PY","RG2 0TG","108.00","0.00","",
"All Customers","LWB","RH10 9PY","S9 5FZ","346.00","0.00","",
"All Customers","LWB","RH10 9PY","SO15 0LD","126.00","0.00","",
"All Customers","LWB","S9 5FZ","B90 4QU","116.00","0.00","",
"All Customers","LWB","S9 5FZ","BS32 4RX","248.00","0.00","",
"All Customers","LWB","S9 5FZ","CF37 5UA","289.00","0.00","",
"All Customers","LWB","S9 5FZ","CM20 2DH","248.00","0.00","",
"All Customers","LWB","S9 5FZ","CR4 4HR","290.00","0.00","",
"All Customers","LWB","S9 5FZ","DE24 8UT","73.00","0.00","",
"All Customers","LWB","S9 5FZ","E6 7FF","262.00","0.00","",
"All Customers","LWB","S9 5FZ","HU8 8BZ","99.00","0.00","",
"All Customers","LWB","S9 5FZ","L20 8EL","168.00","0.00","",
"All Customers","LWB","S9 5FZ","M17 1GJ","99.00","0.00","",
"All Customers","LWB","S9 5FZ","ME20 7XB","289.00","0.00","",
"All Customers","LWB","S9 5FZ","NE11 0JH","190.00","0.00","",
"All Customers","LWB","S9 5FZ","PE27 3LE","188.00","0.00","",
"All Customers","LWB","S9 5FZ","RG2 0TG","262.00","0.00","",
"All Customers","LWB","S9 5FZ","RH10 9PY","289.00","0.00","",
"All Customers","LWB","S9 5FZ","SE15 1LR","277.00","0.00","",
"All Customers","LWB","S9 5FZ","SO15 0LD","289.00","0.00","",
"All Customers","LWB","S9 5FZ","TW4 6NF","248.00","0.00","",
"All Customers","LWB","SE15 1LR","B90 4QU","198.00","0.00","",
"All Customers","LWB","SE15 1LR","BS32 4RX","207.00","0.00","",
"All Customers","LWB","SE15 1LR","DE24 8UT","218.00","0.00","",
"All Customers","LWB","SE15 1LR","HU8 8BZ","315.00","0.00","",
"All Customers","LWB","SE15 1LR","L20 8EL","346.00","0.00","",
"All Customers","LWB","SE15 1LR","LS12 6BS","315.00","0.00","",
"All Customers","LWB","SE15 1LR","M17 1GJ","315.00","0.00","",
"All Customers","LWB","SE15 1LR","ME20 7XB","85.00","0.00","",
"All Customers","LWB","SE15 1LR","NE11 0JH","437.00","0.00","",
"All Customers","LWB","SE15 1LR","PE27 3LE","166.00","0.00","",
"All Customers","LWB","SE15 1LR","RG2 0TG","79.00","0.00","",
"All Customers","LWB","SE15 1LR","RH10 9PY","85.00","0.00","",
"All Customers","LWB","SE15 1LR","S9 5FZ","286.00","0.00","",
"All Customers","LWB","SE15 1LR","SO15 0LD","126.00","0.00","",
"All Customers","LWB","SO15 0LD","B90 4QU","206.00","0.00","",
"All Customers","LWB","SO15 0LD","BS32 4RX","162.00","0.00","",
"All Customers","LWB","SO15 0LD","CF37 5UA","218.00","0.00","",
"All Customers","LWB","SO15 0LD","CM20 2DH","192.00","0.00","",
"All Customers","LWB","SO15 0LD","CR4 4HR","102.00","0.00","",
"All Customers","LWB","SO15 0LD","DE24 8UT","241.00","0.00","",
"All Customers","LWB","SO15 0LD","E6 7FF","170.00","0.00","",
"All Customers","LWB","SO15 0LD","HU8 8BZ","369.00","0.00","",
"All Customers","LWB","SO15 0LD","L20 8EL","355.00","0.00","",
"All Customers","LWB","SO15 0LD","LS12 6BS","340.00","0.00","",
"All Customers","LWB","SO15 0LD","M17 1GJ","326.00","0.00","",
"All Customers","LWB","SO15 0LD","ME20 7XB","185.00","0.00","",
"All Customers","LWB","SO15 0LD","NE11 0JH","471.00","0.00","",
"All Customers","LWB","SO15 0LD","PE27 3LE","235.00","0.00","",
"All Customers","LWB","SO15 0LD","RG2 0TG","75.00","0.00","",
"All Customers","LWB","SO15 0LD","RH10 9PY","155.00","0.00","",
"All Customers","LWB","SO15 0LD","SE15 1LR","102.00","0.00","",
"All Customers","LWB","SO15 0LD","TW4 6NF","119.00","0.00","",
"All Customers","LWB","TW4 6NF","B90 4QU","176.00","0.00","",
"All Customers","LWB","TW4 6NF","BS32 4RX","180.00","0.00","",
"All Customers","LWB","TW4 6NF","CF37 5UA","234.00","0.00","",
"All Customers","LWB","TW4 6NF","DE24 8UT","212.00","0.00","",
"All Customers","LWB","TW4 6NF","HU8 8BZ","346.00","0.00","",
"All Customers","LWB","TW4 6NF","L20 8EL","329.00","0.00","",
"All Customers","LWB","TW4 6NF","LS12 6BS","315.00","0.00","",
"All Customers","LWB","TW4 6NF","M17 1GJ","315.00","0.00","",
"All Customers","LWB","TW4 6NF","ME20 7XB","108.00","0.00","",
"All Customers","LWB","TW4 6NF","NE11 0JH","437.00","0.00","",
"All Customers","LWB","TW4 6NF","PE27 3LE","169.00","0.00","",
"All Customers","LWB","TW4 6NF","RG2 0TG","85.00","0.00","",
"All Customers","LWB","TW4 6NF","RH10 9PY","85.00","0.00","",
"All Customers","LWB","TW4 6NF","S9 5FZ","270.00","0.00","",
"All Customers","LWB","TW4 6NF","SO15 0LD","126.00","0.00","",
"All Customers","LWB (Depot to Depot)","B90 4QU","BS32 4RX","102.00","0.00","",
"All Customers","LWB (Depot to Depot)","B90 4QU","CF37 5UA","184.00","0.00","",
"All Customers","LWB (Depot to Depot)","B90 4QU","CM20 2DH","218.00","0.00","",
"All Customers","LWB (Depot to Depot)","B90 4QU","CR4 4HR","206.00","0.00","",
"All Customers","LWB (Depot to Depot)","B90 4QU","DE24 8UT","88.00","0.00","",
"All Customers","LWB (Depot to Depot)","B90 4QU","E6 7FF","196.00","0.00","",
"All Customers","LWB (Depot to Depot)","B90 4QU","HU8 8BZ","218.00","0.00","",
"All Customers","LWB (Depot to Depot)","B90 4QU","L20 8EL","190.00","0.00","",
"All Customers","LWB (Depot to Depot)","B90 4QU","LS12 6BS","196.00","0.00","",
"All Customers","LWB (Depot to Depot)","B90 4QU","M17 1GJ","168.00","0.00","",
"All Customers","LWB (Depot to Depot)","B90 4QU","ME20 7XB","241.00","0.00","",
"All Customers","LWB (Depot to Depot)","B90 4QU","NE11 0JH","298.00","0.00","",
"All Customers","LWB (Depot to Depot)","B90 4QU","PE27 3LE","119.00","0.00","",
"All Customers","LWB (Depot to Depot)","B90 4QU","RG2 0TG","162.00","0.00","",
"All Customers","LWB (Depot to Depot)","B90 4QU","RH10 9PY","218.00","0.00","",
"All Customers","LWB (Depot to Depot)","B90 4QU","SE15 1LR","184.00","0.00","",
"All Customers","LWB (Depot to Depot)","B90 4QU","SO15 0LD","196.00","0.00","",
"All Customers","LWB (Depot to Depot)","B90 4QU","TW4 6NF","162.00","0.00","",
"All Customers","LWB (Depot to Depot)","BS32 4RX","B90 4QU","102.00","0.00","",
"All Customers","LWB (Depot to Depot)","BS32 4RX","CF37 5UA","70.00","0.00","",
"All Customers","LWB (Depot to Depot)","BS32 4RX","CM20 2DH","241.00","0.00","",
"All Customers","LWB (Depot to Depot)","BS32 4RX","CR4 4HR","192.00","0.00","",
"All Customers","LWB (Depot to Depot)","BS32 4RX","DE24 8UT","204.00","0.00","",
"All Customers","LWB (Depot to Depot)","BS32 4RX","E6 7FF","241.00","0.00","",
"All Customers","LWB (Depot to Depot)","BS32 4RX","HU8 8BZ","326.00","0.00","",
"All Customers","LWB (Depot to Depot)","BS32 4RX","L20 8EL","270.00","0.00","",
"All Customers","LWB (Depot to Depot)","BS32 4RX","LS12 6BS","298.00","0.00","",
"All Customers","LWB (Depot to Depot)","BS32 4RX","M17 1GJ","248.00","0.00","",
"All Customers","LWB (Depot to Depot)","BS32 4RX","ME20 7XB","241.00","0.00","",
"All Customers","LWB (Depot to Depot)","BS32 4RX","NE11 0JH","413.00","0.00","",
"All Customers","LWB (Depot to Depot)","BS32 4RX","PE27 3LE","241.00","0.00","",
"All Customers","LWB (Depot to Depot)","BS32 4RX","RG2 0TG","160.00","0.00","",
"All Customers","LWB (Depot to Depot)","BS32 4RX","RH10 9PY","209.00","0.00","",
"All Customers","LWB (Depot to Depot)","BS32 4RX","SE15 1LR","190.00","0.00","",
"All Customers","LWB (Depot to Depot)","BS32 4RX","SO15 0LD","172.00","0.00","",
"All Customers","LWB (Depot to Depot)","BS32 4RX","TW4 6NF","172.00","0.00","",
"All Customers","LWB (Depot to Depot)","CF37 5UA","B90 4QU","192.00","0.00","",
"All Customers","LWB (Depot to Depot)","CF37 5UA","BS32 4RX","70.00","0.00","",
"All Customers","LWB (Depot to Depot)","CF37 5UA","CM20 2DH","299.00","0.00","",
"All Customers","LWB (Depot to Depot)","CF37 5UA","CR4 4HR","241.00","0.00","",
"All Customers","LWB (Depot to Depot)","CF37 5UA","DE24 8UT","238.00","0.00","",
"All Customers","LWB (Depot to Depot)","CF37 5UA","E6 7FF","255.00","0.00","",
"All Customers","LWB (Depot to Depot)","CF37 5UA","HU8 8BZ","369.00","0.00","",
"All Customers","LWB (Depot to Depot)","CF37 5UA","L20 8EL","255.00","0.00","",
"All Customers","LWB (Depot to Depot)","CF37 5UA","LS12 6BS","340.00","0.00","",
"All Customers","LWB (Depot to Depot)","CF37 5UA","M17 1GJ","299.00","0.00","",
"All Customers","LWB (Depot to Depot)","CF37 5UA","ME20 7XB","286.00","0.00","",
"All Customers","LWB (Depot to Depot)","CF37 5UA","NE11 0JH","459.00","0.00","",
"All Customers","LWB (Depot to Depot)","CF37 5UA","PE27 3LE","298.00","0.00","",
"All Customers","LWB (Depot to Depot)","CF37 5UA","RG2 0TG","185.00","0.00","",
"All Customers","LWB (Depot to Depot)","CF37 5UA","RH10 9PY","255.00","0.00","",
"All Customers","LWB (Depot to Depot)","CF37 5UA","SE15 1LR","241.00","0.00","",
"All Customers","LWB (Depot to Depot)","CF37 5UA","SO15 0LD","218.00","0.00","",
"All Customers","LWB (Depot to Depot)","CF37 5UA","TW4 6NF","218.00","0.00","",
"All Customers","LWB (Depot to Depot)","CM20 2DH","B90 4QU","223.00","0.00","",
"All Customers","LWB (Depot to Depot)","CM20 2DH","BS32 4RX","256.00","0.00","",
"All Customers","LWB (Depot to Depot)","CM20 2DH","CF37 5UA","286.00","0.00","",
"All Customers","LWB (Depot to Depot)","CM20 2DH","CR4 4HR","85.00","0.00","",
"All Customers","LWB (Depot to Depot)","CM20 2DH","DE24 8UT","223.00","0.00","",
"All Customers","LWB (Depot to Depot)","CM20 2DH","E6 7FF","85.00","0.00","",
"All Customers","LWB (Depot to Depot)","CM20 2DH","HU8 8BZ","286.00","0.00","",
"All Customers","LWB (Depot to Depot)","CM20 2DH","L20 8EL","346.00","0.00","",
"All Customers","LWB (Depot to Depot)","CM20 2DH","LS12 6BS","302.00","0.00","",
"All Customers","LWB (Depot to Depot)","CM20 2DH","M17 1GJ","329.00","0.00","",
"All Customers","LWB (Depot to Depot)","CM20 2DH","ME20 7XB","94.00","0.00","",
"All Customers","LWB (Depot to Depot)","CM20 2DH","NE11 0JH","405.00","0.00","",
"All Customers","LWB (Depot to Depot)","CM20 2DH","PE27 3LE","94.00","0.00","",
"All Customers","LWB (Depot to Depot)","CM20 2DH","RG2 0TG","126.00","0.00","",
"All Customers","LWB (Depot to Depot)","CM20 2DH","RH10 9PY","108.00","0.00","",
"All Customers","LWB (Depot to Depot)","CM20 2DH","SE15 1LR","85.00","0.00","",
"All Customers","LWB (Depot to Depot)","CM20 2DH","SO15 0LD","202.00","0.00","",
"All Customers","LWB (Depot to Depot)","CM20 2DH","TW4 6NF","85.00","0.00","",
"All Customers","LWB (Depot to Depot)","CR4 4HR","B90 4QU","216.00","0.00","",
"All Customers","LWB (Depot to Depot)","CR4 4HR","BS32 4RX","207.00","0.00","",
"All Customers","LWB (Depot to Depot)","CR4 4HR","CF37 5UA","256.00","0.00","",
"All Customers","LWB (Depot to Depot)","CR4 4HR","CM20 2DH","94.00","0.00","",
"All Customers","LWB (Depot to Depot)","CR4 4HR","DE24 8UT","238.00","0.00","",
"All Customers","LWB (Depot to Depot)","CR4 4HR","E6 7FF","85.00","0.00","",
"All Customers","LWB (Depot to Depot)","CR4 4HR","HU8 8BZ","376.00","0.00","",
"All Customers","LWB (Depot to Depot)","CR4 4HR","L20 8EL","360.00","0.00","",
"All Customers","LWB (Depot to Depot)","CR4 4HR","LS12 6BS","346.00","0.00","",
"All Customers","LWB (Depot to Depot)","CR4 4HR","M17 1GJ","346.00","0.00","",
"All Customers","LWB (Depot to Depot)","CR4 4HR","ME20 7XB","85.00","0.00","",
"All Customers","LWB (Depot to Depot)","CR4 4HR","NE11 0JH","452.00","0.00","",
"All Customers","LWB (Depot to Depot)","CR4 4HR","PE27 3LE","171.00","0.00","",
"All Customers","LWB (Depot to Depot)","CR4 4HR","RG2 0TG","85.00","0.00","",
"All Customers","LWB (Depot to Depot)","CR4 4HR","RH10 9PY","85.00","0.00","",
"All Customers","LWB (Depot to Depot)","CR4 4HR","SE15 1LR","85.00","0.00","",
"All Customers","LWB (Depot to Depot)","CR4 4HR","SO15 0LD","108.00","0.00","",
"All Customers","LWB (Depot to Depot)","CR4 4HR","TW4 6NF","85.00","0.00","",
"All Customers","LWB (Depot to Depot)","DE24 8UT","B90 4QU","88.00","0.00","",
"All Customers","LWB (Depot to Depot)","DE24 8UT","BS32 4RX","204.00","0.00","",
"All Customers","LWB (Depot to Depot)","DE24 8UT","CF37 5UA","241.00","0.00","",
"All Customers","LWB (Depot to Depot)","DE24 8UT","CM20 2DH","214.00","0.00","",
"All Customers","LWB (Depot to Depot)","DE24 8UT","CR4 4HR","224.00","0.00","",
"All Customers","LWB (Depot to Depot)","DE24 8UT","E6 7FF","221.00","0.00","",
"All Customers","LWB (Depot to Depot)","DE24 8UT","HU8 8BZ","156.00","0.00","",
"All Customers","LWB (Depot to Depot)","DE24 8UT","L20 8EL","160.00","0.00","",
"All Customers","LWB (Depot to Depot)","DE24 8UT","LS12 6BS","158.00","0.00","",
"All Customers","LWB (Depot to Depot)","DE24 8UT","M17 1GJ","119.00","0.00","",
"All Customers","LWB (Depot to Depot)","DE24 8UT","ME20 7XB","255.00","0.00","",
"All Customers","LWB (Depot to Depot)","DE24 8UT","NE11 0JH","241.00","0.00","",
"All Customers","LWB (Depot to Depot)","DE24 8UT","PE27 3LE","155.00","0.00","",
"All Customers","LWB (Depot to Depot)","DE24 8UT","RG2 0TG","221.00","0.00","",
"All Customers","LWB (Depot to Depot)","DE24 8UT","RH10 9PY","241.00","0.00","",
"All Customers","LWB (Depot to Depot)","DE24 8UT","SE15 1LR","202.00","0.00","",
"All Customers","LWB (Depot to Depot)","DE24 8UT","SO15 0LD","255.00","0.00","",
"All Customers","LWB (Depot to Depot)","DE24 8UT","TW4 6NF","235.00","0.00","",
"All Customers","LWB (Depot to Depot)","E6 7FF","B90 4QU","207.00","0.00","",
"All Customers","LWB (Depot to Depot)","E6 7FF","BS32 4RX","256.00","0.00","",
"All Customers","LWB (Depot to Depot)","E6 7FF","CF37 5UA","317.00","0.00","",
"All Customers","LWB (Depot to Depot)","E6 7FF","CM20 2DH","85.00","0.00","",
"All Customers","LWB (Depot to Depot)","E6 7FF","CR4 4HR","85.00","0.00","",
"All Customers","LWB (Depot to Depot)","E6 7FF","DE24 8UT","234.00","0.00","",
"All Customers","LWB (Depot to Depot)","E6 7FF","HU8 8BZ","317.00","0.00","",
"All Customers","LWB (Depot to Depot)","E6 7FF","L20 8EL","360.00","0.00","",
"All Customers","LWB (Depot to Depot)","E6 7FF","LS12 6BS","315.00","0.00","",
"All Customers","LWB (Depot to Depot)","E6 7FF","M17 1GJ","329.00","0.00","",
"All Customers","LWB (Depot to Depot)","E6 7FF","ME20 7XB","85.00","0.00","",
"All Customers","LWB (Depot to Depot)","E6 7FF","NE11 0JH","421.00","0.00","",
"All Customers","LWB (Depot to Depot)","E6 7FF","PE27 3LE","126.00","0.00","",
"All Customers","LWB (Depot to Depot)","E6 7FF","RG2 0TG","85.00","0.00","",
"All Customers","LWB (Depot to Depot)","E6 7FF","RH10 9PY","94.00","0.00","",
"All Customers","LWB (Depot to Depot)","E6 7FF","SE15 1LR","85.00","0.00","",
"All Customers","LWB (Depot to Depot)","E6 7FF","SO15 0LD","205.00","0.00","",
"All Customers","LWB (Depot to Depot)","E6 7FF","TW4 6NF","85.00","0.00","",
"All Customers","LWB (Depot to Depot)","HU8 8BZ","B90 4QU","211.00","0.00","",
"All Customers","LWB (Depot to Depot)","HU8 8BZ","BS32 4RX","317.00","0.00","",
"All Customers","LWB (Depot to Depot)","HU8 8BZ","CF37 5UA","358.00","0.00","",
"All Customers","LWB (Depot to Depot)","HU8 8BZ","CM20 2DH","262.00","0.00","",
"All Customers","LWB (Depot to Depot)","HU8 8BZ","CR4 4HR","345.00","0.00","",
"All Customers","LWB (Depot to Depot)","HU8 8BZ","DE24 8UT","152.00","0.00","",
"All Customers","LWB (Depot to Depot)","HU8 8BZ","E6 7FF","290.00","0.00","",
"All Customers","LWB (Depot to Depot)","HU8 8BZ","L20 8EL","196.00","0.00","",
"All Customers","LWB (Depot to Depot)","HU8 8BZ","LS12 6BS","99.00","0.00","",
"All Customers","LWB (Depot to Depot)","HU8 8BZ","M17 1GJ","163.00","0.00","",
"All Customers","LWB (Depot to Depot)","HU8 8BZ","ME20 7XB","317.00","0.00","",
"All Customers","LWB (Depot to Depot)","HU8 8BZ","NE11 0JH","211.00","0.00","",
"All Customers","LWB (Depot to Depot)","HU8 8BZ","PE27 3LE","200.00","0.00","",
"All Customers","LWB (Depot to Depot)","HU8 8BZ","RG2 0TG","302.00","0.00","",
"All Customers","LWB (Depot to Depot)","HU8 8BZ","RH10 9PY","330.00","0.00","",
"All Customers","LWB (Depot to Depot)","HU8 8BZ","SE15 1LR","289.00","0.00","",
"All Customers","LWB (Depot to Depot)","HU8 8BZ","SO15 0LD","345.00","0.00","",
"All Customers","LWB (Depot to Depot)","HU8 8BZ","TW4 6NF","289.00","0.00","",
"All Customers","LWB (Depot to Depot)","L20 8EL","B90 4QU","185.00","0.00","",
"All Customers","LWB (Depot to Depot)","L20 8EL","BS32 4RX","248.00","0.00","",
"All Customers","LWB (Depot to Depot)","L20 8EL","CF37 5UA","248.00","0.00","",
"All Customers","LWB (Depot to Depot)","L20 8EL","CM20 2DH","317.00","0.00","",
"All Customers","LWB (Depot to Depot)","L20 8EL","CR4 4HR","345.00","0.00","",
"All Customers","LWB (Depot to Depot)","L20 8EL","DE24 8UT","155.00","0.00","",
"All Customers","LWB (Depot to Depot)","L20 8EL","E6 7FF","330.00","0.00","",
"All Customers","LWB (Depot to Depot)","L20 8EL","HU8 8BZ","196.00","0.00","",
"All Customers","LWB (Depot to Depot)","L20 8EL","LS12 6BS","116.00","0.00","",
"All Customers","LWB (Depot to Depot)","L20 8EL","M17 1GJ","70.00","0.00","",
"All Customers","LWB (Depot to Depot)","L20 8EL","ME20 7XB","371.00","0.00","",
"All Customers","LWB (Depot to Depot)","L20 8EL","NE11 0JH","248.00","0.00","",
"All Customers","LWB (Depot to Depot)","L20 8EL","PE27 3LE","262.00","0.00","",
"All Customers","LWB (Depot to Depot)","L20 8EL","RG2 0TG","302.00","0.00","",
"All Customers","LWB (Depot to Depot)","L20 8EL","RH10 9PY","345.00","0.00","",
"All Customers","LWB (Depot to Depot)","L20 8EL","SE15 1LR","317.00","0.00","",
"All Customers","LWB (Depot to Depot)","L20 8EL","SO15 0LD","345.00","0.00","",
"All Customers","LWB (Depot to Depot)","L20 8EL","TW4 6NF","302.00","0.00","",
"All Customers","LWB (Depot to Depot)","LS12 6BS","B90 4QU","190.00","0.00","",
"All Customers","LWB (Depot to Depot)","LS12 6BS","BS32 4RX","289.00","0.00","",
"All Customers","LWB (Depot to Depot)","LS12 6BS","CF37 5UA","330.00","0.00","",
"All Customers","LWB (Depot to Depot)","LS12 6BS","CM20 2DH","277.00","0.00","",
"All Customers","LWB (Depot to Depot)","LS12 6BS","CR4 4HR","317.00","0.00","",
"All Customers","LWB (Depot to Depot)","LS12 6BS","DE24 8UT","155.00","0.00","",
"All Customers","LWB (Depot to Depot)","LS12 6BS","E6 7FF","289.00","0.00","",
"All Customers","LWB (Depot to Depot)","LS12 6BS","HU8 8BZ","99.00","0.00","",
"All Customers","LWB (Depot to Depot)","LS12 6BS","L20 8EL","116.00","0.00","",
"All Customers","LWB (Depot to Depot)","LS12 6BS","M17 1GJ","73.00","0.00","",
"All Customers","LWB (Depot to Depot)","LS12 6BS","ME20 7XB","317.00","0.00","",
"All Customers","LWB (Depot to Depot)","LS12 6BS","NE11 0JH","157.00","0.00","",
"All Customers","LWB (Depot to Depot)","LS12 6BS","PE27 3LE","211.00","0.00","",
"All Customers","LWB (Depot to Depot)","LS12 6BS","RG2 0TG","302.00","0.00","",
"All Customers","LWB (Depot to Depot)","LS12 6BS","RH10 9PY","330.00","0.00","",
"All Customers","LWB (Depot to Depot)","LS12 6BS","SE15 1LR","289.00","0.00","",
"All Customers","LWB (Depot to Depot)","LS12 6BS","SO15 0LD","330.00","0.00","",
"All Customers","LWB (Depot to Depot)","LS12 6BS","TW4 6NF","290.00","0.00","",
"All Customers","LWB (Depot to Depot)","M17 1GJ","B90 4QU","162.00","0.00","",
"All Customers","LWB (Depot to Depot)","M17 1GJ","BS32 4RX","234.00","0.00","",
"All Customers","LWB (Depot to Depot)","M17 1GJ","CF37 5UA","277.00","0.00","",
"All Customers","LWB (Depot to Depot)","M17 1GJ","CM20 2DH","302.00","0.00","",
"All Customers","LWB (Depot to Depot)","M17 1GJ","CR4 4HR","317.00","0.00","",
"All Customers","LWB (Depot to Depot)","M17 1GJ","DE24 8UT","116.00","0.00","",
"All Customers","LWB (Depot to Depot)","M17 1GJ","E6 7FF","302.00","0.00","",
"All Customers","LWB (Depot to Depot)","M17 1GJ","HU8 8BZ","165.00","0.00","",
"All Customers","LWB (Depot to Depot)","M17 1GJ","L20 8EL","70.00","0.00","",
"All Customers","LWB (Depot to Depot)","M17 1GJ","LS12 6BS","73.00","0.00","",
"All Customers","LWB (Depot to Depot)","M17 1GJ","ME20 7XB","345.00","0.00","",
"All Customers","LWB (Depot to Depot)","M17 1GJ","NE11 0JH","243.00","0.00","",
"All Customers","LWB (Depot to Depot)","M17 1GJ","PE27 3LE","248.00","0.00","",
"All Customers","LWB (Depot to Depot)","M17 1GJ","RG2 0TG","289.00","0.00","",
"All Customers","LWB (Depot to Depot)","M17 1GJ","RH10 9PY","330.00","0.00","",
"All Customers","LWB (Depot to Depot)","M17 1GJ","SE15 1LR","302.00","0.00","",
"All Customers","LWB (Depot to Depot)","M17 1GJ","SO15 0LD","317.00","0.00","",
"All Customers","LWB (Depot to Depot)","M17 1GJ","TW4 6NF","289.00","0.00","",
"All Customers","LWB (Depot to Depot)","ME20 7XB","B90 4QU","256.00","0.00","",
"All Customers","LWB (Depot to Depot)","ME20 7XB","BS32 4RX","256.00","0.00","",
"All Customers","LWB (Depot to Depot)","ME20 7XB","CF37 5UA","302.00","0.00","",
"All Customers","LWB (Depot to Depot)","ME20 7XB","CM20 2DH","85.00","0.00","",
"All Customers","LWB (Depot to Depot)","ME20 7XB","CR4 4HR","85.00","0.00","",
"All Customers","LWB (Depot to Depot)","ME20 7XB","DE24 8UT","270.00","0.00","",
"All Customers","LWB (Depot to Depot)","ME20 7XB","E6 7FF","85.00","0.00","",
"All Customers","LWB (Depot to Depot)","ME20 7XB","HU8 8BZ","346.00","0.00","",
"All Customers","LWB (Depot to Depot)","ME20 7XB","L20 8EL","391.00","0.00","",
"All Customers","LWB (Depot to Depot)","ME20 7XB","LS12 6BS","346.00","0.00","",
"All Customers","LWB (Depot to Depot)","ME20 7XB","M17 1GJ","376.00","0.00","",
"All Customers","LWB (Depot to Depot)","ME20 7XB","NE11 0JH","468.00","0.00","",
"All Customers","LWB (Depot to Depot)","ME20 7XB","PE27 3LE","166.00","0.00","",
"All Customers","LWB (Depot to Depot)","ME20 7XB","RG2 0TG","166.00","0.00","",
"All Customers","LWB (Depot to Depot)","ME20 7XB","RH10 9PY","85.00","0.00","",
"All Customers","LWB (Depot to Depot)","ME20 7XB","SE15 1LR","85.00","0.00","",
"All Customers","LWB (Depot to Depot)","ME20 7XB","SO15 0LD","185.00","0.00","",
"All Customers","LWB (Depot to Depot)","ME20 7XB","TW4 6NF","108.00","0.00","",
"All Customers","LWB (Depot to Depot)","NE11 0JH","B90 4QU","280.00","0.00","",
"All Customers","LWB (Depot to Depot)","NE11 0JH","BS32 4RX","389.00","0.00","",
"All Customers","LWB (Depot to Depot)","NE11 0JH","CF37 5UA","443.00","0.00","",
"All Customers","LWB (Depot to Depot)","NE11 0JH","CM20 2DH","360.00","0.00","",
"All Customers","LWB (Depot to Depot)","NE11 0JH","CR4 4HR","416.00","0.00","",
"All Customers","LWB (Depot to Depot)","NE11 0JH","DE24 8UT","227.00","0.00","",
"All Customers","LWB (Depot to Depot)","NE11 0JH","E6 7FF","389.00","0.00","",
"All Customers","LWB (Depot to Depot)","NE11 0JH","HU8 8BZ","206.00","0.00","",
"All Customers","LWB (Depot to Depot)","NE11 0JH","L20 8EL","240.00","0.00","",
"All Customers","LWB (Depot to Depot)","NE11 0JH","LS12 6BS","150.00","0.00","",
"All Customers","LWB (Depot to Depot)","NE11 0JH","M17 1GJ","208.00","0.00","",
"All Customers","LWB (Depot to Depot)","NE11 0JH","ME20 7XB","442.00","0.00","",
"All Customers","LWB (Depot to Depot)","NE11 0JH","PE27 3LE","293.00","0.00","",
"All Customers","LWB (Depot to Depot)","NE11 0JH","RG2 0TG","402.00","0.00","",
"All Customers","LWB (Depot to Depot)","NE11 0JH","RH10 9PY","432.00","0.00","",
"All Customers","LWB (Depot to Depot)","NE11 0JH","SE15 1LR","389.00","0.00","",
"All Customers","LWB (Depot to Depot)","NE11 0JH","SO15 0LD","443.00","0.00","",
"All Customers","LWB (Depot to Depot)","NE11 0JH","TW4 6NF","389.00","0.00","",
"All Customers","LWB (Depot to Depot)","PE27 3LE","B90 4QU","126.00","0.00","",
"All Customers","LWB (Depot to Depot)","PE27 3LE","BS32 4RX","270.00","0.00","",
"All Customers","LWB (Depot to Depot)","PE27 3LE","CF37 5UA","317.00","0.00","",
"All Customers","LWB (Depot to Depot)","PE27 3LE","CM20 2DH","94.00","0.00","",
"All Customers","LWB (Depot to Depot)","PE27 3LE","CR4 4HR","187.00","0.00","",
"All Customers","LWB (Depot to Depot)","PE27 3LE","DE24 8UT","164.00","0.00","",
"All Customers","LWB (Depot to Depot)","PE27 3LE","E6 7FF","126.00","0.00","",
"All Customers","LWB (Depot to Depot)","PE27 3LE","HU8 8BZ","218.00","0.00","",
"All Customers","LWB (Depot to Depot)","PE27 3LE","L20 8EL","286.00","0.00","",
"All Customers","LWB (Depot to Depot)","PE27 3LE","LS12 6BS","230.00","0.00","",
"All Customers","LWB (Depot to Depot)","PE27 3LE","M17 1GJ","270.00","0.00","",
"All Customers","LWB (Depot to Depot)","PE27 3LE","ME20 7XB","164.00","0.00","",
"All Customers","LWB (Depot to Depot)","PE27 3LE","NE11 0JH","329.00","0.00","",
"All Customers","LWB (Depot to Depot)","PE27 3LE","RG2 0TG","108.00","0.00","",
"All Customers","LWB (Depot to Depot)","PE27 3LE","RH10 9PY","194.00","0.00","",
"All Customers","LWB (Depot to Depot)","PE27 3LE","SE15 1LR","166.00","0.00","",
"All Customers","LWB (Depot to Depot)","PE27 3LE","SO15 0LD","230.00","0.00","",
"All Customers","LWB (Depot to Depot)","PE27 3LE","TW4 6NF","126.00","0.00","",
"All Customers","LWB (Depot to Depot)","RG2 0TG","B90 4QU","171.00","0.00","",
"All Customers","LWB (Depot to Depot)","RG2 0TG","BS32 4RX","169.00","0.00","",
"All Customers","LWB (Depot to Depot)","RG2 0TG","CF37 5UA","196.00","0.00","",
"All Customers","LWB (Depot to Depot)","RG2 0TG","CM20 2DH","167.00","0.00","",
"All Customers","LWB (Depot to Depot)","RG2 0TG","CR4 4HR","85.00","0.00","",
"All Customers","LWB (Depot to Depot)","RG2 0TG","DE24 8UT","230.00","0.00","",
"All Customers","LWB (Depot to Depot)","RG2 0TG","E6 7FF","108.00","0.00","",
"All Customers","LWB (Depot to Depot)","RG2 0TG","HU8 8BZ","376.00","0.00","",
"All Customers","LWB (Depot to Depot)","RG2 0TG","L20 8EL","329.00","0.00","",
"All Customers","LWB (Depot to Depot)","RG2 0TG","LS12 6BS","346.00","0.00","",
"All Customers","LWB (Depot to Depot)","RG2 0TG","M17 1GJ","315.00","0.00","",
"All Customers","LWB (Depot to Depot)","RG2 0TG","ME20 7XB","166.00","0.00","",
"All Customers","LWB (Depot to Depot)","RG2 0TG","NE11 0JH","468.00","0.00","",
"All Customers","LWB (Depot to Depot)","RG2 0TG","PE27 3LE","180.00","0.00","",
"All Customers","LWB (Depot to Depot)","RG2 0TG","RH10 9PY","94.00","0.00","",
"All Customers","LWB (Depot to Depot)","RG2 0TG","SE15 1LR","85.00","0.00","",
"All Customers","LWB (Depot to Depot)","RG2 0TG","SO15 0LD","79.00","0.00","",
"All Customers","LWB (Depot to Depot)","RG2 0TG","TW4 6NF","85.00","0.00","",
"All Customers","LWB (Depot to Depot)","RH10 9PY","B90 4QU","227.00","0.00","",
"All Customers","LWB (Depot to Depot)","RH10 9PY","BS32 4RX","223.00","0.00","",
"All Customers","LWB (Depot to Depot)","RH10 9PY","CF37 5UA","286.00","0.00","",
"All Customers","LWB (Depot to Depot)","RH10 9PY","CM20 2DH","108.00","0.00","",
"All Customers","LWB (Depot to Depot)","RH10 9PY","CR4 4HR","85.00","0.00","",
"All Customers","LWB (Depot to Depot)","RH10 9PY","DE24 8UT","263.00","0.00","",
"All Customers","LWB (Depot to Depot)","RH10 9PY","E6 7FF","94.00","0.00","",
"All Customers","LWB (Depot to Depot)","RH10 9PY","HU8 8BZ","360.00","0.00","",
"All Customers","LWB (Depot to Depot)","RH10 9PY","L20 8EL","391.00","0.00","",
"All Customers","LWB (Depot to Depot)","RH10 9PY","LS12 6BS","360.00","0.00","",
"All Customers","LWB (Depot to Depot)","RH10 9PY","M17 1GJ","437.00","0.00","",
"All Customers","LWB (Depot to Depot)","RH10 9PY","ME20 7XB","85.00","0.00","",
"All Customers","LWB (Depot to Depot)","RH10 9PY","NE11 0JH","486.00","0.00","",
"All Customers","LWB (Depot to Depot)","RH10 9PY","PE27 3LE","189.00","0.00","",
"All Customers","LWB (Depot to Depot)","RH10 9PY","RG2 0TG","108.00","0.00","",
"All Customers","LWB (Depot to Depot)","RH10 9PY","SE15 1LR","85.00","0.00","",
"All Customers","LWB (Depot to Depot)","RH10 9PY","SO15 0LD","126.00","0.00","",
"All Customers","LWB (Depot to Depot)","RH10 9PY","TW4 6NF","85.00","0.00","",
"All Customers","LWB (Depot to Depot)","SE15 1LR","B90 4QU","198.00","0.00","",
"All Customers","LWB (Depot to Depot)","SE15 1LR","BS32 4RX","207.00","0.00","",
"All Customers","LWB (Depot to Depot)","SE15 1LR","CF37 5UA","286.00","0.00","",
"All Customers","LWB (Depot to Depot)","SE15 1LR","CM20 2DH","85.00","0.00","",
"All Customers","LWB (Depot to Depot)","SE15 1LR","CR4 4HR","85.00","0.00","",
"All Customers","LWB (Depot to Depot)","SE15 1LR","DE24 8UT","218.00","0.00","",
"All Customers","LWB (Depot to Depot)","SE15 1LR","E6 7FF","85.00","0.00","",
"All Customers","LWB (Depot to Depot)","SE15 1LR","HU8 8BZ","315.00","0.00","",
"All Customers","LWB (Depot to Depot)","SE15 1LR","L20 8EL","346.00","0.00","",
"All Customers","LWB (Depot to Depot)","SE15 1LR","LS12 6BS","315.00","0.00","",
"All Customers","LWB (Depot to Depot)","SE15 1LR","M17 1GJ","315.00","0.00","",
"All Customers","LWB (Depot to Depot)","SE15 1LR","ME20 7XB","85.00","0.00","",
"All Customers","LWB (Depot to Depot)","SE15 1LR","NE11 0JH","437.00","0.00","",
"All Customers","LWB (Depot to Depot)","SE15 1LR","PE27 3LE","166.00","0.00","",
"All Customers","LWB (Depot to Depot)","SE15 1LR","RG2 0TG","79.00","0.00","",
"All Customers","LWB (Depot to Depot)","SE15 1LR","RH10 9PY","85.00","0.00","",
"All Customers","LWB (Depot to Depot)","SE15 1LR","SO15 0LD","126.00","0.00","",
"All Customers","LWB (Depot to Depot)","SE15 1LR","TW4 6NF","85.00","0.00","",
"All Customers","LWB (Depot to Depot)","SO15 0LD","B90 4QU","206.00","0.00","",
"All Customers","LWB (Depot to Depot)","SO15 0LD","BS32 4RX","162.00","0.00","",
"All Customers","LWB (Depot to Depot)","SO15 0LD","CF37 5UA","218.00","0.00","",
"All Customers","LWB (Depot to Depot)","SO15 0LD","CM20 2DH","192.00","0.00","",
"All Customers","LWB (Depot to Depot)","SO15 0LD","CR4 4HR","102.00","0.00","",
"All Customers","LWB (Depot to Depot)","SO15 0LD","DE24 8UT","241.00","0.00","",
"All Customers","LWB (Depot to Depot)","SO15 0LD","E6 7FF","170.00","0.00","",
"All Customers","LWB (Depot to Depot)","SO15 0LD","HU8 8BZ","369.00","0.00","",
"All Customers","LWB (Depot to Depot)","SO15 0LD","L20 8EL","355.00","0.00","",
"All Customers","LWB (Depot to Depot)","SO15 0LD","LS12 6BS","340.00","0.00","",
"All Customers","LWB (Depot to Depot)","SO15 0LD","M17 1GJ","326.00","0.00","",
"All Customers","LWB (Depot to Depot)","SO15 0LD","ME20 7XB","185.00","0.00","",
"All Customers","LWB (Depot to Depot)","SO15 0LD","NE11 0JH","471.00","0.00","",
"All Customers","LWB (Depot to Depot)","SO15 0LD","PE27 3LE","235.00","0.00","",
"All Customers","LWB (Depot to Depot)","SO15 0LD","RG2 0TG","75.00","0.00","",
"All Customers","LWB (Depot to Depot)","SO15 0LD","RH10 9PY","155.00","0.00","",
"All Customers","LWB (Depot to Depot)","SO15 0LD","SE15 1LR","102.00","0.00","",
"All Customers","LWB (Depot to Depot)","SO15 0LD","TW4 6NF","119.00","0.00","",
"All Customers","LWB (Depot to Depot)","TW4 6NF","B90 4QU","176.00","0.00","",
"All Customers","LWB (Depot to Depot)","TW4 6NF","BS32 4RX","180.00","0.00","",
"All Customers","LWB (Depot to Depot)","TW4 6NF","CF37 5UA","234.00","0.00","",
"All Customers","LWB (Depot to Depot)","TW4 6NF","CM20 2DH","108.00","0.00","",
"All Customers","LWB (Depot to Depot)","TW4 6NF","CR4 4HR","85.00","0.00","",
"All Customers","LWB (Depot to Depot)","TW4 6NF","DE24 8UT","212.00","0.00","",
"All Customers","LWB (Depot to Depot)","TW4 6NF","E6 7FF","85.00","0.00","",
"All Customers","LWB (Depot to Depot)","TW4 6NF","HU8 8BZ","346.00","0.00","",
"All Customers","LWB (Depot to Depot)","TW4 6NF","L20 8EL","329.00","0.00","",
"All Customers","LWB (Depot to Depot)","TW4 6NF","LS12 6BS","315.00","0.00","",
"All Customers","LWB (Depot to Depot)","TW4 6NF","M17 1GJ","315.00","0.00","",
"All Customers","LWB (Depot to Depot)","TW4 6NF","ME20 7XB","108.00","0.00","",
"All Customers","LWB (Depot to Depot)","TW4 6NF","NE11 0JH","437.00","0.00","",
"All Customers","LWB (Depot to Depot)","TW4 6NF","PE27 3LE","169.00","0.00","",
"All Customers","LWB (Depot to Depot)","TW4 6NF","RG2 0TG","85.00","0.00","",
"All Customers","LWB (Depot to Depot)","TW4 6NF","RH10 9PY","85.00","0.00","",
"All Customers","LWB (Depot to Depot)","TW4 6NF","SE15 1LR","85.00","0.00","",
"All Customers","LWB (Depot to Depot)","TW4 6NF","SO15 0LD","126.00","0.00","",
"All Customers","Small Van","B90 4QU","BS32 4RX","66.00","0.00","",
"All Customers","Small Van","B90 4QU","CF37 5UA","119.00","0.00","",
"All Customers","Small Van","B90 4QU","CM20 2DH","141.00","0.00","",
"All Customers","Small Van","B90 4QU","CR4 4HR","133.00","0.00","",
"All Customers","Small Van","B90 4QU","DE24 8UT","57.00","0.00","",
"All Customers","Small Van","B90 4QU","E6 7FF","127.00","0.00","",
"All Customers","Small Van","B90 4QU","HU8 8BZ","141.00","0.00","",
"All Customers","Small Van","B90 4QU","L20 8EL","123.00","0.00","",
"All Customers","Small Van","B90 4QU","LS12 6BS","127.00","0.00","",
"All Customers","Small Van","B90 4QU","M17 1GJ","109.00","0.00","",
"All Customers","Small Van","B90 4QU","ME20 7XB","156.00","0.00","",
"All Customers","Small Van","B90 4QU","NE11 0JH","193.00","0.00","",
"All Customers","Small Van","B90 4QU","PE27 3LE","77.00","0.00","",
"All Customers","Small Van","B90 4QU","RG2 0TG","105.00","0.00","",
"All Customers","Small Van","B90 4QU","RH10 9PY","141.00","0.00","",
"All Customers","Small Van","B90 4QU","S9 5FZ","77.00","0.00","",
"All Customers","Small Van","B90 4QU","SE15 1LR","119.00","0.00","",
"All Customers","Small Van","B90 4QU","SO15 0LD","127.00","0.00","",
"All Customers","Small Van","B90 4QU","TW4 6NF","105.00","0.00","",
"All Customers","Small Van","BS32 4RX","B90 4QU","84.00","0.00","",
"All Customers","Small Van","BS32 4RX","CF37 5UA","52.00","0.00","",
"All Customers","Small Van","BS32 4RX","CM20 2DH","199.00","0.00","",
"All Customers","Small Van","BS32 4RX","CR4 4HR","158.00","0.00","",
"All Customers","Small Van","BS32 4RX","DE24 8UT","168.00","0.00","",
"All Customers","Small Van","BS32 4RX","E6 7FF","199.00","0.00","",
"All Customers","Small Van","BS32 4RX","HU8 8BZ","269.00","0.00","",
"All Customers","Small Van","BS32 4RX","L20 8EL","223.00","0.00","",
"All Customers","Small Van","BS32 4RX","LS12 6BS","245.00","0.00","",
"All Customers","Small Van","BS32 4RX","M17 1GJ","204.00","0.00","",
"All Customers","Small Van","BS32 4RX","ME20 7XB","199.00","0.00","",
"All Customers","Small Van","BS32 4RX","NE11 0JH","340.00","0.00","",
"All Customers","Small Van","BS32 4RX","PE27 3LE","199.00","0.00","",
"All Customers","Small Van","BS32 4RX","RG2 0TG","132.00","0.00","",
"All Customers","Small Van","BS32 4RX","RH10 9PY","172.00","0.00","",
"All Customers","Small Van","BS32 4RX","S9 5FZ","210.00","0.00","",
"All Customers","Small Van","BS32 4RX","SE15 1LR","157.00","0.00","",
"All Customers","Small Van","BS32 4RX","SO15 0LD","141.00","0.00","",
"All Customers","Small Van","BS32 4RX","TW4 6NF","141.00","0.00","",
"All Customers","Small Van","CF37 5UA","B90 4QU","158.00","0.00","",
"All Customers","Small Van","CF37 5UA","BS32 4RX","52.00","0.00","",
"All Customers","Small Van","CF37 5UA","CM20 2DH","246.00","0.00","",
"All Customers","Small Van","CF37 5UA","CR4 4HR","199.00","0.00","",
"All Customers","Small Van","CF37 5UA","DE24 8UT","196.00","0.00","",
"All Customers","Small Van","CF37 5UA","E6 7FF","210.00","0.00","",
"All Customers","Small Van","CF37 5UA","HU8 8BZ","304.00","0.00","",
"All Customers","Small Van","CF37 5UA","L20 8EL","210.00","0.00","",
"All Customers","Small Van","CF37 5UA","LS12 6BS","280.00","0.00","",
"All Customers","Small Van","CF37 5UA","M17 1GJ","246.00","0.00","",
"All Customers","Small Van","CF37 5UA","ME20 7XB","235.00","0.00","",
"All Customers","Small Van","CF37 5UA","NE11 0JH","378.00","0.00","",
"All Customers","Small Van","CF37 5UA","PE27 3LE","245.00","0.00","",
"All Customers","Small Van","CF37 5UA","RG2 0TG","153.00","0.00","",
"All Customers","Small Van","CF37 5UA","RH10 9PY","210.00","0.00","",
"All Customers","Small Van","CF37 5UA","SE15 1LR","199.00","0.00","",
"All Customers","Small Van","CF37 5UA","SO15 0LD","179.00","0.00","",
"All Customers","Small Van","CF37 5UA","TW4 6NF","179.00","0.00","",
"All Customers","Small Van","CM20 2DH","B90 4QU","186.00","0.00","",
"All Customers","Small Van","CM20 2DH","BS32 4RX","213.00","0.00","",
"All Customers","Small Van","CM20 2DH","CF37 5UA","239.00","0.00","",
"All Customers","Small Van","CM20 2DH","DE24 8UT","186.00","0.00","",
"All Customers","Small Van","CM20 2DH","HU8 8BZ","239.00","0.00","",
"All Customers","Small Van","CM20 2DH","L20 8EL","288.00","0.00","",
"All Customers","Small Van","CM20 2DH","LS12 6BS","252.00","0.00","",
"All Customers","Small Van","CM20 2DH","M17 1GJ","275.00","0.00","",
"All Customers","Small Van","CM20 2DH","ME20 7XB","78.00","0.00","",
"All Customers","Small Van","CM20 2DH","NE11 0JH","338.00","0.00","",
"All Customers","Small Van","CM20 2DH","PE27 3LE","78.00","0.00","",
"All Customers","Small Van","CM20 2DH","RH10 9PY","90.00","0.00","",
"All Customers","Small Van","CM20 2DH","S9 5FZ","213.00","0.00","",
"All Customers","Small Van","CM20 2DH","SO15 0LD","168.00","0.00","",
"All Customers","Small Van","CR4 4HR","B90 4QU","180.00","0.00","",
"All Customers","Small Van","CR4 4HR","BS32 4RX","173.00","0.00","",
"All Customers","Small Van","CR4 4HR","CF37 5UA","213.00","0.00","",
"All Customers","Small Van","CR4 4HR","CM20 2DH","78.00","0.00","",
"All Customers","Small Van","CR4 4HR","DE24 8UT","198.00","0.00","",
"All Customers","Small Van","CR4 4HR","HU8 8BZ","314.00","0.00","",
"All Customers","Small Van","CR4 4HR","L20 8EL","300.00","0.00","",
"All Customers","Small Van","CR4 4HR","LS12 6BS","288.00","0.00","",
"All Customers","Small Van","CR4 4HR","M17 1GJ","288.00","0.00","",
"All Customers","Small Van","CR4 4HR","ME20 7XB","56.00","0.00","",
"All Customers","Small Van","CR4 4HR","NE11 0JH","377.00","0.00","",
"All Customers","Small Van","CR4 4HR","PE27 3LE","143.00","0.00","",
"All Customers","Small Van","CR4 4HR","RG2 0TG","66.00","0.00","",
"All Customers","Small Van","CR4 4HR","RH10 9PY","65.00","0.00","",
"All Customers","Small Van","CR4 4HR","S9 5FZ","252.00","0.00","",
"All Customers","Small Van","CR4 4HR","SO15 0LD","90.00","0.00","",
"All Customers","Small Van","DE24 8UT","B90 4QU","57.00","0.00","",
"All Customers","Small Van","DE24 8UT","BS32 4RX","132.00","0.00","",
"All Customers","Small Van","DE24 8UT","CF37 5UA","156.00","0.00","",
"All Customers","Small Van","DE24 8UT","CM20 2DH","139.00","0.00","",
"All Customers","Small Van","DE24 8UT","CR4 4HR","145.00","0.00","",
"All Customers","Small Van","DE24 8UT","E6 7FF","143.00","0.00","",
"All Customers","Small Van","DE24 8UT","HU8 8BZ","101.00","0.00","",
"All Customers","Small Van","DE24 8UT","L20 8EL","103.00","0.00","",
"All Customers","Small Van","DE24 8UT","LS12 6BS","102.00","0.00","",
"All Customers","Small Van","DE24 8UT","M17 1GJ","77.00","0.00","",
"All Customers","Small Van","DE24 8UT","ME20 7XB","165.00","0.00","",
"All Customers","Small Van","DE24 8UT","NE11 0JH","156.00","0.00","",
"All Customers","Small Van","DE24 8UT","PE27 3LE","100.00","0.00","",
"All Customers","Small Van","DE24 8UT","RG2 0TG","143.00","0.00","",
"All Customers","Small Van","DE24 8UT","RH10 9PY","156.00","0.00","",
"All Customers","Small Van","DE24 8UT","S9 5FZ","50.00","0.00","",
"All Customers","Small Van","DE24 8UT","SE15 1LR","131.00","0.00","",
"All Customers","Small Van","DE24 8UT","SO15 0LD","165.00","0.00","",
"All Customers","Small Van","DE24 8UT","TW4 6NF","152.00","0.00","",
"All Customers","Small Van","E6 7FF","B90 4QU","173.00","0.00","",
"All Customers","Small Van","E6 7FF","BS32 4RX","213.00","0.00","",
"All Customers","Small Van","E6 7FF","CF37 5UA","264.00","0.00","",
"All Customers","Small Van","E6 7FF","CM20 2DH","65.00","0.00","",
"All Customers","Small Van","E6 7FF","DE24 8UT","195.00","0.00","",
"All Customers","Small Van","E6 7FF","HU8 8BZ","264.00","0.00","",
"All Customers","Small Van","E6 7FF","L20 8EL","300.00","0.00","",
"All Customers","Small Van","E6 7FF","LS12 6BS","263.00","0.00","",
"All Customers","Small Van","E6 7FF","M17 1GJ","275.00","0.00","",
"All Customers","Small Van","E6 7FF","ME20 7XB","65.00","0.00","",
"All Customers","Small Van","E6 7FF","NE11 0JH","351.00","0.00","",
"All Customers","Small Van","E6 7FF","PE27 3LE","105.00","0.00","",
"All Customers","Small Van","E6 7FF","RG2 0TG","90.00","0.00","",
"All Customers","Small Van","E6 7FF","RH10 9PY","78.00","0.00","",
"All Customers","Small Van","E6 7FF","S9 5FZ","239.00","0.00","",
"All Customers","Small Van","E6 7FF","SO15 0LD","171.00","0.00","",
"All Customers","Small Van","HU8 8BZ","B90 4QU","173.00","0.00","",
"All Customers","Small Van","HU8 8BZ","BS32 4RX","259.00","0.00","",
"All Customers","Small Van","HU8 8BZ","CF37 5UA","293.00","0.00","",
"All Customers","Small Van","HU8 8BZ","CM20 2DH","215.00","0.00","",
"All Customers","Small Van","HU8 8BZ","CR4 4HR","282.00","0.00","",
"All Customers","Small Van","HU8 8BZ","DE24 8UT","124.00","0.00","",
"All Customers","Small Van","HU8 8BZ","E6 7FF","238.00","0.00","",
"All Customers","Small Van","HU8 8BZ","L20 8EL","161.00","0.00","",
"All Customers","Small Van","HU8 8BZ","LS12 6BS","81.00","0.00","",
"All Customers","Small Van","HU8 8BZ","M17 1GJ","134.00","0.00","",
"All Customers","Small Van","HU8 8BZ","ME20 7XB","259.00","0.00","",
"All Customers","Small Van","HU8 8BZ","NE11 0JH","173.00","0.00","",
"All Customers","Small Van","HU8 8BZ","PE27 3LE","163.00","0.00","",
"All Customers","Small Van","HU8 8BZ","RG2 0TG","247.00","0.00","",
"All Customers","Small Van","HU8 8BZ","RH10 9PY","270.00","0.00","",
"All Customers","Small Van","HU8 8BZ","S9 5FZ","95.00","0.00","",
"All Customers","Small Van","HU8 8BZ","SE15 1LR","236.00","0.00","",
"All Customers","Small Van","HU8 8BZ","SO15 0LD","282.00","0.00","",
"All Customers","Small Van","HU8 8BZ","TW4 6NF","236.00","0.00","",
"All Customers","Small Van","L20 8EL","B90 4QU","151.00","0.00","",
"All Customers","Small Van","L20 8EL","BS32 4RX","203.00","0.00","",
"All Customers","Small Van","L20 8EL","CF37 5UA","203.00","0.00","",
"All Customers","Small Van","L20 8EL","CM20 2DH","259.00","0.00","",
"All Customers","Small Van","L20 8EL","CR4 4HR","282.00","0.00","",
"All Customers","Small Van","L20 8EL","DE24 8UT","127.00","0.00","",
"All Customers","Small Van","L20 8EL","E6 7FF","270.00","0.00","",
"All Customers","Small Van","L20 8EL","HU8 8BZ","161.00","0.00","",
"All Customers","Small Van","L20 8EL","LS12 6BS","95.00","0.00","",
"All Customers","Small Van","L20 8EL","M17 1GJ","50.00","0.00","",
"All Customers","Small Van","L20 8EL","ME20 7XB","304.00","0.00","",
"All Customers","Small Van","L20 8EL","NE11 0JH","203.00","0.00","",
"All Customers","Small Van","L20 8EL","PE27 3LE","215.00","0.00","",
"All Customers","Small Van","L20 8EL","RG2 0TG","247.00","0.00","",
"All Customers","Small Van","L20 8EL","RH10 9PY","282.00","0.00","",
"All Customers","Small Van","L20 8EL","S9 5FZ","138.00","0.00","",
"All Customers","Small Van","L20 8EL","SE15 1LR","259.00","0.00","",
"All Customers","Small Van","L20 8EL","SO15 0LD","282.00","0.00","",
"All Customers","Small Van","L20 8EL","TW4 6NF","247.00","0.00","",
"All Customers","Small Van","LS12 6BS","B90 4QU","155.00","0.00","",
"All Customers","Small Van","LS12 6BS","BS32 4RX","236.00","0.00","",
"All Customers","Small Van","LS12 6BS","CF37 5UA","270.00","0.00","",
"All Customers","Small Van","LS12 6BS","CM20 2DH","227.00","0.00","",
"All Customers","Small Van","LS12 6BS","CR4 4HR","259.00","0.00","",
"All Customers","Small Van","LS12 6BS","DE24 8UT","127.00","0.00","",
"All Customers","Small Van","LS12 6BS","E6 7FF","236.00","0.00","",
"All Customers","Small Van","LS12 6BS","HU8 8BZ","81.00","0.00","",
"All Customers","Small Van","LS12 6BS","L20 8EL","95.00","0.00","",
"All Customers","Small Van","LS12 6BS","M17 1GJ","59.00","0.00","",
"All Customers","Small Van","LS12 6BS","ME20 7XB","259.00","0.00","",
"All Customers","Small Van","LS12 6BS","NE11 0JH","128.00","0.00","",
"All Customers","Small Van","LS12 6BS","PE27 3LE","173.00","0.00","",
"All Customers","Small Van","LS12 6BS","RG2 0TG","247.00","0.00","",
"All Customers","Small Van","LS12 6BS","RH10 9PY","270.00","0.00","",
"All Customers","Small Van","LS12 6BS","S9 5FZ","50.00","0.00","",
"All Customers","Small Van","LS12 6BS","SE15 1LR","236.00","0.00","",
"All Customers","Small Van","LS12 6BS","SO15 0LD","270.00","0.00","",
"All Customers","Small Van","LS12 6BS","TW4 6NF","238.00","0.00","",
"All Customers","Small Van","M17 1GJ","B90 4QU","132.00","0.00","",
"All Customers","Small Van","M17 1GJ","BS32 4RX","192.00","0.00","",
"All Customers","Small Van","M17 1GJ","CF37 5UA","227.00","0.00","",
"All Customers","Small Van","M17 1GJ","CM20 2DH","247.00","0.00","",
"All Customers","Small Van","M17 1GJ","CR4 4HR","259.00","0.00","",
"All Customers","Small Van","M17 1GJ","DE24 8UT","95.00","0.00","",
"All Customers","Small Van","M17 1GJ","E6 7FF","247.00","0.00","",
"All Customers","Small Van","M17 1GJ","HU8 8BZ","135.00","0.00","",
"All Customers","Small Van","M17 1GJ","L20 8EL","50.00","0.00","",
"All Customers","Small Van","M17 1GJ","LS12 6BS","59.00","0.00","",
"All Customers","Small Van","M17 1GJ","ME20 7XB","282.00","0.00","",
"All Customers","Small Van","M17 1GJ","PE27 3LE","203.00","0.00","",
"All Customers","Small Van","M17 1GJ","RG2 0TG","236.00","0.00","",
"All Customers","Small Van","M17 1GJ","RH10 9PY","270.00","0.00","",
"All Customers","Small Van","M17 1GJ","S9 5FZ","81.00","0.00","",
"All Customers","Small Van","M17 1GJ","SE15 1LR","247.00","0.00","",
"All Customers","Small Van","M17 1GJ","SO15 0LD","259.00","0.00","",
"All Customers","Small Van","M17 1GJ","TW4 6NF","236.00","0.00","",
"All Customers","Small Van","ME20 7XB","B90 4QU","213.00","0.00","",
"All Customers","Small Van","ME20 7XB","CF37 5UA","252.00","0.00","",
"All Customers","Small Van","ME20 7XB","CM20 2DH","66.00","0.00","",
"All Customers","Small Van","ME20 7XB","DE24 8UT","225.00","0.00","",
"All Customers","Small Van","ME20 7XB","HU8 8BZ","288.00","0.00","",
"All Customers","Small Van","ME20 7XB","L20 8EL","326.00","0.00","",
"All Customers","Small Van","ME20 7XB","LS12 6BS","288.00","0.00","",
"All Customers","Small Van","ME20 7XB","M17 1GJ","314.00","0.00","",
"All Customers","Small Van","ME20 7XB","NE11 0JH","390.00","0.00","",
"All Customers","Small Van","ME20 7XB","PE27 3LE","138.00","0.00","",
"All Customers","Small Van","ME20 7XB","RG2 0TG","138.00","0.00","",
"All Customers","Small Van","ME20 7XB","RH10 9PY","65.00","0.00","",
"All Customers","Small Van","ME20 7XB","S9 5FZ","263.00","0.00","",
"All Customers","Small Van","ME20 7XB","SO15 0LD","155.00","0.00","",
"All Customers","Small Van","ME20 7XB","TW4 6NF","90.00","0.00","",
"All Customers","Small Van","NE11 0JH","B90 4QU","245.00","0.00","",
"All Customers","Small Van","NE11 0JH","BS32 4RX","340.00","0.00","",
"All Customers","Small Van","NE11 0JH","CF37 5UA","388.00","0.00","",
"All Customers","Small Van","NE11 0JH","CM20 2DH","315.00","0.00","",
"All Customers","Small Van","NE11 0JH","CR4 4HR","364.00","0.00","",
"All Customers","Small Van","NE11 0JH","DE24 8UT","199.00","0.00","",
"All Customers","Small Van","NE11 0JH","E6 7FF","340.00","0.00","",
"All Customers","Small Van","NE11 0JH","HU8 8BZ","181.00","0.00","",
"All Customers","Small Van","NE11 0JH","L20 8EL","210.00","0.00","",
"All Customers","Small Van","NE11 0JH","LS12 6BS","132.00","0.00","",
"All Customers","Small Van","NE11 0JH","M17 1GJ","182.00","0.00","",
"All Customers","Small Van","NE11 0JH","ME20 7XB","364.00","0.00","",
"All Customers","Small Van","NE11 0JH","PE27 3LE","256.00","0.00","",
"All Customers","Small Van","NE11 0JH","RG2 0TG","351.00","0.00","",
"All Customers","Small Van","NE11 0JH","RH10 9PY","378.00","0.00","",
"All Customers","Small Van","NE11 0JH","S9 5FZ","167.00","0.00","",
"All Customers","Small Van","NE11 0JH","SE15 1LR","340.00","0.00","",
"All Customers","Small Van","NE11 0JH","SO15 0LD","388.00","0.00","",
"All Customers","Small Van","NE11 0JH","TW4 6NF","340.00","0.00","",
"All Customers","Small Van","PE27 3LE","B90 4QU","105.00","0.00","",
"All Customers","Small Van","PE27 3LE","BS32 4RX","225.00","0.00","",
"All Customers","Small Van","PE27 3LE","CF37 5UA","264.00","0.00","",
"All Customers","Small Van","PE27 3LE","CM20 2DH","78.00","0.00","",
"All Customers","Small Van","PE27 3LE","CR4 4HR","156.00","0.00","",
"All Customers","Small Van","PE27 3LE","DE24 8UT","137.00","0.00","",
"All Customers","Small Van","PE27 3LE","E6 7FF","105.00","0.00","",
"All Customers","Small Van","PE27 3LE","HU8 8BZ","182.00","0.00","",
"All Customers","Small Van","PE27 3LE","L20 8EL","239.00","0.00","",
"All Customers","Small Van","PE27 3LE","LS12 6BS","192.00","0.00","",
"All Customers","Small Van","PE27 3LE","M17 1GJ","225.00","0.00","",
"All Customers","Small Van","PE27 3LE","ME20 7XB","137.00","0.00","",
"All Customers","Small Van","PE27 3LE","NE11 0JH","275.00","0.00","",
"All Customers","Small Van","PE27 3LE","RG2 0TG","90.00","0.00","",
"All Customers","Small Van","PE27 3LE","RH10 9PY","162.00","0.00","",
"All Customers","Small Van","PE27 3LE","S9 5FZ","164.00","0.00","",
"All Customers","Small Van","PE27 3LE","SE15 1LR","138.00","0.00","",
"All Customers","Small Van","PE27 3LE","SO15 0LD","192.00","0.00","",
"All Customers","Small Van","PE27 3LE","TW4 6NF","105.00","0.00","",
"All Customers","Small Van","RG2 0TG","B90 4QU","143.00","0.00","",
"All Customers","Small Van","RG2 0TG","BS32 4RX","141.00","0.00","",
"All Customers","Small Van","RG2 0TG","CF37 5UA","164.00","0.00","",
"All Customers","Small Van","RG2 0TG","CM20 2DH","140.00","0.00","",
"All Customers","Small Van","RG2 0TG","CR4 4HR","66.00","0.00","",
"All Customers","Small Van","RG2 0TG","DE24 8UT","192.00","0.00","",
"All Customers","Small Van","RG2 0TG","E6 7FF","90.00","0.00","",
"All Customers","Small Van","RG2 0TG","HU8 8BZ","314.00","0.00","",
"All Customers","Small Van","RG2 0TG","L20 8EL","275.00","0.00","",
"All Customers","Small Van","RG2 0TG","LS12 6BS","288.00","0.00","",
"All Customers","Small Van","RG2 0TG","M17 1GJ","263.00","0.00","",
"All Customers","Small Van","RG2 0TG","ME20 7XB","138.00","0.00","",
"All Customers","Small Van","RG2 0TG","NE11 0JH","390.00","0.00","",
"All Customers","Small Van","RG2 0TG","PE27 3LE","150.00","0.00","",
"All Customers","Small Van","RG2 0TG","RH10 9PY","78.00","0.00","",
"All Customers","Small Van","RG2 0TG","S9 5FZ","239.00","0.00","",
"All Customers","Small Van","RG2 0TG","SO15 0LD","66.00","0.00","",
"All Customers","Small Van","RH10 9PY","B90 4QU","189.00","0.00","",
"All Customers","Small Van","RH10 9PY","BS32 4RX","186.00","0.00","",
"All Customers","Small Van","RH10 9PY","CF37 5UA","239.00","0.00","",
"All Customers","Small Van","RH10 9PY","CM20 2DH","90.00","0.00","",
"All Customers","Small Van","RH10 9PY","DE24 8UT","219.00","0.00","",
"All Customers","Small Van","RH10 9PY","E6 7FF","78.00","0.00","",
"All Customers","Small Van","RH10 9PY","HU8 8BZ","300.00","0.00","",
"All Customers","Small Van","RH10 9PY","L20 8EL","326.00","0.00","",
"All Customers","Small Van","RH10 9PY","LS12 6BS","300.00","0.00","",
"All Customers","Small Van","RH10 9PY","M17 1GJ","365.00","0.00","",
"All Customers","Small Van","RH10 9PY","ME20 7XB","65.00","0.00","",
"All Customers","Small Van","RH10 9PY","NE11 0JH","405.00","0.00","",
"All Customers","Small Van","RH10 9PY","PE27 3LE","158.00","0.00","",
"All Customers","Small Van","RH10 9PY","RG2 0TG","90.00","0.00","",
"All Customers","Small Van","RH10 9PY","S9 5FZ","288.00","0.00","",
"All Customers","Small Van","RH10 9PY","SO15 0LD","105.00","0.00","",
"All Customers","Small Van","S9 5FZ","B90 4QU","95.00","0.00","",
"All Customers","Small Van","S9 5FZ","BS32 4RX","203.00","0.00","",
"All Customers","Small Van","S9 5FZ","CF37 5UA","236.00","0.00","",
"All Customers","Small Van","S9 5FZ","CM20 2DH","203.00","0.00","",
"All Customers","Small Van","S9 5FZ","CR4 4HR","238.00","0.00","",
"All Customers","Small Van","S9 5FZ","DE24 8UT","59.00","0.00","",
"All Customers","Small Van","S9 5FZ","E6 7FF","215.00","0.00","",
"All Customers","Small Van","S9 5FZ","HU8 8BZ","81.00","0.00","",
"All Customers","Small Van","S9 5FZ","L20 8EL","138.00","0.00","",
"All Customers","Small Van","S9 5FZ","LS12 6BS","50.00","0.00","",
"All Customers","Small Van","S9 5FZ","M17 1GJ","81.00","0.00","",
"All Customers","Small Van","S9 5FZ","ME20 7XB","236.00","0.00","",
"All Customers","Small Van","S9 5FZ","NE11 0JH","155.00","0.00","",
"All Customers","Small Van","S9 5FZ","PE27 3LE","154.00","0.00","",
"All Customers","Small Van","S9 5FZ","RG2 0TG","215.00","0.00","",
"All Customers","Small Van","S9 5FZ","RH10 9PY","236.00","0.00","",
"All Customers","Small Van","S9 5FZ","SE15 1LR","227.00","0.00","",
"All Customers","Small Van","S9 5FZ","SO15 0LD","236.00","0.00","",
"All Customers","Small Van","S9 5FZ","TW4 6NF","203.00","0.00","",
"All Customers","Small Van","SE15 1LR","B90 4QU","165.00","0.00","",
"All Customers","Small Van","SE15 1LR","BS32 4RX","173.00","0.00","",
"All Customers","Small Van","SE15 1LR","CM20 2DH","65.00","0.00","",
"All Customers","Small Van","SE15 1LR","DE24 8UT","182.00","0.00","",
"All Customers","Small Van","SE15 1LR","HU8 8BZ","263.00","0.00","",
"All Customers","Small Van","SE15 1LR","L20 8EL","288.00","0.00","",
"All Customers","Small Van","SE15 1LR","LS12 6BS","263.00","0.00","",
"All Customers","Small Van","SE15 1LR","M17 1GJ","263.00","0.00","",
"All Customers","Small Van","SE15 1LR","ME20 7XB","65.00","0.00","",
"All Customers","Small Van","SE15 1LR","NE11 0JH","365.00","0.00","",
"All Customers","Small Van","SE15 1LR","PE27 3LE","138.00","0.00","",
"All Customers","Small Van","SE15 1LR","RG2 0TG","66.00","0.00","",
"All Customers","Small Van","SE15 1LR","RH10 9PY","65.00","0.00","",
"All Customers","Small Van","SE15 1LR","S9 5FZ","239.00","0.00","",
"All Customers","Small Van","SE15 1LR","SO15 0LD","105.00","0.00","",
"All Customers","Small Van","SO15 0LD","B90 4QU","169.00","0.00","",
"All Customers","Small Van","SO15 0LD","BS32 4RX","133.00","0.00","",
"All Customers","Small Van","SO15 0LD","CF37 5UA","179.00","0.00","",
"All Customers","Small Van","SO15 0LD","CM20 2DH","158.00","0.00","",
"All Customers","Small Van","SO15 0LD","CR4 4HR","84.00","0.00","",
"All Customers","Small Van","SO15 0LD","DE24 8UT","199.00","0.00","",
"All Customers","Small Van","SO15 0LD","E6 7FF","140.00","0.00","",
"All Customers","Small Van","SO15 0LD","HU8 8BZ","304.00","0.00","",
"All Customers","Small Van","SO15 0LD","L20 8EL","293.00","0.00","",
"All Customers","Small Van","SO15 0LD","LS12 6BS","280.00","0.00","",
"All Customers","Small Van","SO15 0LD","M17 1GJ","269.00","0.00","",
"All Customers","Small Van","SO15 0LD","ME20 7XB","153.00","0.00","",
"All Customers","Small Van","SO15 0LD","NE11 0JH","388.00","0.00","",
"All Customers","Small Van","SO15 0LD","PE27 3LE","193.00","0.00","",
"All Customers","Small Van","SO15 0LD","RG2 0TG","62.00","0.00","",
"All Customers","Small Van","SO15 0LD","RH10 9PY","127.00","0.00","",
"All Customers","Small Van","SO15 0LD","SE15 1LR","84.00","0.00","",
"All Customers","Small Van","SO15 0LD","TW4 6NF","98.00","0.00","",
"All Customers","Small Van","TW4 6NF","B90 4QU","147.00","0.00","",
"All Customers","Small Van","TW4 6NF","BS32 4RX","150.00","0.00","",
"All Customers","Small Van","TW4 6NF","CF37 5UA","195.00","0.00","",
"All Customers","Small Van","TW4 6NF","DE24 8UT","177.00","0.00","",
"All Customers","Small Van","TW4 6NF","HU8 8BZ","288.00","0.00","",
"All Customers","Small Van","TW4 6NF","L20 8EL","275.00","0.00","",
"All Customers","Small Van","TW4 6NF","LS12 6BS","263.00","0.00","",
"All Customers","Small Van","TW4 6NF","M17 1GJ","263.00","0.00","",
"All Customers","Small Van","TW4 6NF","ME20 7XB","90.00","0.00","",
"All Customers","Small Van","TW4 6NF","NE11 0JH","365.00","0.00","",
"All Customers","Small Van","TW4 6NF","PE27 3LE","141.00","0.00","",
"All Customers","Small Van","TW4 6NF","RG2 0TG","65.00","0.00","",
"All Customers","Small Van","TW4 6NF","RH10 9PY","66.00","0.00","",
"All Customers","Small Van","TW4 6NF","S9 5FZ","225.00","0.00","",
"All Customers","Small Van","TW4 6NF","SO15 0LD","105.00","0.00","",
"All Customers","Small Van (Depot to Depot)","B90 4QU","BS32 4RX","66.00","0.00","",
"All Customers","Small Van (Depot to Depot)","B90 4QU","CF37 5UA","119.00","0.00","",
"All Customers","Small Van (Depot to Depot)","B90 4QU","CM20 2DH","141.00","0.00","",
"All Customers","Small Van (Depot to Depot)","B90 4QU","CR4 4HR","133.00","0.00","",
"All Customers","Small Van (Depot to Depot)","B90 4QU","DE24 8UT","57.00","0.00","",
"All Customers","Small Van (Depot to Depot)","B90 4QU","E6 7FF","127.00","0.00","",
"All Customers","Small Van (Depot to Depot)","B90 4QU","HU8 8BZ","141.00","0.00","",
"All Customers","Small Van (Depot to Depot)","B90 4QU","L20 8EL","123.00","0.00","",
"All Customers","Small Van (Depot to Depot)","B90 4QU","LS12 6BS","127.00","0.00","",
"All Customers","Small Van (Depot to Depot)","B90 4QU","M17 1GJ","109.00","0.00","",
"All Customers","Small Van (Depot to Depot)","B90 4QU","ME20 7XB","156.00","0.00","",
"All Customers","Small Van (Depot to Depot)","B90 4QU","NE11 0JH","193.00","0.00","",
"All Customers","Small Van (Depot to Depot)","B90 4QU","PE27 3LE","77.00","0.00","",
"All Customers","Small Van (Depot to Depot)","B90 4QU","RG2 0TG","105.00","0.00","",
"All Customers","Small Van (Depot to Depot)","B90 4QU","RH10 9PY","141.00","0.00","",
"All Customers","Small Van (Depot to Depot)","B90 4QU","SE15 1LR","119.00","0.00","",
"All Customers","Small Van (Depot to Depot)","B90 4QU","SO15 0LD","127.00","0.00","",
"All Customers","Small Van (Depot to Depot)","B90 4QU","TW4 6NF","105.00","0.00","",
"All Customers","Small Van (Depot to Depot)","BS32 4RX","B90 4QU","84.00","0.00","",
"All Customers","Small Van (Depot to Depot)","BS32 4RX","CF37 5UA","52.00","0.00","",
"All Customers","Small Van (Depot to Depot)","BS32 4RX","CM20 2DH","199.00","0.00","",
"All Customers","Small Van (Depot to Depot)","BS32 4RX","CR4 4HR","158.00","0.00","",
"All Customers","Small Van (Depot to Depot)","BS32 4RX","DE24 8UT","168.00","0.00","",
"All Customers","Small Van (Depot to Depot)","BS32 4RX","E6 7FF","199.00","0.00","",
"All Customers","Small Van (Depot to Depot)","BS32 4RX","HU8 8BZ","269.00","0.00","",
"All Customers","Small Van (Depot to Depot)","BS32 4RX","L20 8EL","223.00","0.00","",
"All Customers","Small Van (Depot to Depot)","BS32 4RX","LS12 6BS","245.00","0.00","",
"All Customers","Small Van (Depot to Depot)","BS32 4RX","M17 1GJ","204.00","0.00","",
"All Customers","Small Van (Depot to Depot)","BS32 4RX","ME20 7XB","199.00","0.00","",
"All Customers","Small Van (Depot to Depot)","BS32 4RX","NE11 0JH","340.00","0.00","",
"All Customers","Small Van (Depot to Depot)","BS32 4RX","PE27 3LE","199.00","0.00","",
"All Customers","Small Van (Depot to Depot)","BS32 4RX","RG2 0TG","132.00","0.00","",
"All Customers","Small Van (Depot to Depot)","BS32 4RX","RH10 9PY","172.00","0.00","",
"All Customers","Small Van (Depot to Depot)","BS32 4RX","SE15 1LR","157.00","0.00","",
"All Customers","Small Van (Depot to Depot)","BS32 4RX","SO15 0LD","141.00","0.00","",
"All Customers","Small Van (Depot to Depot)","BS32 4RX","TW4 6NF","141.00","0.00","",
"All Customers","Small Van (Depot to Depot)","CF37 5UA","B90 4QU","158.00","0.00","",
"All Customers","Small Van (Depot to Depot)","CF37 5UA","BS32 4RX","52.00","0.00","",
"All Customers","Small Van (Depot to Depot)","CF37 5UA","CM20 2DH","246.00","0.00","",
"All Customers","Small Van (Depot to Depot)","CF37 5UA","CR4 4HR","199.00","0.00","",
"All Customers","Small Van (Depot to Depot)","CF37 5UA","DE24 8UT","196.00","0.00","",
"All Customers","Small Van (Depot to Depot)","CF37 5UA","E6 7FF","210.00","0.00","",
"All Customers","Small Van (Depot to Depot)","CF37 5UA","HU8 8BZ","304.00","0.00","",
"All Customers","Small Van (Depot to Depot)","CF37 5UA","L20 8EL","210.00","0.00","",
"All Customers","Small Van (Depot to Depot)","CF37 5UA","LS12 6BS","280.00","0.00","",
"All Customers","Small Van (Depot to Depot)","CF37 5UA","M17 1GJ","246.00","0.00","",
"All Customers","Small Van (Depot to Depot)","CF37 5UA","ME20 7XB","235.00","0.00","",
"All Customers","Small Van (Depot to Depot)","CF37 5UA","NE11 0JH","378.00","0.00","",
"All Customers","Small Van (Depot to Depot)","CF37 5UA","PE27 3LE","245.00","0.00","",
"All Customers","Small Van (Depot to Depot)","CF37 5UA","RG2 0TG","153.00","0.00","",
"All Customers","Small Van (Depot to Depot)","CF37 5UA","RH10 9PY","210.00","0.00","",
"All Customers","Small Van (Depot to Depot)","CF37 5UA","SE15 1LR","199.00","0.00","",
"All Customers","Small Van (Depot to Depot)","CF37 5UA","SO15 0LD","179.00","0.00","",
"All Customers","Small Van (Depot to Depot)","CF37 5UA","TW4 6NF","179.00","0.00","",
"All Customers","Small Van (Depot to Depot)","CM20 2DH","B90 4QU","186.00","0.00","",
"All Customers","Small Van (Depot to Depot)","CM20 2DH","BS32 4RX","213.00","0.00","",
"All Customers","Small Van (Depot to Depot)","CM20 2DH","CF37 5UA","239.00","0.00","",
"All Customers","Small Van (Depot to Depot)","CM20 2DH","CR4 4HR","65.00","0.00","",
"All Customers","Small Van (Depot to Depot)","CM20 2DH","DE24 8UT","186.00","0.00","",
"All Customers","Small Van (Depot to Depot)","CM20 2DH","E6 7FF","65.00","0.00","",
"All Customers","Small Van (Depot to Depot)","CM20 2DH","HU8 8BZ","239.00","0.00","",
"All Customers","Small Van (Depot to Depot)","CM20 2DH","L20 8EL","288.00","0.00","",
"All Customers","Small Van (Depot to Depot)","CM20 2DH","LS12 6BS","252.00","0.00","",
"All Customers","Small Van (Depot to Depot)","CM20 2DH","M17 1GJ","275.00","0.00","",
"All Customers","Small Van (Depot to Depot)","CM20 2DH","ME20 7XB","78.00","0.00","",
"All Customers","Small Van (Depot to Depot)","CM20 2DH","NE11 0JH","338.00","0.00","",
"All Customers","Small Van (Depot to Depot)","CM20 2DH","PE27 3LE","78.00","0.00","",
"All Customers","Small Van (Depot to Depot)","CM20 2DH","RG2 0TG","105.00","0.00","",
"All Customers","Small Van (Depot to Depot)","CM20 2DH","RH10 9PY","90.00","0.00","",
"All Customers","Small Van (Depot to Depot)","CM20 2DH","SE15 1LR","65.00","0.00","",
"All Customers","Small Van (Depot to Depot)","CM20 2DH","SO15 0LD","168.00","0.00","",
"All Customers","Small Van (Depot to Depot)","CM20 2DH","TW4 6NF","65.00","0.00","",
"All Customers","Small Van (Depot to Depot)","CR4 4HR","B90 4QU","180.00","0.00","",
"All Customers","Small Van (Depot to Depot)","CR4 4HR","BS32 4RX","173.00","0.00","",
"All Customers","Small Van (Depot to Depot)","CR4 4HR","CF37 5UA","213.00","0.00","",
"All Customers","Small Van (Depot to Depot)","CR4 4HR","CM20 2DH","78.00","0.00","",
"All Customers","Small Van (Depot to Depot)","CR4 4HR","DE24 8UT","198.00","0.00","",
"All Customers","Small Van (Depot to Depot)","CR4 4HR","E6 7FF","65.00","0.00","",
"All Customers","Small Van (Depot to Depot)","CR4 4HR","HU8 8BZ","314.00","0.00","",
"All Customers","Small Van (Depot to Depot)","CR4 4HR","L20 8EL","300.00","0.00","",
"All Customers","Small Van (Depot to Depot)","CR4 4HR","LS12 6BS","288.00","0.00","",
"All Customers","Small Van (Depot to Depot)","CR4 4HR","M17 1GJ","288.00","0.00","",
"All Customers","Small Van (Depot to Depot)","CR4 4HR","ME20 7XB","56.00","0.00","",
"All Customers","Small Van (Depot to Depot)","CR4 4HR","NE11 0JH","377.00","0.00","",
"All Customers","Small Van (Depot to Depot)","CR4 4HR","PE27 3LE","143.00","0.00","",
"All Customers","Small Van (Depot to Depot)","CR4 4HR","RG2 0TG","66.00","0.00","",
"All Customers","Small Van (Depot to Depot)","CR4 4HR","RH10 9PY","65.00","0.00","",
"All Customers","Small Van (Depot to Depot)","CR4 4HR","SE15 1LR","65.00","0.00","",
"All Customers","Small Van (Depot to Depot)","CR4 4HR","SO15 0LD","90.00","0.00","",
"All Customers","Small Van (Depot to Depot)","CR4 4HR","TW4 6NF","65.00","0.00","",
"All Customers","Small Van (Depot to Depot)","DE24 8UT","B90 4QU","57.00","0.00","",
"All Customers","Small Van (Depot to Depot)","DE24 8UT","BS32 4RX","132.00","0.00","",
"All Customers","Small Van (Depot to Depot)","DE24 8UT","CF37 5UA","156.00","0.00","",
"All Customers","Small Van (Depot to Depot)","DE24 8UT","CM20 2DH","139.00","0.00","",
"All Customers","Small Van (Depot to Depot)","DE24 8UT","CR4 4HR","145.00","0.00","",
"All Customers","Small Van (Depot to Depot)","DE24 8UT","E6 7FF","143.00","0.00","",
"All Customers","Small Van (Depot to Depot)","DE24 8UT","HU8 8BZ","101.00","0.00","",
"All Customers","Small Van (Depot to Depot)","DE24 8UT","L20 8EL","103.00","0.00","",
"All Customers","Small Van (Depot to Depot)","DE24 8UT","LS12 6BS","102.00","0.00","",
"All Customers","Small Van (Depot to Depot)","DE24 8UT","M17 1GJ","77.00","0.00","",
"All Customers","Small Van (Depot to Depot)","DE24 8UT","ME20 7XB","165.00","0.00","",
"All Customers","Small Van (Depot to Depot)","DE24 8UT","NE11 0JH","156.00","0.00","",
"All Customers","Small Van (Depot to Depot)","DE24 8UT","PE27 3LE","100.00","0.00","",
"All Customers","Small Van (Depot to Depot)","DE24 8UT","RG2 0TG","143.00","0.00","",
"All Customers","Small Van (Depot to Depot)","DE24 8UT","RH10 9PY","156.00","0.00","",
"All Customers","Small Van (Depot to Depot)","DE24 8UT","SE15 1LR","131.00","0.00","",
"All Customers","Small Van (Depot to Depot)","DE24 8UT","SO15 0LD","165.00","0.00","",
"All Customers","Small Van (Depot to Depot)","DE24 8UT","TW4 6NF","152.00","0.00","",
"All Customers","Small Van (Depot to Depot)","E6 7FF","B90 4QU","173.00","0.00","",
"All Customers","Small Van (Depot to Depot)","E6 7FF","BS32 4RX","213.00","0.00","",
"All Customers","Small Van (Depot to Depot)","E6 7FF","CF37 5UA","264.00","0.00","",
"All Customers","Small Van (Depot to Depot)","E6 7FF","CM20 2DH","65.00","0.00","",
"All Customers","Small Van (Depot to Depot)","E6 7FF","CR4 4HR","65.00","0.00","",
"All Customers","Small Van (Depot to Depot)","E6 7FF","DE24 8UT","195.00","0.00","",
"All Customers","Small Van (Depot to Depot)","E6 7FF","HU8 8BZ","264.00","0.00","",
"All Customers","Small Van (Depot to Depot)","E6 7FF","L20 8EL","300.00","0.00","",
"All Customers","Small Van (Depot to Depot)","E6 7FF","LS12 6BS","263.00","0.00","",
"All Customers","Small Van (Depot to Depot)","E6 7FF","M17 1GJ","275.00","0.00","",
"All Customers","Small Van (Depot to Depot)","E6 7FF","ME20 7XB","65.00","0.00","",
"All Customers","Small Van (Depot to Depot)","E6 7FF","NE11 0JH","351.00","0.00","",
"All Customers","Small Van (Depot to Depot)","E6 7FF","PE27 3LE","105.00","0.00","",
"All Customers","Small Van (Depot to Depot)","E6 7FF","RG2 0TG","90.00","0.00","",
"All Customers","Small Van (Depot to Depot)","E6 7FF","RH10 9PY","78.00","0.00","",
"All Customers","Small Van (Depot to Depot)","E6 7FF","SE15 1LR","65.00","0.00","",
"All Customers","Small Van (Depot to Depot)","E6 7FF","SO15 0LD","171.00","0.00","",
"All Customers","Small Van (Depot to Depot)","E6 7FF","TW4 6NF","65.00","0.00","",
"All Customers","Small Van (Depot to Depot)","HU8 8BZ","B90 4QU","173.00","0.00","",
"All Customers","Small Van (Depot to Depot)","HU8 8BZ","BS32 4RX","259.00","0.00","",
"All Customers","Small Van (Depot to Depot)","HU8 8BZ","CF37 5UA","293.00","0.00","",
"All Customers","Small Van (Depot to Depot)","HU8 8BZ","CM20 2DH","215.00","0.00","",
"All Customers","Small Van (Depot to Depot)","HU8 8BZ","CR4 4HR","282.00","0.00","",
"All Customers","Small Van (Depot to Depot)","HU8 8BZ","DE24 8UT","124.00","0.00","",
"All Customers","Small Van (Depot to Depot)","HU8 8BZ","E6 7FF","238.00","0.00","",
"All Customers","Small Van (Depot to Depot)","HU8 8BZ","L20 8EL","161.00","0.00","",
"All Customers","Small Van (Depot to Depot)","HU8 8BZ","LS12 6BS","81.00","0.00","",
"All Customers","Small Van (Depot to Depot)","HU8 8BZ","M17 1GJ","134.00","0.00","",
"All Customers","Small Van (Depot to Depot)","HU8 8BZ","ME20 7XB","259.00","0.00","",
"All Customers","Small Van (Depot to Depot)","HU8 8BZ","NE11 0JH","173.00","0.00","",
"All Customers","Small Van (Depot to Depot)","HU8 8BZ","PE27 3LE","163.00","0.00","",
"All Customers","Small Van (Depot to Depot)","HU8 8BZ","RG2 0TG","247.00","0.00","",
"All Customers","Small Van (Depot to Depot)","HU8 8BZ","RH10 9PY","270.00","0.00","",
"All Customers","Small Van (Depot to Depot)","HU8 8BZ","SE15 1LR","236.00","0.00","",
"All Customers","Small Van (Depot to Depot)","HU8 8BZ","SO15 0LD","282.00","0.00","",
"All Customers","Small Van (Depot to Depot)","HU8 8BZ","TW4 6NF","236.00","0.00","",
"All Customers","Small Van (Depot to Depot)","L20 8EL","B90 4QU","151.00","0.00","",
"All Customers","Small Van (Depot to Depot)","L20 8EL","BS32 4RX","203.00","0.00","",
"All Customers","Small Van (Depot to Depot)","L20 8EL","CF37 5UA","203.00","0.00","",
"All Customers","Small Van (Depot to Depot)","L20 8EL","CM20 2DH","259.00","0.00","",
"All Customers","Small Van (Depot to Depot)","L20 8EL","CR4 4HR","282.00","0.00","",
"All Customers","Small Van (Depot to Depot)","L20 8EL","DE24 8UT","127.00","0.00","",
"All Customers","Small Van (Depot to Depot)","L20 8EL","E6 7FF","270.00","0.00","",
"All Customers","Small Van (Depot to Depot)","L20 8EL","HU8 8BZ","161.00","0.00","",
"All Customers","Small Van (Depot to Depot)","L20 8EL","LS12 6BS","95.00","0.00","",
"All Customers","Small Van (Depot to Depot)","L20 8EL","M17 1GJ","50.00","0.00","",
"All Customers","Small Van (Depot to Depot)","L20 8EL","ME20 7XB","304.00","0.00","",
"All Customers","Small Van (Depot to Depot)","L20 8EL","NE11 0JH","203.00","0.00","",
"All Customers","Small Van (Depot to Depot)","L20 8EL","PE27 3LE","215.00","0.00","",
"All Customers","Small Van (Depot to Depot)","L20 8EL","RG2 0TG","247.00","0.00","",
"All Customers","Small Van (Depot to Depot)","L20 8EL","RH10 9PY","282.00","0.00","",
"All Customers","Small Van (Depot to Depot)","L20 8EL","SE15 1LR","259.00","0.00","",
"All Customers","Small Van (Depot to Depot)","L20 8EL","SO15 0LD","282.00","0.00","",
"All Customers","Small Van (Depot to Depot)","L20 8EL","TW4 6NF","247.00","0.00","",
"All Customers","Small Van (Depot to Depot)","LS12 6BS","B90 4QU","155.00","0.00","",
"All Customers","Small Van (Depot to Depot)","LS12 6BS","BS32 4RX","236.00","0.00","",
"All Customers","Small Van (Depot to Depot)","LS12 6BS","CF37 5UA","270.00","0.00","",
"All Customers","Small Van (Depot to Depot)","LS12 6BS","CM20 2DH","227.00","0.00","",
"All Customers","Small Van (Depot to Depot)","LS12 6BS","CR4 4HR","259.00","0.00","",
"All Customers","Small Van (Depot to Depot)","LS12 6BS","DE24 8UT","127.00","0.00","",
"All Customers","Small Van (Depot to Depot)","LS12 6BS","E6 7FF","236.00","0.00","",
"All Customers","Small Van (Depot to Depot)","LS12 6BS","HU8 8BZ","81.00","0.00","",
"All Customers","Small Van (Depot to Depot)","LS12 6BS","L20 8EL","95.00","0.00","",
"All Customers","Small Van (Depot to Depot)","LS12 6BS","M17 1GJ","59.00","0.00","",
"All Customers","Small Van (Depot to Depot)","LS12 6BS","ME20 7XB","259.00","0.00","",
"All Customers","Small Van (Depot to Depot)","LS12 6BS","NE11 0JH","128.00","0.00","",
"All Customers","Small Van (Depot to Depot)","LS12 6BS","PE27 3LE","173.00","0.00","",
"All Customers","Small Van (Depot to Depot)","LS12 6BS","RG2 0TG","247.00","0.00","",
"All Customers","Small Van (Depot to Depot)","LS12 6BS","RH10 9PY","270.00","0.00","",
"All Customers","Small Van (Depot to Depot)","LS12 6BS","SE15 1LR","236.00","0.00","",
"All Customers","Small Van (Depot to Depot)","LS12 6BS","SO15 0LD","270.00","0.00","",
"All Customers","Small Van (Depot to Depot)","LS12 6BS","TW4 6NF","238.00","0.00","",
"All Customers","Small Van (Depot to Depot)","M17 1GJ","B90 4QU","132.00","0.00","",
"All Customers","Small Van (Depot to Depot)","M17 1GJ","BS32 4RX","192.00","0.00","",
"All Customers","Small Van (Depot to Depot)","M17 1GJ","CF37 5UA","227.00","0.00","",
"All Customers","Small Van (Depot to Depot)","M17 1GJ","CM20 2DH","247.00","0.00","",
"All Customers","Small Van (Depot to Depot)","M17 1GJ","CR4 4HR","259.00","0.00","",
"All Customers","Small Van (Depot to Depot)","M17 1GJ","DE24 8UT","95.00","0.00","",
"All Customers","Small Van (Depot to Depot)","M17 1GJ","E6 7FF","247.00","0.00","",
"All Customers","Small Van (Depot to Depot)","M17 1GJ","HU8 8BZ","135.00","0.00","",
"All Customers","Small Van (Depot to Depot)","M17 1GJ","L20 8EL","50.00","0.00","",
"All Customers","Small Van (Depot to Depot)","M17 1GJ","LS12 6BS","59.00","0.00","",
"All Customers","Small Van (Depot to Depot)","M17 1GJ","ME20 7XB","282.00","0.00","",
"All Customers","Small Van (Depot to Depot)","M17 1GJ","NE11 0JH","198.00","0.00","",
"All Customers","Small Van (Depot to Depot)","M17 1GJ","PE27 3LE","203.00","0.00","",
"All Customers","Small Van (Depot to Depot)","M17 1GJ","RG2 0TG","236.00","0.00","",
"All Customers","Small Van (Depot to Depot)","M17 1GJ","RH10 9PY","270.00","0.00","",
"All Customers","Small Van (Depot to Depot)","M17 1GJ","SE15 1LR","247.00","0.00","",
"All Customers","Small Van (Depot to Depot)","M17 1GJ","SO15 0LD","259.00","0.00","",
"All Customers","Small Van (Depot to Depot)","M17 1GJ","TW4 6NF","236.00","0.00","",
"All Customers","Small Van (Depot to Depot)","ME20 7XB","B90 4QU","213.00","0.00","",
"All Customers","Small Van (Depot to Depot)","ME20 7XB","BS32 4RX","213.00","0.00","",
"All Customers","Small Van (Depot to Depot)","ME20 7XB","CF37 5UA","252.00","0.00","",
"All Customers","Small Van (Depot to Depot)","ME20 7XB","CM20 2DH","66.00","0.00","",
"All Customers","Small Van (Depot to Depot)","ME20 7XB","CR4 4HR","65.00","0.00","",
"All Customers","Small Van (Depot to Depot)","ME20 7XB","DE24 8UT","225.00","0.00","",
"All Customers","Small Van (Depot to Depot)","ME20 7XB","E6 7FF","65.00","0.00","",
"All Customers","Small Van (Depot to Depot)","ME20 7XB","HU8 8BZ","288.00","0.00","",
"All Customers","Small Van (Depot to Depot)","ME20 7XB","L20 8EL","326.00","0.00","",
"All Customers","Small Van (Depot to Depot)","ME20 7XB","LS12 6BS","288.00","0.00","",
"All Customers","Small Van (Depot to Depot)","ME20 7XB","M17 1GJ","314.00","0.00","",
"All Customers","Small Van (Depot to Depot)","ME20 7XB","NE11 0JH","390.00","0.00","",
"All Customers","Small Van (Depot to Depot)","ME20 7XB","PE27 3LE","138.00","0.00","",
"All Customers","Small Van (Depot to Depot)","ME20 7XB","RG2 0TG","138.00","0.00","",
"All Customers","Small Van (Depot to Depot)","ME20 7XB","RH10 9PY","65.00","0.00","",
"All Customers","Small Van (Depot to Depot)","ME20 7XB","SE15 1LR","65.00","0.00","",
"All Customers","Small Van (Depot to Depot)","ME20 7XB","SO15 0LD","155.00","0.00","",
"All Customers","Small Van (Depot to Depot)","ME20 7XB","TW4 6NF","90.00","0.00","",
"All Customers","Small Van (Depot to Depot)","NE11 0JH","B90 4QU","245.00","0.00","",
"All Customers","Small Van (Depot to Depot)","NE11 0JH","BS32 4RX","340.00","0.00","",
"All Customers","Small Van (Depot to Depot)","NE11 0JH","CF37 5UA","388.00","0.00","",
"All Customers","Small Van (Depot to Depot)","NE11 0JH","CM20 2DH","315.00","0.00","",
"All Customers","Small Van (Depot to Depot)","NE11 0JH","CR4 4HR","364.00","0.00","",
"All Customers","Small Van (Depot to Depot)","NE11 0JH","DE24 8UT","199.00","0.00","",
"All Customers","Small Van (Depot to Depot)","NE11 0JH","E6 7FF","340.00","0.00","",
"All Customers","Small Van (Depot to Depot)","NE11 0JH","HU8 8BZ","181.00","0.00","",
"All Customers","Small Van (Depot to Depot)","NE11 0JH","L20 8EL","210.00","0.00","",
"All Customers","Small Van (Depot to Depot)","NE11 0JH","LS12 6BS","132.00","0.00","",
"All Customers","Small Van (Depot to Depot)","NE11 0JH","M17 1GJ","182.00","0.00","",
"All Customers","Small Van (Depot to Depot)","NE11 0JH","ME20 7XB","364.00","0.00","",
"All Customers","Small Van (Depot to Depot)","NE11 0JH","PE27 3LE","256.00","0.00","",
"All Customers","Small Van (Depot to Depot)","NE11 0JH","RG2 0TG","351.00","0.00","",
"All Customers","Small Van (Depot to Depot)","NE11 0JH","RH10 9PY","378.00","0.00","",
"All Customers","Small Van (Depot to Depot)","NE11 0JH","SE15 1LR","340.00","0.00","",
"All Customers","Small Van (Depot to Depot)","NE11 0JH","SO15 0LD","388.00","0.00","",
"All Customers","Small Van (Depot to Depot)","NE11 0JH","TW4 6NF","340.00","0.00","",
"All Customers","Small Van (Depot to Depot)","PE27 3LE","B90 4QU","105.00","0.00","",
"All Customers","Small Van (Depot to Depot)","PE27 3LE","BS32 4RX","225.00","0.00","",
"All Customers","Small Van (Depot to Depot)","PE27 3LE","CF37 5UA","264.00","0.00","",
"All Customers","Small Van (Depot to Depot)","PE27 3LE","CM20 2DH","78.00","0.00","",
"All Customers","Small Van (Depot to Depot)","PE27 3LE","CR4 4HR","156.00","0.00","",
"All Customers","Small Van (Depot to Depot)","PE27 3LE","DE24 8UT","137.00","0.00","",
"All Customers","Small Van (Depot to Depot)","PE27 3LE","E6 7FF","105.00","0.00","",
"All Customers","Small Van (Depot to Depot)","PE27 3LE","HU8 8BZ","182.00","0.00","",
"All Customers","Small Van (Depot to Depot)","PE27 3LE","L20 8EL","239.00","0.00","",
"All Customers","Small Van (Depot to Depot)","PE27 3LE","LS12 6BS","192.00","0.00","",
"All Customers","Small Van (Depot to Depot)","PE27 3LE","M17 1GJ","225.00","0.00","",
"All Customers","Small Van (Depot to Depot)","PE27 3LE","ME20 7XB","137.00","0.00","",
"All Customers","Small Van (Depot to Depot)","PE27 3LE","NE11 0JH","275.00","0.00","",
"All Customers","Small Van (Depot to Depot)","PE27 3LE","RG2 0TG","90.00","0.00","",
"All Customers","Small Van (Depot to Depot)","PE27 3LE","RH10 9PY","162.00","0.00","",
"All Customers","Small Van (Depot to Depot)","PE27 3LE","SE15 1LR","138.00","0.00","",
"All Customers","Small Van (Depot to Depot)","PE27 3LE","SO15 0LD","192.00","0.00","",
"All Customers","Small Van (Depot to Depot)","PE27 3LE","TW4 6NF","105.00","0.00","",
"All Customers","Small Van (Depot to Depot)","RG2 0TG","B90 4QU","143.00","0.00","",
"All Customers","Small Van (Depot to Depot)","RG2 0TG","BS32 4RX","141.00","0.00","",
"All Customers","Small Van (Depot to Depot)","RG2 0TG","CF37 5UA","164.00","0.00","",
"All Customers","Small Van (Depot to Depot)","RG2 0TG","CM20 2DH","140.00","0.00","",
"All Customers","Small Van (Depot to Depot)","RG2 0TG","CR4 4HR","66.00","0.00","",
"All Customers","Small Van (Depot to Depot)","RG2 0TG","DE24 8UT","192.00","0.00","",
"All Customers","Small Van (Depot to Depot)","RG2 0TG","E6 7FF","90.00","0.00","",
"All Customers","Small Van (Depot to Depot)","RG2 0TG","HU8 8BZ","314.00","0.00","",
"All Customers","Small Van (Depot to Depot)","RG2 0TG","L20 8EL","275.00","0.00","",
"All Customers","Small Van (Depot to Depot)","RG2 0TG","LS12 6BS","288.00","0.00","",
"All Customers","Small Van (Depot to Depot)","RG2 0TG","M17 1GJ","263.00","0.00","",
"All Customers","Small Van (Depot to Depot)","RG2 0TG","ME20 7XB","138.00","0.00","",
"All Customers","Small Van (Depot to Depot)","RG2 0TG","NE11 0JH","390.00","0.00","",
"All Customers","Small Van (Depot to Depot)","RG2 0TG","PE27 3LE","150.00","0.00","",
"All Customers","Small Van (Depot to Depot)","RG2 0TG","RH10 9PY","78.00","0.00","",
"All Customers","Small Van (Depot to Depot)","RG2 0TG","SE15 1LR","65.00","0.00","",
"All Customers","Small Van (Depot to Depot)","RG2 0TG","SO15 0LD","66.00","0.00","",
"All Customers","Small Van (Depot to Depot)","RG2 0TG","TW4 6NF","65.00","0.00","",
"All Customers","Small Van (Depot to Depot)","RH10 9PY","B90 4QU","189.00","0.00","",
"All Customers","Small Van (Depot to Depot)","RH10 9PY","BS32 4RX","186.00","0.00","",
"All Customers","Small Van (Depot to Depot)","RH10 9PY","CF37 5UA","239.00","0.00","",
"All Customers","Small Van (Depot to Depot)","RH10 9PY","CM20 2DH","90.00","0.00","",
"All Customers","Small Van (Depot to Depot)","RH10 9PY","CR4 4HR","65.00","0.00","",
"All Customers","Small Van (Depot to Depot)","RH10 9PY","DE24 8UT","219.00","0.00","",
"All Customers","Small Van (Depot to Depot)","RH10 9PY","E6 7FF","78.00","0.00","",
"All Customers","Small Van (Depot to Depot)","RH10 9PY","HU8 8BZ","300.00","0.00","",
"All Customers","Small Van (Depot to Depot)","RH10 9PY","L20 8EL","326.00","0.00","",
"All Customers","Small Van (Depot to Depot)","RH10 9PY","LS12 6BS","300.00","0.00","",
"All Customers","Small Van (Depot to Depot)","RH10 9PY","M17 1GJ","365.00","0.00","",
"All Customers","Small Van (Depot to Depot)","RH10 9PY","ME20 7XB","65.00","0.00","",
"All Customers","Small Van (Depot to Depot)","RH10 9PY","NE11 0JH","405.00","0.00","",
"All Customers","Small Van (Depot to Depot)","RH10 9PY","PE27 3LE","158.00","0.00","",
"All Customers","Small Van (Depot to Depot)","RH10 9PY","RG2 0TG","90.00","0.00","",
"All Customers","Small Van (Depot to Depot)","RH10 9PY","SE15 1LR","65.00","0.00","",
"All Customers","Small Van (Depot to Depot)","RH10 9PY","SO15 0LD","105.00","0.00","",
"All Customers","Small Van (Depot to Depot)","RH10 9PY","TW4 6NF","65.00","0.00","",
"All Customers","Small Van (Depot to Depot)","SE15 1LR","B90 4QU","165.00","0.00","",
"All Customers","Small Van (Depot to Depot)","SE15 1LR","BS32 4RX","173.00","0.00","",
"All Customers","Small Van (Depot to Depot)","SE15 1LR","CF37 5UA","239.00","0.00","",
"All Customers","Small Van (Depot to Depot)","SE15 1LR","CM20 2DH","65.00","0.00","",
"All Customers","Small Van (Depot to Depot)","SE15 1LR","CR4 4HR","65.00","0.00","",
"All Customers","Small Van (Depot to Depot)","SE15 1LR","DE24 8UT","182.00","0.00","",
"All Customers","Small Van (Depot to Depot)","SE15 1LR","E6 7FF","65.00","0.00","",
"All Customers","Small Van (Depot to Depot)","SE15 1LR","HU8 8BZ","263.00","0.00","",
"All Customers","Small Van (Depot to Depot)","SE15 1LR","L20 8EL","288.00","0.00","",
"All Customers","Small Van (Depot to Depot)","SE15 1LR","LS12 6BS","263.00","0.00","",
"All Customers","Small Van (Depot to Depot)","SE15 1LR","M17 1GJ","263.00","0.00","",
"All Customers","Small Van (Depot to Depot)","SE15 1LR","ME20 7XB","65.00","0.00","",
"All Customers","Small Van (Depot to Depot)","SE15 1LR","NE11 0JH","365.00","0.00","",
"All Customers","Small Van (Depot to Depot)","SE15 1LR","PE27 3LE","138.00","0.00","",
"All Customers","Small Van (Depot to Depot)","SE15 1LR","RG2 0TG","66.00","0.00","",
"All Customers","Small Van (Depot to Depot)","SE15 1LR","RH10 9PY","65.00","0.00","",
"All Customers","Small Van (Depot to Depot)","SE15 1LR","SO15 0LD","105.00","0.00","",
"All Customers","Small Van (Depot to Depot)","SE15 1LR","TW4 6NF","65.00","0.00","",
"All Customers","Small Van (Depot to Depot)","SO15 0LD","B90 4QU","169.00","0.00","",
"All Customers","Small Van (Depot to Depot)","SO15 0LD","BS32 4RX","133.00","0.00","",
"All Customers","Small Van (Depot to Depot)","SO15 0LD","CF37 5UA","179.00","0.00","",
"All Customers","Small Van (Depot to Depot)","SO15 0LD","CM20 2DH","158.00","0.00","",
"All Customers","Small Van (Depot to Depot)","SO15 0LD","CR4 4HR","84.00","0.00","",
"All Customers","Small Van (Depot to Depot)","SO15 0LD","DE24 8UT","199.00","0.00","",
"All Customers","Small Van (Depot to Depot)","SO15 0LD","E6 7FF","140.00","0.00","",
"All Customers","Small Van (Depot to Depot)","SO15 0LD","HU8 8BZ","304.00","0.00","",
"All Customers","Small Van (Depot to Depot)","SO15 0LD","L20 8EL","293.00","0.00","",
"All Customers","Small Van (Depot to Depot)","SO15 0LD","LS12 6BS","280.00","0.00","",
"All Customers","Small Van (Depot to Depot)","SO15 0LD","M17 1GJ","269.00","0.00","",
"All Customers","Small Van (Depot to Depot)","SO15 0LD","ME20 7XB","153.00","0.00","",
"All Customers","Small Van (Depot to Depot)","SO15 0LD","NE11 0JH","388.00","0.00","",
"All Customers","Small Van (Depot to Depot)","SO15 0LD","PE27 3LE","193.00","0.00","",
"All Customers","Small Van (Depot to Depot)","SO15 0LD","RG2 0TG","62.00","0.00","",
"All Customers","Small Van (Depot to Depot)","SO15 0LD","RH10 9PY","127.00","0.00","",
"All Customers","Small Van (Depot to Depot)","SO15 0LD","SE15 1LR","84.00","0.00","",
"All Customers","Small Van (Depot to Depot)","SO15 0LD","TW4 6NF","98.00","0.00","",
"All Customers","Small Van (Depot to Depot)","TW4 6NF","B90 4QU","147.00","0.00","",
"All Customers","Small Van (Depot to Depot)","TW4 6NF","BS32 4RX","150.00","0.00","",
"All Customers","Small Van (Depot to Depot)","TW4 6NF","CF37 5UA","195.00","0.00","",
"All Customers","Small Van (Depot to Depot)","TW4 6NF","CM20 2DH","90.00","0.00","",
"All Customers","Small Van (Depot to Depot)","TW4 6NF","CR4 4HR","65.00","0.00","",
"All Customers","Small Van (Depot to Depot)","TW4 6NF","DE24 8UT","177.00","0.00","",
"All Customers","Small Van (Depot to Depot)","TW4 6NF","E6 7FF","65.00","0.00","",
"All Customers","Small Van (Depot to Depot)","TW4 6NF","HU8 8BZ","288.00","0.00","",
"All Customers","Small Van (Depot to Depot)","TW4 6NF","L20 8EL","275.00","0.00","",
"All Customers","Small Van (Depot to Depot)","TW4 6NF","LS12 6BS","263.00","0.00","",
"All Customers","Small Van (Depot to Depot)","TW4 6NF","M17 1GJ","263.00","0.00","",
"All Customers","Small Van (Depot to Depot)","TW4 6NF","ME20 7XB","90.00","0.00","",
"All Customers","Small Van (Depot to Depot)","TW4 6NF","NE11 0JH","365.00","0.00","",
"All Customers","Small Van (Depot to Depot)","TW4 6NF","PE27 3LE","141.00","0.00","",
"All Customers","Small Van (Depot to Depot)","TW4 6NF","RG2 0TG","65.00","0.00","",
"All Customers","Small Van (Depot to Depot)","TW4 6NF","RH10 9PY","66.00","0.00","",
"All Customers","Small Van (Depot to Depot)","TW4 6NF","SE15 1LR","65.00","0.00","",
"All Customers","Small Van (Depot to Depot)","TW4 6NF","SO15 0LD","105.00","0.00","",
"All Customers","SWB","B90 4QU","BS32 4RX","90.00","0.00","",
"All Customers","SWB","B90 4QU","CF37 5UA","162.00","0.00","",
"All Customers","SWB","B90 4QU","CM20 2DH","192.00","0.00","",
"All Customers","SWB","B90 4QU","CR4 4HR","182.00","0.00","",
"All Customers","SWB","B90 4QU","DE24 8UT","78.00","0.00","",
"All Customers","SWB","B90 4QU","E6 7FF","173.00","0.00","",
"All Customers","SWB","B90 4QU","HU8 8BZ","192.00","0.00","",
"All Customers","SWB","B90 4QU","L20 8EL","168.00","0.00","",
"All Customers","SWB","B90 4QU","LS12 6BS","173.00","0.00","",
"All Customers","SWB","B90 4QU","M17 1GJ","149.00","0.00","",
"All Customers","SWB","B90 4QU","ME20 7XB","213.00","0.00","",
"All Customers","SWB","B90 4QU","NE11 0JH","263.00","0.00","",
"All Customers","SWB","B90 4QU","PE27 3LE","105.00","0.00","",
"All Customers","SWB","B90 4QU","RG2 0TG","143.00","0.00","",
"All Customers","SWB","B90 4QU","RH10 9PY","192.00","0.00","",
"All Customers","SWB","B90 4QU","S9 5FZ","105.00","0.00","",
"All Customers","SWB","B90 4QU","SE15 1LR","162.00","0.00","",
"All Customers","SWB","B90 4QU","SO15 0LD","173.00","0.00","",
"All Customers","SWB","B90 4QU","TW4 6NF","143.00","0.00","",
"All Customers","SWB","BS32 4RX","B90 4QU","90.00","0.00","",
"All Customers","SWB","BS32 4RX","CF37 5UA","56.00","0.00","",
"All Customers","SWB","BS32 4RX","CM20 2DH","213.00","0.00","",
"All Customers","SWB","BS32 4RX","CR4 4HR","170.00","0.00","",
"All Customers","SWB","BS32 4RX","DE24 8UT","180.00","0.00","",
"All Customers","SWB","BS32 4RX","E6 7FF","213.00","0.00","",
"All Customers","SWB","BS32 4RX","HU8 8BZ","288.00","0.00","",
"All Customers","SWB","BS32 4RX","L20 8EL","239.00","0.00","",
"All Customers","SWB","BS32 4RX","LS12 6BS","263.00","0.00","",
"All Customers","SWB","BS32 4RX","M17 1GJ","219.00","0.00","",
"All Customers","SWB","BS32 4RX","ME20 7XB","213.00","0.00","",
"All Customers","SWB","BS32 4RX","NE11 0JH","365.00","0.00","",
"All Customers","SWB","BS32 4RX","PE27 3LE","213.00","0.00","",
"All Customers","SWB","BS32 4RX","RG2 0TG","141.00","0.00","",
"All Customers","SWB","BS32 4RX","RH10 9PY","185.00","0.00","",
"All Customers","SWB","BS32 4RX","S9 5FZ","225.00","0.00","",
"All Customers","SWB","BS32 4RX","SE15 1LR","168.00","0.00","",
"All Customers","SWB","BS32 4RX","SO15 0LD","152.00","0.00","",
"All Customers","SWB","BS32 4RX","TW4 6NF","152.00","0.00","",
"All Customers","SWB","CF37 5UA","B90 4QU","170.00","0.00","",
"All Customers","SWB","CF37 5UA","CM20 2DH","264.00","0.00","",
"All Customers","SWB","CF37 5UA","CR4 4HR","213.00","0.00","",
"All Customers","SWB","CF37 5UA","DE24 8UT","210.00","0.00","",
"All Customers","SWB","CF37 5UA","E6 7FF","225.00","0.00","",
"All Customers","SWB","CF37 5UA","HU8 8BZ","326.00","0.00","",
"All Customers","SWB","CF37 5UA","L20 8EL","225.00","0.00","",
"All Customers","SWB","CF37 5UA","LS12 6BS","300.00","0.00","",
"All Customers","SWB","CF37 5UA","M17 1GJ","264.00","0.00","",
"All Customers","SWB","CF37 5UA","ME20 7XB","252.00","0.00","",
"All Customers","SWB","CF37 5UA","NE11 0JH","405.00","0.00","",
"All Customers","SWB","CF37 5UA","PE27 3LE","263.00","0.00","",
"All Customers","SWB","CF37 5UA","RG2 0TG","164.00","0.00","",
"All Customers","SWB","CF37 5UA","RH10 9PY","225.00","0.00","",
"All Customers","SWB","CF37 5UA","SE15 1LR","213.00","0.00","",
"All Customers","SWB","CF37 5UA","SO15 0LD","192.00","0.00","",
"All Customers","SWB","CF37 5UA","TW4 6NF","192.00","0.00","",
"All Customers","SWB","CM20 2DH","B90 4QU","198.00","0.00","",
"All Customers","SWB","CM20 2DH","CF37 5UA","254.00","0.00","",
"All Customers","SWB","CM20 2DH","DE24 8UT","198.00","0.00","",
"All Customers","SWB","CM20 2DH","HU8 8BZ","254.00","0.00","",
"All Customers","SWB","CM20 2DH","L20 8EL","307.00","0.00","",
"All Customers","SWB","CM20 2DH","LS12 6BS","269.00","0.00","",
"All Customers","SWB","CM20 2DH","M17 1GJ","293.00","0.00","",
"All Customers","SWB","CM20 2DH","ME20 7XB","83.00","0.00","",
"All Customers","SWB","CM20 2DH","NE11 0JH","360.00","0.00","",
"All Customers","SWB","CM20 2DH","PE27 3LE","83.00","0.00","",
"All Customers","SWB","CM20 2DH","RG2 0TG","112.00","0.00","",
"All Customers","SWB","CM20 2DH","RH10 9PY","96.00","0.00","",
"All Customers","SWB","CM20 2DH","S9 5FZ","227.00","0.00","",
"All Customers","SWB","CM20 2DH","SO15 0LD","179.00","0.00","",
"All Customers","SWB","CR4 4HR","B90 4QU","192.00","0.00","",
"All Customers","SWB","CR4 4HR","BS32 4RX","184.00","0.00","",
"All Customers","SWB","CR4 4HR","CF37 5UA","227.00","0.00","",
"All Customers","SWB","CR4 4HR","CM20 2DH","83.00","0.00","",
"All Customers","SWB","CR4 4HR","DE24 8UT","211.00","0.00","",
"All Customers","SWB","CR4 4HR","HU8 8BZ","334.00","0.00","",
"All Customers","SWB","CR4 4HR","L20 8EL","320.00","0.00","",
"All Customers","SWB","CR4 4HR","LS12 6BS","307.00","0.00","",
"All Customers","SWB","CR4 4HR","M17 1GJ","307.00","0.00","",
"All Customers","SWB","CR4 4HR","ME20 7XB","75.00","0.00","",
"All Customers","SWB","CR4 4HR","NE11 0JH","402.00","0.00","",
"All Customers","SWB","CR4 4HR","PE27 3LE","152.00","0.00","",
"All Customers","SWB","CR4 4HR","RG2 0TG","75.00","0.00","",
"All Customers","SWB","CR4 4HR","RH10 9PY","75.00","0.00","",
"All Customers","SWB","CR4 4HR","S9 5FZ","269.00","0.00","",
"All Customers","SWB","CR4 4HR","SO15 0LD","96.00","0.00","",
"All Customers","SWB","DE24 8UT","B90 4QU","78.00","0.00","",
"All Customers","SWB","DE24 8UT","BS32 4RX","180.00","0.00","",
"All Customers","SWB","DE24 8UT","CF37 5UA","213.00","0.00","",
"All Customers","SWB","DE24 8UT","CM20 2DH","189.00","0.00","",
"All Customers","SWB","DE24 8UT","CR4 4HR","198.00","0.00","",
"All Customers","SWB","DE24 8UT","E6 7FF","195.00","0.00","",
"All Customers","SWB","DE24 8UT","HU8 8BZ","138.00","0.00","",
"All Customers","SWB","DE24 8UT","L20 8EL","141.00","0.00","",
"All Customers","SWB","DE24 8UT","LS12 6BS","140.00","0.00","",
"All Customers","SWB","DE24 8UT","M17 1GJ","105.00","0.00","",
"All Customers","SWB","DE24 8UT","ME20 7XB","225.00","0.00","",
"All Customers","SWB","DE24 8UT","NE11 0JH","213.00","0.00","",
"All Customers","SWB","DE24 8UT","PE27 3LE","137.00","0.00","",
"All Customers","SWB","DE24 8UT","RG2 0TG","195.00","0.00","",
"All Customers","SWB","DE24 8UT","RH10 9PY","213.00","0.00","",
"All Customers","SWB","DE24 8UT","S9 5FZ","66.00","0.00","",
"All Customers","SWB","DE24 8UT","SE15 1LR","179.00","0.00","",
"All Customers","SWB","DE24 8UT","SO15 0LD","225.00","0.00","",
"All Customers","SWB","DE24 8UT","TW4 6NF","207.00","0.00","",
"All Customers","SWB","E6 7FF","B90 4QU","184.00","0.00","",
"All Customers","SWB","E6 7FF","BS32 4RX","227.00","0.00","",
"All Customers","SWB","E6 7FF","CF37 5UA","282.00","0.00","",
"All Customers","SWB","E6 7FF","CM20 2DH","75.00","0.00","",
"All Customers","SWB","E6 7FF","DE24 8UT","208.00","0.00","",
"All Customers","SWB","E6 7FF","HU8 8BZ","282.00","0.00","",
"All Customers","SWB","E6 7FF","L20 8EL","320.00","0.00","",
"All Customers","SWB","E6 7FF","LS12 6BS","280.00","0.00","",
"All Customers","SWB","E6 7FF","M17 1GJ","293.00","0.00","",
"All Customers","SWB","E6 7FF","ME20 7XB","75.00","0.00","",
"All Customers","SWB","E6 7FF","NE11 0JH","374.00","0.00","",
"All Customers","SWB","E6 7FF","PE27 3LE","112.00","0.00","",
"All Customers","SWB","E6 7FF","RG2 0TG","96.00","0.00","",
"All Customers","SWB","E6 7FF","RH10 9PY","83.00","0.00","",
"All Customers","SWB","E6 7FF","S9 5FZ","254.00","0.00","",
"All Customers","SWB","E6 7FF","SO15 0LD","182.00","0.00","",
"All Customers","SWB","HU8 8BZ","B90 4QU","192.00","0.00","",
"All Customers","SWB","HU8 8BZ","BS32 4RX","288.00","0.00","",
"All Customers","SWB","HU8 8BZ","CF37 5UA","326.00","0.00","",
"All Customers","SWB","HU8 8BZ","CM20 2DH","239.00","0.00","",
"All Customers","SWB","HU8 8BZ","CR4 4HR","314.00","0.00","",
"All Customers","SWB","HU8 8BZ","DE24 8UT","138.00","0.00","",
"All Customers","SWB","HU8 8BZ","E6 7FF","264.00","0.00","",
"All Customers","SWB","HU8 8BZ","L20 8EL","179.00","0.00","",
"All Customers","SWB","HU8 8BZ","LS12 6BS","90.00","0.00","",
"All Customers","SWB","HU8 8BZ","M17 1GJ","149.00","0.00","",
"All Customers","SWB","HU8 8BZ","ME20 7XB","288.00","0.00","",
"All Customers","SWB","HU8 8BZ","NE11 0JH","192.00","0.00","",
"All Customers","SWB","HU8 8BZ","PE27 3LE","182.00","0.00","",
"All Customers","SWB","HU8 8BZ","RG2 0TG","275.00","0.00","",
"All Customers","SWB","HU8 8BZ","RH10 9PY","300.00","0.00","",
"All Customers","SWB","HU8 8BZ","S9 5FZ","105.00","0.00","",
"All Customers","SWB","HU8 8BZ","SE15 1LR","263.00","0.00","",
"All Customers","SWB","HU8 8BZ","SO15 0LD","314.00","0.00","",
"All Customers","SWB","HU8 8BZ","TW4 6NF","263.00","0.00","",
"All Customers","SWB","L20 8EL","B90 4QU","168.00","0.00","",
"All Customers","SWB","L20 8EL","BS32 4RX","225.00","0.00","",
"All Customers","SWB","L20 8EL","CF37 5UA","225.00","0.00","",
"All Customers","SWB","L20 8EL","CM20 2DH","288.00","0.00","",
"All Customers","SWB","L20 8EL","CR4 4HR","314.00","0.00","",
"All Customers","SWB","L20 8EL","DE24 8UT","141.00","0.00","",
"All Customers","SWB","L20 8EL","E6 7FF","300.00","0.00","",
"All Customers","SWB","L20 8EL","HU8 8BZ","179.00","0.00","",
"All Customers","SWB","L20 8EL","LS12 6BS","105.00","0.00","",
"All Customers","SWB","L20 8EL","M17 1GJ","56.00","0.00","",
"All Customers","SWB","L20 8EL","ME20 7XB","338.00","0.00","",
"All Customers","SWB","L20 8EL","NE11 0JH","225.00","0.00","",
"All Customers","SWB","L20 8EL","PE27 3LE","239.00","0.00","",
"All Customers","SWB","L20 8EL","RG2 0TG","275.00","0.00","",
"All Customers","SWB","L20 8EL","RH10 9PY","314.00","0.00","",
"All Customers","SWB","L20 8EL","S9 5FZ","153.00","0.00","",
"All Customers","SWB","L20 8EL","SE15 1LR","288.00","0.00","",
"All Customers","SWB","L20 8EL","SO15 0LD","314.00","0.00","",
"All Customers","SWB","L20 8EL","TW4 6NF","275.00","0.00","",
"All Customers","SWB","LS12 6BS","B90 4QU","173.00","0.00","",
"All Customers","SWB","LS12 6BS","BS32 4RX","263.00","0.00","",
"All Customers","SWB","LS12 6BS","CF37 5UA","300.00","0.00","",
"All Customers","SWB","LS12 6BS","CM20 2DH","252.00","0.00","",
"All Customers","SWB","LS12 6BS","CR4 4HR","288.00","0.00","",
"All Customers","SWB","LS12 6BS","DE24 8UT","141.00","0.00","",
"All Customers","SWB","LS12 6BS","E6 7FF","263.00","0.00","",
"All Customers","SWB","LS12 6BS","HU8 8BZ","90.00","0.00","",
"All Customers","SWB","LS12 6BS","L20 8EL","105.00","0.00","",
"All Customers","SWB","LS12 6BS","M17 1GJ","66.00","0.00","",
"All Customers","SWB","LS12 6BS","ME20 7XB","288.00","0.00","",
"All Customers","SWB","LS12 6BS","NE11 0JH","143.00","0.00","",
"All Customers","SWB","LS12 6BS","PE27 3LE","192.00","0.00","",
"All Customers","SWB","LS12 6BS","RG2 0TG","275.00","0.00","",
"All Customers","SWB","LS12 6BS","RH10 9PY","300.00","0.00","",
"All Customers","SWB","LS12 6BS","S9 5FZ","56.00","0.00","",
"All Customers","SWB","LS12 6BS","SE15 1LR","263.00","0.00","",
"All Customers","SWB","LS12 6BS","SO15 0LD","300.00","0.00","",
"All Customers","SWB","LS12 6BS","TW4 6NF","264.00","0.00","",
"All Customers","SWB","M17 1GJ","B90 4QU","147.00","0.00","",
"All Customers","SWB","M17 1GJ","BS32 4RX","213.00","0.00","",
"All Customers","SWB","M17 1GJ","CF37 5UA","252.00","0.00","",
"All Customers","SWB","M17 1GJ","CM20 2DH","275.00","0.00","",
"All Customers","SWB","M17 1GJ","CR4 4HR","288.00","0.00","",
"All Customers","SWB","M17 1GJ","DE24 8UT","105.00","0.00","",
"All Customers","SWB","M17 1GJ","E6 7FF","275.00","0.00","",
"All Customers","SWB","M17 1GJ","HU8 8BZ","150.00","0.00","",
"All Customers","SWB","M17 1GJ","L20 8EL","75.00","0.00","",
"All Customers","SWB","M17 1GJ","LS12 6BS","66.00","0.00","",
"All Customers","SWB","M17 1GJ","ME20 7XB","314.00","0.00","",
"All Customers","SWB","M17 1GJ","PE27 3LE","225.00","0.00","",
"All Customers","SWB","M17 1GJ","RG2 0TG","263.00","0.00","",
"All Customers","SWB","M17 1GJ","RH10 9PY","300.00","0.00","",
"All Customers","SWB","M17 1GJ","S9 5FZ","90.00","0.00","",
"All Customers","SWB","M17 1GJ","SE15 1LR","275.00","0.00","",
"All Customers","SWB","M17 1GJ","SO15 0LD","288.00","0.00","",
"All Customers","SWB","M17 1GJ","TW4 6NF","263.00","0.00","",
"All Customers","SWB","ME20 7XB","B90 4QU","227.00","0.00","",
"All Customers","SWB","ME20 7XB","BS32 4RX","227.00","0.00","",
"All Customers","SWB","ME20 7XB","CF37 5UA","269.00","0.00","",
"All Customers","SWB","ME20 7XB","DE24 8UT","240.00","0.00","",
"All Customers","SWB","ME20 7XB","HU8 8BZ","307.00","0.00","",
"All Customers","SWB","ME20 7XB","L20 8EL","347.00","0.00","",
"All Customers","SWB","ME20 7XB","LS12 6BS","307.00","0.00","",
"All Customers","SWB","ME20 7XB","M17 1GJ","334.00","0.00","",
"All Customers","SWB","ME20 7XB","NE11 0JH","416.00","0.00","",
"All Customers","SWB","ME20 7XB","PE27 3LE","147.00","0.00","",
"All Customers","SWB","ME20 7XB","RG2 0TG","147.00","0.00","",
"All Customers","SWB","ME20 7XB","RH10 9PY","75.00","0.00","",
"All Customers","SWB","ME20 7XB","S9 5FZ","280.00","0.00","",
"All Customers","SWB","ME20 7XB","SO15 0LD","165.00","0.00","",
"All Customers","SWB","ME20 7XB","TW4 6NF","96.00","0.00","",
"All Customers","SWB","NE11 0JH","B90 4QU","280.00","0.00","",
"All Customers","SWB","NE11 0JH","BS32 4RX","389.00","0.00","",
"All Customers","SWB","NE11 0JH","CF37 5UA","443.00","0.00","",
"All Customers","SWB","NE11 0JH","CM20 2DH","360.00","0.00","",
"All Customers","SWB","NE11 0JH","CR4 4HR","416.00","0.00","",
"All Customers","SWB","NE11 0JH","DE24 8UT","227.00","0.00","",
"All Customers","SWB","NE11 0JH","E6 7FF","389.00","0.00","",
"All Customers","SWB","NE11 0JH","HU8 8BZ","206.00","0.00","",
"All Customers","SWB","NE11 0JH","L20 8EL","240.00","0.00","",
"All Customers","SWB","NE11 0JH","LS12 6BS","150.00","0.00","",
"All Customers","SWB","NE11 0JH","M17 1GJ","208.00","0.00","",
"All Customers","SWB","NE11 0JH","ME20 7XB","416.00","0.00","",
"All Customers","SWB","NE11 0JH","PE27 3LE","293.00","0.00","",
"All Customers","SWB","NE11 0JH","RG2 0TG","402.00","0.00","",
"All Customers","SWB","NE11 0JH","RH10 9PY","432.00","0.00","",
"All Customers","SWB","NE11 0JH","S9 5FZ","190.00","0.00","",
"All Customers","SWB","NE11 0JH","SE15 1LR","389.00","0.00","",
"All Customers","SWB","NE11 0JH","SO15 0LD","443.00","0.00","",
"All Customers","SWB","NE11 0JH","TW4 6NF","389.00","0.00","",
"All Customers","SWB","PE27 3LE","B90 4QU","112.00","0.00","",
"All Customers","SWB","PE27 3LE","BS32 4RX","240.00","0.00","",
"All Customers","SWB","PE27 3LE","CF37 5UA","282.00","0.00","",
"All Customers","SWB","PE27 3LE","CM20 2DH","83.00","0.00","",
"All Customers","SWB","PE27 3LE","CR4 4HR","166.00","0.00","",
"All Customers","SWB","PE27 3LE","DE24 8UT","146.00","0.00","",
"All Customers","SWB","PE27 3LE","E6 7FF","112.00","0.00","",
"All Customers","SWB","PE27 3LE","HU8 8BZ","194.00","0.00","",
"All Customers","SWB","PE27 3LE","L20 8EL","254.00","0.00","",
"All Customers","SWB","PE27 3LE","LS12 6BS","205.00","0.00","",
"All Customers","SWB","PE27 3LE","M17 1GJ","240.00","0.00","",
"All Customers","SWB","PE27 3LE","ME20 7XB","146.00","0.00","",
"All Customers","SWB","PE27 3LE","NE11 0JH","293.00","0.00","",
"All Customers","SWB","PE27 3LE","RG2 0TG","96.00","0.00","",
"All Customers","SWB","PE27 3LE","RH10 9PY","173.00","0.00","",
"All Customers","SWB","PE27 3LE","S9 5FZ","174.00","0.00","",
"All Customers","SWB","PE27 3LE","SE15 1LR","147.00","0.00","",
"All Customers","SWB","PE27 3LE","SO15 0LD","205.00","0.00","",
"All Customers","SWB","PE27 3LE","TW4 6NF","112.00","0.00","",
"All Customers","SWB","RG2 0TG","B90 4QU","152.00","0.00","",
"All Customers","SWB","RG2 0TG","BS32 4RX","150.00","0.00","",
"All Customers","SWB","RG2 0TG","CF37 5UA","174.00","0.00","",
"All Customers","SWB","RG2 0TG","CM20 2DH","149.00","0.00","",
"All Customers","SWB","RG2 0TG","DE24 8UT","205.00","0.00","",
"All Customers","SWB","RG2 0TG","E6 7FF","96.00","0.00","",
"All Customers","SWB","RG2 0TG","HU8 8BZ","334.00","0.00","",
"All Customers","SWB","RG2 0TG","L20 8EL","293.00","0.00","",
"All Customers","SWB","RG2 0TG","LS12 6BS","307.00","0.00","",
"All Customers","SWB","RG2 0TG","M17 1GJ","280.00","0.00","",
"All Customers","SWB","RG2 0TG","ME20 7XB","147.00","0.00","",
"All Customers","SWB","RG2 0TG","NE11 0JH","416.00","0.00","",
"All Customers","SWB","RG2 0TG","PE27 3LE","160.00","0.00","",
"All Customers","SWB","RG2 0TG","RH10 9PY","83.00","0.00","",
"All Customers","SWB","RG2 0TG","S9 5FZ","254.00","0.00","",
"All Customers","SWB","RG2 0TG","SO15 0LD","75.00","0.00","",
"All Customers","SWB","RH10 9PY","B90 4QU","202.00","0.00","",
"All Customers","SWB","RH10 9PY","BS32 4RX","198.00","0.00","",
"All Customers","SWB","RH10 9PY","CF37 5UA","254.00","0.00","",
"All Customers","SWB","RH10 9PY","CM20 2DH","96.00","0.00","",
"All Customers","SWB","RH10 9PY","DE24 8UT","234.00","0.00","",
"All Customers","SWB","RH10 9PY","E6 7FF","83.00","0.00","",
"All Customers","SWB","RH10 9PY","HU8 8BZ","320.00","0.00","",
"All Customers","SWB","RH10 9PY","L20 8EL","347.00","0.00","",
"All Customers","SWB","RH10 9PY","LS12 6BS","320.00","0.00","",
"All Customers","SWB","RH10 9PY","M17 1GJ","389.00","0.00","",
"All Customers","SWB","RH10 9PY","ME20 7XB","75.00","0.00","",
"All Customers","SWB","RH10 9PY","NE11 0JH","432.00","0.00","",
"All Customers","SWB","RH10 9PY","PE27 3LE","168.00","0.00","",
"All Customers","SWB","RH10 9PY","RG2 0TG","96.00","0.00","",
"All Customers","SWB","RH10 9PY","S9 5FZ","307.00","0.00","",
"All Customers","SWB","RH10 9PY","SO15 0LD","112.00","0.00","",
"All Customers","SWB","RH10 9PY","TW4 6NF","75.00","0.00","",
"All Customers","SWB","S9 5FZ","B90 4QU","105.00","0.00","",
"All Customers","SWB","S9 5FZ","BS32 4RX","225.00","0.00","",
"All Customers","SWB","S9 5FZ","CF37 5UA","263.00","0.00","",
"All Customers","SWB","S9 5FZ","CM20 2DH","225.00","0.00","",
"All Customers","SWB","S9 5FZ","CR4 4HR","264.00","0.00","",
"All Customers","SWB","S9 5FZ","DE24 8UT","66.00","0.00","",
"All Customers","SWB","S9 5FZ","E6 7FF","239.00","0.00","",
"All Customers","SWB","S9 5FZ","HU8 8BZ","90.00","0.00","",
"All Customers","SWB","S9 5FZ","L20 8EL","153.00","0.00","",
"All Customers","SWB","S9 5FZ","LS12 6BS","56.00","0.00","",
"All Customers","SWB","S9 5FZ","M17 1GJ","90.00","0.00","",
"All Customers","SWB","S9 5FZ","ME20 7XB","263.00","0.00","",
"All Customers","SWB","S9 5FZ","NE11 0JH","173.00","0.00","",
"All Customers","SWB","S9 5FZ","PE27 3LE","171.00","0.00","",
"All Customers","SWB","S9 5FZ","RG2 0TG","239.00","0.00","",
"All Customers","SWB","S9 5FZ","RH10 9PY","263.00","0.00","",
"All Customers","SWB","S9 5FZ","SE15 1LR","252.00","0.00","",
"All Customers","SWB","S9 5FZ","SO15 0LD","263.00","0.00","",
"All Customers","SWB","S9 5FZ","TW4 6NF","225.00","0.00","",
"All Customers","SWB","SE15 1LR","B90 4QU","176.00","0.00","",
"All Customers","SWB","SE15 1LR","BS32 4RX","184.00","0.00","",
"All Customers","SWB","SE15 1LR","CM20 2DH","75.00","0.00","",
"All Customers","SWB","SE15 1LR","DE24 8UT","194.00","0.00","",
"All Customers","SWB","SE15 1LR","HU8 8BZ","280.00","0.00","",
"All Customers","SWB","SE15 1LR","L20 8EL","307.00","0.00","",
"All Customers","SWB","SE15 1LR","LS12 6BS","280.00","0.00","",
"All Customers","SWB","SE15 1LR","M17 1GJ","280.00","0.00","",
"All Customers","SWB","SE15 1LR","ME20 7XB","75.00","0.00","",
"All Customers","SWB","SE15 1LR","NE11 0JH","389.00","0.00","",
"All Customers","SWB","SE15 1LR","PE27 3LE","147.00","0.00","",
"All Customers","SWB","SE15 1LR","RG2 0TG","75.00","0.00","",
"All Customers","SWB","SE15 1LR","RH10 9PY","75.00","0.00","",
"All Customers","SWB","SE15 1LR","S9 5FZ","254.00","0.00","",
"All Customers","SWB","SE15 1LR","SO15 0LD","112.00","0.00","",
"All Customers","SWB","SO15 0LD","B90 4QU","182.00","0.00","",
"All Customers","SWB","SO15 0LD","BS32 4RX","143.00","0.00","",
"All Customers","SWB","SO15 0LD","CF37 5UA","192.00","0.00","",
"All Customers","SWB","SO15 0LD","CM20 2DH","170.00","0.00","",
"All Customers","SWB","SO15 0LD","CR4 4HR","90.00","0.00","",
"All Customers","SWB","SO15 0LD","DE24 8UT","213.00","0.00","",
"All Customers","SWB","SO15 0LD","E6 7FF","150.00","0.00","",
"All Customers","SWB","SO15 0LD","HU8 8BZ","326.00","0.00","",
"All Customers","SWB","SO15 0LD","L20 8EL","314.00","0.00","",
"All Customers","SWB","SO15 0LD","LS12 6BS","300.00","0.00","",
"All Customers","SWB","SO15 0LD","M17 1GJ","288.00","0.00","",
"All Customers","SWB","SO15 0LD","ME20 7XB","164.00","0.00","",
"All Customers","SWB","SO15 0LD","NE11 0JH","416.00","0.00","",
"All Customers","SWB","SO15 0LD","PE27 3LE","207.00","0.00","",
"All Customers","SWB","SO15 0LD","RG2 0TG","66.00","0.00","",
"All Customers","SWB","SO15 0LD","RH10 9PY","137.00","0.00","",
"All Customers","SWB","SO15 0LD","SE15 1LR","90.00","0.00","",
"All Customers","SWB","SO15 0LD","TW4 6NF","105.00","0.00","",
"All Customers","SWB","TW4 6NF","B90 4QU","157.00","0.00","",
"All Customers","SWB","TW4 6NF","BS32 4RX","160.00","0.00","",
"All Customers","SWB","TW4 6NF","CF37 5UA","208.00","0.00","",
"All Customers","SWB","TW4 6NF","DE24 8UT","189.00","0.00","",
"All Customers","SWB","TW4 6NF","HU8 8BZ","307.00","0.00","",
"All Customers","SWB","TW4 6NF","L20 8EL","293.00","0.00","",
"All Customers","SWB","TW4 6NF","LS12 6BS","280.00","0.00","",
"All Customers","SWB","TW4 6NF","M17 1GJ","280.00","0.00","",
"All Customers","SWB","TW4 6NF","ME20 7XB","96.00","0.00","",
"All Customers","SWB","TW4 6NF","NE11 0JH","389.00","0.00","",
"All Customers","SWB","TW4 6NF","PE27 3LE","150.00","0.00","",
"All Customers","SWB","TW4 6NF","RG2 0TG","75.00","0.00","",
"All Customers","SWB","TW4 6NF","RH10 9PY","70.00","0.00","",
"All Customers","SWB","TW4 6NF","S9 5FZ","240.00","0.00","",
"All Customers","SWB","TW4 6NF","SO15 0LD","112.00","0.00","",
"All Customers","SWB (Depot to Depot)","B90 4QU","BS32 4RX","90.00","0.00","",
"All Customers","SWB (Depot to Depot)","B90 4QU","CF37 5UA","162.00","0.00","",
"All Customers","SWB (Depot to Depot)","B90 4QU","CM20 2DH","192.00","0.00","",
"All Customers","SWB (Depot to Depot)","B90 4QU","CR4 4HR","182.00","0.00","",
"All Customers","SWB (Depot to Depot)","B90 4QU","DE24 8UT","78.00","0.00","",
"All Customers","SWB (Depot to Depot)","B90 4QU","E6 7FF","173.00","0.00","",
"All Customers","SWB (Depot to Depot)","B90 4QU","HU8 8BZ","192.00","0.00","",
"All Customers","SWB (Depot to Depot)","B90 4QU","L20 8EL","168.00","0.00","",
"All Customers","SWB (Depot to Depot)","B90 4QU","LS12 6BS","173.00","0.00","",
"All Customers","SWB (Depot to Depot)","B90 4QU","M17 1GJ","149.00","0.00","",
"All Customers","SWB (Depot to Depot)","B90 4QU","ME20 7XB","213.00","0.00","",
"All Customers","SWB (Depot to Depot)","B90 4QU","NE11 0JH","263.00","0.00","",
"All Customers","SWB (Depot to Depot)","B90 4QU","PE27 3LE","105.00","0.00","",
"All Customers","SWB (Depot to Depot)","B90 4QU","RG2 0TG","143.00","0.00","",
"All Customers","SWB (Depot to Depot)","B90 4QU","RH10 9PY","192.00","0.00","",
"All Customers","SWB (Depot to Depot)","B90 4QU","SE15 1LR","162.00","0.00","",
"All Customers","SWB (Depot to Depot)","B90 4QU","SO15 0LD","173.00","0.00","",
"All Customers","SWB (Depot to Depot)","B90 4QU","TW4 6NF","143.00","0.00","",
"All Customers","SWB (Depot to Depot)","BS32 4RX","B90 4QU","90.00","0.00","",
"All Customers","SWB (Depot to Depot)","BS32 4RX","CF37 5UA","56.00","0.00","",
"All Customers","SWB (Depot to Depot)","BS32 4RX","CM20 2DH","213.00","0.00","",
"All Customers","SWB (Depot to Depot)","BS32 4RX","CR4 4HR","170.00","0.00","",
"All Customers","SWB (Depot to Depot)","BS32 4RX","DE24 8UT","180.00","0.00","",
"All Customers","SWB (Depot to Depot)","BS32 4RX","E6 7FF","213.00","0.00","",
"All Customers","SWB (Depot to Depot)","BS32 4RX","HU8 8BZ","288.00","0.00","",
"All Customers","SWB (Depot to Depot)","BS32 4RX","L20 8EL","239.00","0.00","",
"All Customers","SWB (Depot to Depot)","BS32 4RX","LS12 6BS","263.00","0.00","",
"All Customers","SWB (Depot to Depot)","BS32 4RX","M17 1GJ","219.00","0.00","",
"All Customers","SWB (Depot to Depot)","BS32 4RX","ME20 7XB","213.00","0.00","",
"All Customers","SWB (Depot to Depot)","BS32 4RX","NE11 0JH","365.00","0.00","",
"All Customers","SWB (Depot to Depot)","BS32 4RX","PE27 3LE","213.00","0.00","",
"All Customers","SWB (Depot to Depot)","BS32 4RX","RG2 0TG","141.00","0.00","",
"All Customers","SWB (Depot to Depot)","BS32 4RX","RH10 9PY","185.00","0.00","",
"All Customers","SWB (Depot to Depot)","BS32 4RX","SE15 1LR","168.00","0.00","",
"All Customers","SWB (Depot to Depot)","BS32 4RX","SO15 0LD","152.00","0.00","",
"All Customers","SWB (Depot to Depot)","BS32 4RX","TW4 6NF","152.00","0.00","",
"All Customers","SWB (Depot to Depot)","CF37 5UA","B90 4QU","170.00","0.00","",
"All Customers","SWB (Depot to Depot)","CF37 5UA","BS32 4RX","60.00","0.00","",
"All Customers","SWB (Depot to Depot)","CF37 5UA","CM20 2DH","264.00","0.00","",
"All Customers","SWB (Depot to Depot)","CF37 5UA","CR4 4HR","213.00","0.00","",
"All Customers","SWB (Depot to Depot)","CF37 5UA","DE24 8UT","210.00","0.00","",
"All Customers","SWB (Depot to Depot)","CF37 5UA","E6 7FF","225.00","0.00","",
"All Customers","SWB (Depot to Depot)","CF37 5UA","HU8 8BZ","326.00","0.00","",
"All Customers","SWB (Depot to Depot)","CF37 5UA","L20 8EL","225.00","0.00","",
"All Customers","SWB (Depot to Depot)","CF37 5UA","LS12 6BS","300.00","0.00","",
"All Customers","SWB (Depot to Depot)","CF37 5UA","M17 1GJ","264.00","0.00","",
"All Customers","SWB (Depot to Depot)","CF37 5UA","ME20 7XB","252.00","0.00","",
"All Customers","SWB (Depot to Depot)","CF37 5UA","NE11 0JH","405.00","0.00","",
"All Customers","SWB (Depot to Depot)","CF37 5UA","PE27 3LE","263.00","0.00","",
"All Customers","SWB (Depot to Depot)","CF37 5UA","RG2 0TG","164.00","0.00","",
"All Customers","SWB (Depot to Depot)","CF37 5UA","RH10 9PY","225.00","0.00","",
"All Customers","SWB (Depot to Depot)","CF37 5UA","SE15 1LR","213.00","0.00","",
"All Customers","SWB (Depot to Depot)","CF37 5UA","SO15 0LD","192.00","0.00","",
"All Customers","SWB (Depot to Depot)","CF37 5UA","TW4 6NF","192.00","0.00","",
"All Customers","SWB (Depot to Depot)","CM20 2DH","B90 4QU","198.00","0.00","",
"All Customers","SWB (Depot to Depot)","CM20 2DH","BS32 4RX","227.00","0.00","",
"All Customers","SWB (Depot to Depot)","CM20 2DH","CF37 5UA","254.00","0.00","",
"All Customers","SWB (Depot to Depot)","CM20 2DH","CR4 4HR","96.00","0.00","",
"All Customers","SWB (Depot to Depot)","CM20 2DH","DE24 8UT","198.00","0.00","",
"All Customers","SWB (Depot to Depot)","CM20 2DH","E6 7FF","75.00","0.00","",
"All Customers","SWB (Depot to Depot)","CM20 2DH","HU8 8BZ","254.00","0.00","",
"All Customers","SWB (Depot to Depot)","CM20 2DH","L20 8EL","307.00","0.00","",
"All Customers","SWB (Depot to Depot)","CM20 2DH","LS12 6BS","269.00","0.00","",
"All Customers","SWB (Depot to Depot)","CM20 2DH","M17 1GJ","293.00","0.00","",
"All Customers","SWB (Depot to Depot)","CM20 2DH","ME20 7XB","83.00","0.00","",
"All Customers","SWB (Depot to Depot)","CM20 2DH","NE11 0JH","360.00","0.00","",
"All Customers","SWB (Depot to Depot)","CM20 2DH","PE27 3LE","83.00","0.00","",
"All Customers","SWB (Depot to Depot)","CM20 2DH","RG2 0TG","112.00","0.00","",
"All Customers","SWB (Depot to Depot)","CM20 2DH","RH10 9PY","96.00","0.00","",
"All Customers","SWB (Depot to Depot)","CM20 2DH","SE15 1LR","75.00","0.00","",
"All Customers","SWB (Depot to Depot)","CM20 2DH","SO15 0LD","179.00","0.00","",
"All Customers","SWB (Depot to Depot)","CM20 2DH","TW4 6NF","75.00","0.00","",
"All Customers","SWB (Depot to Depot)","CR4 4HR","B90 4QU","192.00","0.00","",
"All Customers","SWB (Depot to Depot)","CR4 4HR","BS32 4RX","184.00","0.00","",
"All Customers","SWB (Depot to Depot)","CR4 4HR","CF37 5UA","227.00","0.00","",
"All Customers","SWB (Depot to Depot)","CR4 4HR","CM20 2DH","83.00","0.00","",
"All Customers","SWB (Depot to Depot)","CR4 4HR","DE24 8UT","211.00","0.00","",
"All Customers","SWB (Depot to Depot)","CR4 4HR","E6 7FF","75.00","0.00","",
"All Customers","SWB (Depot to Depot)","CR4 4HR","HU8 8BZ","334.00","0.00","",
"All Customers","SWB (Depot to Depot)","CR4 4HR","L20 8EL","320.00","0.00","",
"All Customers","SWB (Depot to Depot)","CR4 4HR","LS12 6BS","307.00","0.00","",
"All Customers","SWB (Depot to Depot)","CR4 4HR","M17 1GJ","307.00","0.00","",
"All Customers","SWB (Depot to Depot)","CR4 4HR","ME20 7XB","75.00","0.00","",
"All Customers","SWB (Depot to Depot)","CR4 4HR","NE11 0JH","402.00","0.00","",
"All Customers","SWB (Depot to Depot)","CR4 4HR","PE27 3LE","152.00","0.00","",
"All Customers","SWB (Depot to Depot)","CR4 4HR","RG2 0TG","75.00","0.00","",
"All Customers","SWB (Depot to Depot)","CR4 4HR","RH10 9PY","75.00","0.00","",
"All Customers","SWB (Depot to Depot)","CR4 4HR","SE15 1LR","75.00","0.00","",
"All Customers","SWB (Depot to Depot)","CR4 4HR","SO15 0LD","96.00","0.00","",
"All Customers","SWB (Depot to Depot)","CR4 4HR","TW4 6NF","75.00","0.00","",
"All Customers","SWB (Depot to Depot)","DE24 8UT","B90 4QU","78.00","0.00","",
"All Customers","SWB (Depot to Depot)","DE24 8UT","BS32 4RX","180.00","0.00","",
"All Customers","SWB (Depot to Depot)","DE24 8UT","CF37 5UA","213.00","0.00","",
"All Customers","SWB (Depot to Depot)","DE24 8UT","CM20 2DH","189.00","0.00","",
"All Customers","SWB (Depot to Depot)","DE24 8UT","CR4 4HR","198.00","0.00","",
"All Customers","SWB (Depot to Depot)","DE24 8UT","E6 7FF","195.00","0.00","",
"All Customers","SWB (Depot to Depot)","DE24 8UT","HU8 8BZ","138.00","0.00","",
"All Customers","SWB (Depot to Depot)","DE24 8UT","L20 8EL","141.00","0.00","",
"All Customers","SWB (Depot to Depot)","DE24 8UT","LS12 6BS","140.00","0.00","",
"All Customers","SWB (Depot to Depot)","DE24 8UT","M17 1GJ","105.00","0.00","",
"All Customers","SWB (Depot to Depot)","DE24 8UT","ME20 7XB","225.00","0.00","",
"All Customers","SWB (Depot to Depot)","DE24 8UT","NE11 0JH","213.00","0.00","",
"All Customers","SWB (Depot to Depot)","DE24 8UT","PE27 3LE","137.00","0.00","",
"All Customers","SWB (Depot to Depot)","DE24 8UT","RG2 0TG","195.00","0.00","",
"All Customers","SWB (Depot to Depot)","DE24 8UT","RH10 9PY","213.00","0.00","",
"All Customers","SWB (Depot to Depot)","DE24 8UT","SE15 1LR","179.00","0.00","",
"All Customers","SWB (Depot to Depot)","DE24 8UT","SO15 0LD","225.00","0.00","",
"All Customers","SWB (Depot to Depot)","DE24 8UT","TW4 6NF","207.00","0.00","",
"All Customers","SWB (Depot to Depot)","E6 7FF","B90 4QU","184.00","0.00","",
"All Customers","SWB (Depot to Depot)","E6 7FF","BS32 4RX","227.00","0.00","",
"All Customers","SWB (Depot to Depot)","E6 7FF","CF37 5UA","282.00","0.00","",
"All Customers","SWB (Depot to Depot)","E6 7FF","CM20 2DH","75.00","0.00","",
"All Customers","SWB (Depot to Depot)","E6 7FF","CR4 4HR","75.00","0.00","",
"All Customers","SWB (Depot to Depot)","E6 7FF","DE24 8UT","208.00","0.00","",
"All Customers","SWB (Depot to Depot)","E6 7FF","HU8 8BZ","282.00","0.00","",
"All Customers","SWB (Depot to Depot)","E6 7FF","L20 8EL","320.00","0.00","",
"All Customers","SWB (Depot to Depot)","E6 7FF","LS12 6BS","280.00","0.00","",
"All Customers","SWB (Depot to Depot)","E6 7FF","M17 1GJ","293.00","0.00","",
"All Customers","SWB (Depot to Depot)","E6 7FF","ME20 7XB","75.00","0.00","",
"All Customers","SWB (Depot to Depot)","E6 7FF","NE11 0JH","374.00","0.00","",
"All Customers","SWB (Depot to Depot)","E6 7FF","PE27 3LE","112.00","0.00","",
"All Customers","SWB (Depot to Depot)","E6 7FF","RG2 0TG","96.00","0.00","",
"All Customers","SWB (Depot to Depot)","E6 7FF","RH10 9PY","83.00","0.00","",
"All Customers","SWB (Depot to Depot)","E6 7FF","SE15 1LR","75.00","0.00","",
"All Customers","SWB (Depot to Depot)","E6 7FF","SO15 0LD","182.00","0.00","",
"All Customers","SWB (Depot to Depot)","E6 7FF","TW4 6NF","75.00","0.00","",
"All Customers","SWB (Depot to Depot)","HU8 8BZ","B90 4QU","192.00","0.00","",
"All Customers","SWB (Depot to Depot)","HU8 8BZ","BS32 4RX","288.00","0.00","",
"All Customers","SWB (Depot to Depot)","HU8 8BZ","CF37 5UA","326.00","0.00","",
"All Customers","SWB (Depot to Depot)","HU8 8BZ","CM20 2DH","239.00","0.00","",
"All Customers","SWB (Depot to Depot)","HU8 8BZ","CR4 4HR","314.00","0.00","",
"All Customers","SWB (Depot to Depot)","HU8 8BZ","DE24 8UT","138.00","0.00","",
"All Customers","SWB (Depot to Depot)","HU8 8BZ","E6 7FF","264.00","0.00","",
"All Customers","SWB (Depot to Depot)","HU8 8BZ","L20 8EL","179.00","0.00","",
"All Customers","SWB (Depot to Depot)","HU8 8BZ","LS12 6BS","90.00","0.00","",
"All Customers","SWB (Depot to Depot)","HU8 8BZ","M17 1GJ","149.00","0.00","",
"All Customers","SWB (Depot to Depot)","HU8 8BZ","ME20 7XB","288.00","0.00","",
"All Customers","SWB (Depot to Depot)","HU8 8BZ","NE11 0JH","192.00","0.00","",
"All Customers","SWB (Depot to Depot)","HU8 8BZ","PE27 3LE","182.00","0.00","",
"All Customers","SWB (Depot to Depot)","HU8 8BZ","RG2 0TG","275.00","0.00","",
"All Customers","SWB (Depot to Depot)","HU8 8BZ","RH10 9PY","300.00","0.00","",
"All Customers","SWB (Depot to Depot)","HU8 8BZ","SE15 1LR","263.00","0.00","",
"All Customers","SWB (Depot to Depot)","HU8 8BZ","SO15 0LD","314.00","0.00","",
"All Customers","SWB (Depot to Depot)","HU8 8BZ","TW4 6NF","263.00","0.00","",
"All Customers","SWB (Depot to Depot)","L20 8EL","B90 4QU","168.00","0.00","",
"All Customers","SWB (Depot to Depot)","L20 8EL","BS32 4RX","225.00","0.00","",
"All Customers","SWB (Depot to Depot)","L20 8EL","CF37 5UA","225.00","0.00","",
"All Customers","SWB (Depot to Depot)","L20 8EL","CM20 2DH","288.00","0.00","",
"All Customers","SWB (Depot to Depot)","L20 8EL","CR4 4HR","314.00","0.00","",
"All Customers","SWB (Depot to Depot)","L20 8EL","DE24 8UT","141.00","0.00","",
"All Customers","SWB (Depot to Depot)","L20 8EL","E6 7FF","300.00","0.00","",
"All Customers","SWB (Depot to Depot)","L20 8EL","HU8 8BZ","179.00","0.00","",
"All Customers","SWB (Depot to Depot)","L20 8EL","LS12 6BS","105.00","0.00","",
"All Customers","SWB (Depot to Depot)","L20 8EL","M17 1GJ","56.00","0.00","",
"All Customers","SWB (Depot to Depot)","L20 8EL","ME20 7XB","338.00","0.00","",
"All Customers","SWB (Depot to Depot)","L20 8EL","NE11 0JH","225.00","0.00","",
"All Customers","SWB (Depot to Depot)","L20 8EL","PE27 3LE","239.00","0.00","",
"All Customers","SWB (Depot to Depot)","L20 8EL","RG2 0TG","275.00","0.00","",
"All Customers","SWB (Depot to Depot)","L20 8EL","RH10 9PY","314.00","0.00","",
"All Customers","SWB (Depot to Depot)","L20 8EL","SE15 1LR","288.00","0.00","",
"All Customers","SWB (Depot to Depot)","L20 8EL","SO15 0LD","314.00","0.00","",
"All Customers","SWB (Depot to Depot)","L20 8EL","TW4 6NF","275.00","0.00","",
"All Customers","SWB (Depot to Depot)","LS12 6BS","B90 4QU","173.00","0.00","",
"All Customers","SWB (Depot to Depot)","LS12 6BS","BS32 4RX","263.00","0.00","",
"All Customers","SWB (Depot to Depot)","LS12 6BS","CF37 5UA","300.00","0.00","",
"All Customers","SWB (Depot to Depot)","LS12 6BS","CM20 2DH","252.00","0.00","",
"All Customers","SWB (Depot to Depot)","LS12 6BS","CR4 4HR","288.00","0.00","",
"All Customers","SWB (Depot to Depot)","LS12 6BS","DE24 8UT","141.00","0.00","",
"All Customers","SWB (Depot to Depot)","LS12 6BS","E6 7FF","263.00","0.00","",
"All Customers","SWB (Depot to Depot)","LS12 6BS","HU8 8BZ","90.00","0.00","",
"All Customers","SWB (Depot to Depot)","LS12 6BS","L20 8EL","105.00","0.00","",
"All Customers","SWB (Depot to Depot)","LS12 6BS","M17 1GJ","66.00","0.00","",
"All Customers","SWB (Depot to Depot)","LS12 6BS","ME20 7XB","288.00","0.00","",
"All Customers","SWB (Depot to Depot)","LS12 6BS","NE11 0JH","143.00","0.00","",
"All Customers","SWB (Depot to Depot)","LS12 6BS","PE27 3LE","192.00","0.00","",
"All Customers","SWB (Depot to Depot)","LS12 6BS","RG2 0TG","275.00","0.00","",
"All Customers","SWB (Depot to Depot)","LS12 6BS","RH10 9PY","300.00","0.00","",
"All Customers","SWB (Depot to Depot)","LS12 6BS","SE15 1LR","263.00","0.00","",
"All Customers","SWB (Depot to Depot)","LS12 6BS","SO15 0LD","300.00","0.00","",
"All Customers","SWB (Depot to Depot)","LS12 6BS","TW4 6NF","264.00","0.00","",
"All Customers","SWB (Depot to Depot)","M17 1GJ","B90 4QU","147.00","0.00","",
"All Customers","SWB (Depot to Depot)","M17 1GJ","BS32 4RX","213.00","0.00","",
"All Customers","SWB (Depot to Depot)","M17 1GJ","CF37 5UA","252.00","0.00","",
"All Customers","SWB (Depot to Depot)","M17 1GJ","CM20 2DH","275.00","0.00","",
"All Customers","SWB (Depot to Depot)","M17 1GJ","CR4 4HR","288.00","0.00","",
"All Customers","SWB (Depot to Depot)","M17 1GJ","DE24 8UT","105.00","0.00","",
"All Customers","SWB (Depot to Depot)","M17 1GJ","E6 7FF","275.00","0.00","",
"All Customers","SWB (Depot to Depot)","M17 1GJ","HU8 8BZ","150.00","0.00","",
"All Customers","SWB (Depot to Depot)","M17 1GJ","L20 8EL","75.00","0.00","",
"All Customers","SWB (Depot to Depot)","M17 1GJ","LS12 6BS","66.00","0.00","",
"All Customers","SWB (Depot to Depot)","M17 1GJ","ME20 7XB","314.00","0.00","",
"All Customers","SWB (Depot to Depot)","M17 1GJ","NE11 0JH","221.00","0.00","",
"All Customers","SWB (Depot to Depot)","M17 1GJ","PE27 3LE","225.00","0.00","",
"All Customers","SWB (Depot to Depot)","M17 1GJ","RG2 0TG","263.00","0.00","",
"All Customers","SWB (Depot to Depot)","M17 1GJ","RH10 9PY","300.00","0.00","",
"All Customers","SWB (Depot to Depot)","M17 1GJ","SE15 1LR","275.00","0.00","",
"All Customers","SWB (Depot to Depot)","M17 1GJ","SO15 0LD","288.00","0.00","",
"All Customers","SWB (Depot to Depot)","M17 1GJ","TW4 6NF","263.00","0.00","",
"All Customers","SWB (Depot to Depot)","ME20 7XB","B90 4QU","227.00","0.00","",
"All Customers","SWB (Depot to Depot)","ME20 7XB","BS32 4RX","227.00","0.00","",
"All Customers","SWB (Depot to Depot)","ME20 7XB","CF37 5UA","269.00","0.00","",
"All Customers","SWB (Depot to Depot)","ME20 7XB","CM20 2DH","75.00","0.00","",
"All Customers","SWB (Depot to Depot)","ME20 7XB","CR4 4HR","75.00","0.00","",
"All Customers","SWB (Depot to Depot)","ME20 7XB","DE24 8UT","240.00","0.00","",
"All Customers","SWB (Depot to Depot)","ME20 7XB","E6 7FF","75.00","0.00","",
"All Customers","SWB (Depot to Depot)","ME20 7XB","HU8 8BZ","307.00","0.00","",
"All Customers","SWB (Depot to Depot)","ME20 7XB","L20 8EL","347.00","0.00","",
"All Customers","SWB (Depot to Depot)","ME20 7XB","LS12 6BS","307.00","0.00","",
"All Customers","SWB (Depot to Depot)","ME20 7XB","M17 1GJ","334.00","0.00","",
"All Customers","SWB (Depot to Depot)","ME20 7XB","NE11 0JH","416.00","0.00","",
"All Customers","SWB (Depot to Depot)","ME20 7XB","PE27 3LE","147.00","0.00","",
"All Customers","SWB (Depot to Depot)","ME20 7XB","RG2 0TG","147.00","0.00","",
"All Customers","SWB (Depot to Depot)","ME20 7XB","RH10 9PY","75.00","0.00","",
"All Customers","SWB (Depot to Depot)","ME20 7XB","SE15 1LR","75.00","0.00","",
"All Customers","SWB (Depot to Depot)","ME20 7XB","SO15 0LD","165.00","0.00","",
"All Customers","SWB (Depot to Depot)","ME20 7XB","TW4 6NF","96.00","0.00","",
"All Customers","SWB (Depot to Depot)","NE11 0JH","B90 4QU","280.00","0.00","",
"All Customers","SWB (Depot to Depot)","NE11 0JH","BS32 4RX","389.00","0.00","",
"All Customers","SWB (Depot to Depot)","NE11 0JH","CF37 5UA","443.00","0.00","",
"All Customers","SWB (Depot to Depot)","NE11 0JH","CM20 2DH","360.00","0.00","",
"All Customers","SWB (Depot to Depot)","NE11 0JH","CR4 4HR","416.00","0.00","",
"All Customers","SWB (Depot to Depot)","NE11 0JH","DE24 8UT","227.00","0.00","",
"All Customers","SWB (Depot to Depot)","NE11 0JH","E6 7FF","389.00","0.00","",
"All Customers","SWB (Depot to Depot)","NE11 0JH","HU8 8BZ","206.00","0.00","",
"All Customers","SWB (Depot to Depot)","NE11 0JH","L20 8EL","240.00","0.00","",
"All Customers","SWB (Depot to Depot)","NE11 0JH","LS12 6BS","150.00","0.00","",
"All Customers","SWB (Depot to Depot)","NE11 0JH","M17 1GJ","208.00","0.00","",
"All Customers","SWB (Depot to Depot)","NE11 0JH","ME20 7XB","416.00","0.00","",
"All Customers","SWB (Depot to Depot)","NE11 0JH","PE27 3LE","293.00","0.00","",
"All Customers","SWB (Depot to Depot)","NE11 0JH","RG2 0TG","402.00","0.00","",
"All Customers","SWB (Depot to Depot)","NE11 0JH","RH10 9PY","432.00","0.00","",
"All Customers","SWB (Depot to Depot)","NE11 0JH","SE15 1LR","389.00","0.00","",
"All Customers","SWB (Depot to Depot)","NE11 0JH","SO15 0LD","443.00","0.00","",
"All Customers","SWB (Depot to Depot)","NE11 0JH","TW4 6NF","389.00","0.00","",
"All Customers","SWB (Depot to Depot)","PE27 3LE","B90 4QU","112.00","0.00","",
"All Customers","SWB (Depot to Depot)","PE27 3LE","BS32 4RX","240.00","0.00","",
"All Customers","SWB (Depot to Depot)","PE27 3LE","CF37 5UA","282.00","0.00","",
"All Customers","SWB (Depot to Depot)","PE27 3LE","CM20 2DH","83.00","0.00","",
"All Customers","SWB (Depot to Depot)","PE27 3LE","CR4 4HR","166.00","0.00","",
"All Customers","SWB (Depot to Depot)","PE27 3LE","DE24 8UT","146.00","0.00","",
"All Customers","SWB (Depot to Depot)","PE27 3LE","E6 7FF","112.00","0.00","",
"All Customers","SWB (Depot to Depot)","PE27 3LE","HU8 8BZ","194.00","0.00","",
"All Customers","SWB (Depot to Depot)","PE27 3LE","L20 8EL","254.00","0.00","",
"All Customers","SWB (Depot to Depot)","PE27 3LE","LS12 6BS","205.00","0.00","",
"All Customers","SWB (Depot to Depot)","PE27 3LE","M17 1GJ","240.00","0.00","",
"All Customers","SWB (Depot to Depot)","PE27 3LE","ME20 7XB","146.00","0.00","",
"All Customers","SWB (Depot to Depot)","PE27 3LE","NE11 0JH","293.00","0.00","",
"All Customers","SWB (Depot to Depot)","PE27 3LE","RG2 0TG","96.00","0.00","",
"All Customers","SWB (Depot to Depot)","PE27 3LE","RH10 9PY","173.00","0.00","",
"All Customers","SWB (Depot to Depot)","PE27 3LE","SE15 1LR","147.00","0.00","",
"All Customers","SWB (Depot to Depot)","PE27 3LE","SO15 0LD","205.00","0.00","",
"All Customers","SWB (Depot to Depot)","PE27 3LE","TW4 6NF","112.00","0.00","",
"All Customers","SWB (Depot to Depot)","RG2 0TG","B90 4QU","152.00","0.00","",
"All Customers","SWB (Depot to Depot)","RG2 0TG","BS32 4RX","150.00","0.00","",
"All Customers","SWB (Depot to Depot)","RG2 0TG","CF37 5UA","174.00","0.00","",
"All Customers","SWB (Depot to Depot)","RG2 0TG","CM20 2DH","149.00","0.00","",
"All Customers","SWB (Depot to Depot)","RG2 0TG","CR4 4HR","75.00","0.00","",
"All Customers","SWB (Depot to Depot)","RG2 0TG","DE24 8UT","205.00","0.00","",
"All Customers","SWB (Depot to Depot)","RG2 0TG","E6 7FF","96.00","0.00","",
"All Customers","SWB (Depot to Depot)","RG2 0TG","HU8 8BZ","334.00","0.00","",
"All Customers","SWB (Depot to Depot)","RG2 0TG","L20 8EL","293.00","0.00","",
"All Customers","SWB (Depot to Depot)","RG2 0TG","LS12 6BS","307.00","0.00","",
"All Customers","SWB (Depot to Depot)","RG2 0TG","M17 1GJ","280.00","0.00","",
"All Customers","SWB (Depot to Depot)","RG2 0TG","ME20 7XB","147.00","0.00","",
"All Customers","SWB (Depot to Depot)","RG2 0TG","NE11 0JH","416.00","0.00","",
"All Customers","SWB (Depot to Depot)","RG2 0TG","PE27 3LE","160.00","0.00","",
"All Customers","SWB (Depot to Depot)","RG2 0TG","RH10 9PY","83.00","0.00","",
"All Customers","SWB (Depot to Depot)","RG2 0TG","SE15 1LR","75.00","0.00","",
"All Customers","SWB (Depot to Depot)","RG2 0TG","SO15 0LD","75.00","0.00","",
"All Customers","SWB (Depot to Depot)","RG2 0TG","TW4 6NF","75.00","0.00","",
"All Customers","SWB (Depot to Depot)","RH10 9PY","B90 4QU","202.00","0.00","",
"All Customers","SWB (Depot to Depot)","RH10 9PY","BS32 4RX","198.00","0.00","",
"All Customers","SWB (Depot to Depot)","RH10 9PY","CF37 5UA","254.00","0.00","",
"All Customers","SWB (Depot to Depot)","RH10 9PY","CM20 2DH","96.00","0.00","",
"All Customers","SWB (Depot to Depot)","RH10 9PY","CR4 4HR","75.00","0.00","",
"All Customers","SWB (Depot to Depot)","RH10 9PY","DE24 8UT","234.00","0.00","",
"All Customers","SWB (Depot to Depot)","RH10 9PY","E6 7FF","83.00","0.00","",
"All Customers","SWB (Depot to Depot)","RH10 9PY","HU8 8BZ","320.00","0.00","",
"All Customers","SWB (Depot to Depot)","RH10 9PY","L20 8EL","347.00","0.00","",
"All Customers","SWB (Depot to Depot)","RH10 9PY","LS12 6BS","320.00","0.00","",
"All Customers","SWB (Depot to Depot)","RH10 9PY","M17 1GJ","389.00","0.00","",
"All Customers","SWB (Depot to Depot)","RH10 9PY","ME20 7XB","75.00","0.00","",
"All Customers","SWB (Depot to Depot)","RH10 9PY","NE11 0JH","432.00","0.00","",
"All Customers","SWB (Depot to Depot)","RH10 9PY","PE27 3LE","168.00","0.00","",
"All Customers","SWB (Depot to Depot)","RH10 9PY","RG2 0TG","96.00","0.00","",
"All Customers","SWB (Depot to Depot)","RH10 9PY","SE15 1LR","75.00","0.00","",
"All Customers","SWB (Depot to Depot)","RH10 9PY","SO15 0LD","112.00","0.00","",
"All Customers","SWB (Depot to Depot)","RH10 9PY","TW4 6NF","75.00","0.00","",
"All Customers","SWB (Depot to Depot)","SE15 1LR","B90 4QU","176.00","0.00","",
"All Customers","SWB (Depot to Depot)","SE15 1LR","BS32 4RX","184.00","0.00","",
"All Customers","SWB (Depot to Depot)","SE15 1LR","CF37 5UA","254.00","0.00","",
"All Customers","SWB (Depot to Depot)","SE15 1LR","CM20 2DH","75.00","0.00","",
"All Customers","SWB (Depot to Depot)","SE15 1LR","CR4 4HR","75.00","0.00","",
"All Customers","SWB (Depot to Depot)","SE15 1LR","DE24 8UT","194.00","0.00","",
"All Customers","SWB (Depot to Depot)","SE15 1LR","E6 7FF","75.00","0.00","",
"All Customers","SWB (Depot to Depot)","SE15 1LR","HU8 8BZ","280.00","0.00","",
"All Customers","SWB (Depot to Depot)","SE15 1LR","L20 8EL","307.00","0.00","",
"All Customers","SWB (Depot to Depot)","SE15 1LR","LS12 6BS","280.00","0.00","",
"All Customers","SWB (Depot to Depot)","SE15 1LR","M17 1GJ","280.00","0.00","",
"All Customers","SWB (Depot to Depot)","SE15 1LR","ME20 7XB","75.00","0.00","",
"All Customers","SWB (Depot to Depot)","SE15 1LR","NE11 0JH","389.00","0.00","",
"All Customers","SWB (Depot to Depot)","SE15 1LR","PE27 3LE","147.00","0.00","",
"All Customers","SWB (Depot to Depot)","SE15 1LR","RG2 0TG","75.00","0.00","",
"All Customers","SWB (Depot to Depot)","SE15 1LR","RH10 9PY","75.00","0.00","",
"All Customers","SWB (Depot to Depot)","SE15 1LR","SO15 0LD","112.00","0.00","",
"All Customers","SWB (Depot to Depot)","SE15 1LR","TW4 6NF","75.00","0.00","",
"All Customers","SWB (Depot to Depot)","SO15 0LD","B90 4QU","182.00","0.00","",
"All Customers","SWB (Depot to Depot)","SO15 0LD","BS32 4RX","143.00","0.00","",
"All Customers","SWB (Depot to Depot)","SO15 0LD","CF37 5UA","192.00","0.00","",
"All Customers","SWB (Depot to Depot)","SO15 0LD","CM20 2DH","170.00","0.00","",
"All Customers","SWB (Depot to Depot)","SO15 0LD","CR4 4HR","90.00","0.00","",
"All Customers","SWB (Depot to Depot)","SO15 0LD","DE24 8UT","213.00","0.00","",
"All Customers","SWB (Depot to Depot)","SO15 0LD","E6 7FF","150.00","0.00","",
"All Customers","SWB (Depot to Depot)","SO15 0LD","HU8 8BZ","326.00","0.00","",
"All Customers","SWB (Depot to Depot)","SO15 0LD","L20 8EL","314.00","0.00","",
"All Customers","SWB (Depot to Depot)","SO15 0LD","LS12 6BS","300.00","0.00","",
"All Customers","SWB (Depot to Depot)","SO15 0LD","M17 1GJ","288.00","0.00","",
"All Customers","SWB (Depot to Depot)","SO15 0LD","ME20 7XB","164.00","0.00","",
"All Customers","SWB (Depot to Depot)","SO15 0LD","NE11 0JH","416.00","0.00","",
"All Customers","SWB (Depot to Depot)","SO15 0LD","PE27 3LE","207.00","0.00","",
"All Customers","SWB (Depot to Depot)","SO15 0LD","RG2 0TG","66.00","0.00","",
"All Customers","SWB (Depot to Depot)","SO15 0LD","RH10 9PY","137.00","0.00","",
"All Customers","SWB (Depot to Depot)","SO15 0LD","SE15 1LR","90.00","0.00","",
"All Customers","SWB (Depot to Depot)","SO15 0LD","TW4 6NF","105.00","0.00","",
"All Customers","SWB (Depot to Depot)","TW4 6NF","B90 4QU","157.00","0.00","",
"All Customers","SWB (Depot to Depot)","TW4 6NF","BS32 4RX","160.00","0.00","",
"All Customers","SWB (Depot to Depot)","TW4 6NF","CF37 5UA","208.00","0.00","",
"All Customers","SWB (Depot to Depot)","TW4 6NF","CM20 2DH","96.00","0.00","",
"All Customers","SWB (Depot to Depot)","TW4 6NF","CR4 4HR","75.00","0.00","",
"All Customers","SWB (Depot to Depot)","TW4 6NF","DE24 8UT","189.00","0.00","",
"All Customers","SWB (Depot to Depot)","TW4 6NF","E6 7FF","75.00","0.00","",
"All Customers","SWB (Depot to Depot)","TW4 6NF","HU8 8BZ","307.00","0.00","",
"All Customers","SWB (Depot to Depot)","TW4 6NF","L20 8EL","293.00","0.00","",
"All Customers","SWB (Depot to Depot)","TW4 6NF","LS12 6BS","280.00","0.00","",
"All Customers","SWB (Depot to Depot)","TW4 6NF","M17 1GJ","280.00","0.00","",
"All Customers","SWB (Depot to Depot)","TW4 6NF","ME20 7XB","96.00","0.00","",
"All Customers","SWB (Depot to Depot)","TW4 6NF","NE11 0JH","389.00","0.00","",
"All Customers","SWB (Depot to Depot)","TW4 6NF","PE27 3LE","150.00","0.00","",
"All Customers","SWB (Depot to Depot)","TW4 6NF","RG2 0TG","75.00","0.00","",
"All Customers","SWB (Depot to Depot)","TW4 6NF","RH10 9PY","70.00","0.00","",
"All Customers","SWB (Depot to Depot)","TW4 6NF","SE15 1LR","75.00","0.00","",
"All Customers","SWB (Depot to Depot)","TW4 6NF","SO15 0LD","112.00","0.00","",
"All Customers","XLWB","B90 4QU","BS32 4RX","138.00","0.00","",
"All Customers","XLWB","B90 4QU","CF37 5UA","248.00","0.00","",
"All Customers","XLWB","B90 4QU","CM20 2DH","294.00","0.00","",
"All Customers","XLWB","B90 4QU","CR4 4HR","278.00","0.00","",
"All Customers","XLWB","B90 4QU","DE24 8UT","140.00","0.00","",
"All Customers","XLWB","B90 4QU","E6 7FF","265.00","0.00","",
"All Customers","XLWB","B90 4QU","HU8 8BZ","294.00","0.00","",
"All Customers","XLWB","B90 4QU","L20 8EL","258.00","0.00","",
"All Customers","XLWB","B90 4QU","LS12 6BS","265.00","0.00","",
"All Customers","XLWB","B90 4QU","M17 1GJ","228.00","0.00","",
"All Customers","XLWB","B90 4QU","ME20 7XB","327.00","0.00","",
"All Customers","XLWB","B90 4QU","NE11 0JH","403.00","0.00","",
"All Customers","XLWB","B90 4QU","PE27 3LE","161.00","0.00","",
"All Customers","XLWB","B90 4QU","RG2 0TG","219.00","0.00","",
"All Customers","XLWB","B90 4QU","RH10 9PY","294.00","0.00","",
"All Customers","XLWB","B90 4QU","S9 5FZ","161.00","0.00","",
"All Customers","XLWB","B90 4QU","SE15 1LR","248.00","0.00","",
"All Customers","XLWB","B90 4QU","SO15 0LD","265.00","0.00","",
"All Customers","XLWB","B90 4QU","TW4 6NF","219.00","0.00","",
"All Customers","XLWB","BS32 4RX","B90 4QU","120.00","0.00","",
"All Customers","XLWB","BS32 4RX","CF37 5UA","140.00","0.00","",
"All Customers","XLWB","BS32 4RX","CR4 4HR","226.00","0.00","",
"All Customers","XLWB","BS32 4RX","DE24 8UT","240.00","0.00","",
"All Customers","XLWB","BS32 4RX","HU8 8BZ","384.00","0.00","",
"All Customers","XLWB","BS32 4RX","L20 8EL","318.00","0.00","",
"All Customers","XLWB","BS32 4RX","LS12 6BS","350.00","0.00","",
"All Customers","XLWB","BS32 4RX","M17 1GJ","292.00","0.00","",
"All Customers","XLWB","BS32 4RX","ME20 7XB","284.00","0.00","",
"All Customers","XLWB","BS32 4RX","NE11 0JH","486.00","0.00","",
"All Customers","XLWB","BS32 4RX","PE27 3LE","284.00","0.00","",
"All Customers","XLWB","BS32 4RX","RG2 0TG","188.00","0.00","",
"All Customers","XLWB","BS32 4RX","RH10 9PY","246.00","0.00","",
"All Customers","XLWB","BS32 4RX","S9 5FZ","300.00","0.00","",
"All Customers","XLWB","BS32 4RX","SE15 1LR","224.00","0.00","",
"All Customers","XLWB","BS32 4RX","SO15 0LD","202.00","0.00","",
"All Customers","XLWB","BS32 4RX","TW4 6NF","202.00","0.00","",
"All Customers","XLWB","CF37 5UA","B90 4QU","226.00","0.00","",
"All Customers","XLWB","CF37 5UA","BS32 4RX","140.00","0.00","",
"All Customers","XLWB","CF37 5UA","CM20 2DH","352.00","0.00","",
"All Customers","XLWB","CF37 5UA","CR4 4HR","284.00","0.00","",
"All Customers","XLWB","CF37 5UA","DE24 8UT","280.00","0.00","",
"All Customers","XLWB","CF37 5UA","E6 7FF","300.00","0.00","",
"All Customers","XLWB","CF37 5UA","HU8 8BZ","434.00","0.00","",
"All Customers","XLWB","CF37 5UA","L20 8EL","300.00","0.00","",
"All Customers","XLWB","CF37 5UA","LS12 6BS","400.00","0.00","",
"All Customers","XLWB","CF37 5UA","M17 1GJ","352.00","0.00","",
"All Customers","XLWB","CF37 5UA","ME20 7XB","336.00","0.00","",
"All Customers","XLWB","CF37 5UA","NE11 0JH","540.00","0.00","",
"All Customers","XLWB","CF37 5UA","PE27 3LE","350.00","0.00","",
"All Customers","XLWB","CF37 5UA","RG2 0TG","218.00","0.00","",
"All Customers","XLWB","CF37 5UA","RH10 9PY","300.00","0.00","",
"All Customers","XLWB","CF37 5UA","S9 5FZ","416.00","0.00","",
"All Customers","XLWB","CF37 5UA","SE15 1LR","284.00","0.00","",
"All Customers","XLWB","CF37 5UA","SO15 0LD","256.00","0.00","",
"All Customers","XLWB","CF37 5UA","TW4 6NF","256.00","0.00","",
"All Customers","XLWB","CM20 2DH","B90 4QU","285.00","0.00","",
"All Customers","XLWB","CM20 2DH","BS32 4RX","327.00","0.00","",
"All Customers","XLWB","CM20 2DH","CF37 5UA","366.00","0.00","",
"All Customers","XLWB","CM20 2DH","CR4 4HR","140.00","0.00","",
"All Customers","XLWB","CM20 2DH","DE24 8UT","285.00","0.00","",
"All Customers","XLWB","CM20 2DH","E6 7FF","140.00","0.00","",
"All Customers","XLWB","CM20 2DH","HU8 8BZ","366.00","0.00","",
"All Customers","XLWB","CM20 2DH","L20 8EL","442.00","0.00","",
"All Customers","XLWB","CM20 2DH","LS12 6BS","386.00","0.00","",
"All Customers","XLWB","CM20 2DH","M17 1GJ","421.00","0.00","",
"All Customers","XLWB","CM20 2DH","ME20 7XB","140.00","0.00","",
"All Customers","XLWB","CM20 2DH","NE11 0JH","518.00","0.00","",
"All Customers","XLWB","CM20 2DH","PE27 3LE","140.00","0.00","",
"All Customers","XLWB","CM20 2DH","RG2 0TG","161.00","0.00","",
"All Customers","XLWB","CM20 2DH","RH10 9PY","140.00","0.00","",
"All Customers","XLWB","CM20 2DH","S9 5FZ","327.00","0.00","",
"All Customers","XLWB","CM20 2DH","SE15 1LR","140.00","0.00","",
"All Customers","XLWB","CM20 2DH","SO15 0LD","258.00","0.00","",
"All Customers","XLWB","CM20 2DH","TW4 6NF","140.00","0.00","",
"All Customers","XLWB","CR4 4HR","B90 4QU","276.00","0.00","",
"All Customers","XLWB","CR4 4HR","BS32 4RX","265.00","0.00","",
"All Customers","XLWB","CR4 4HR","CF37 5UA","327.00","0.00","",
"All Customers","XLWB","CR4 4HR","CM20 2DH","140.00","0.00","",
"All Customers","XLWB","CR4 4HR","DE24 8UT","304.00","0.00","",
"All Customers","XLWB","CR4 4HR","E6 7FF","140.00","0.00","",
"All Customers","XLWB","CR4 4HR","HU8 8BZ","481.00","0.00","",
"All Customers","XLWB","CR4 4HR","L20 8EL","460.00","0.00","",
"All Customers","XLWB","CR4 4HR","LS12 6BS","442.00","0.00","",
"All Customers","XLWB","CR4 4HR","M17 1GJ","442.00","0.00","",
"All Customers","XLWB","CR4 4HR","ME20 7XB","140.00","0.00","",
"All Customers","XLWB","CR4 4HR","NE11 0JH","577.00","0.00","",
"All Customers","XLWB","CR4 4HR","PE27 3LE","219.00","0.00","",
"All Customers","XLWB","CR4 4HR","RG2 0TG","140.00","0.00","",
"All Customers","XLWB","CR4 4HR","RH10 9PY","140.00","0.00","",
"All Customers","XLWB","CR4 4HR","S9 5FZ","386.00","0.00","",
"All Customers","XLWB","CR4 4HR","SE15 1LR","140.00","0.00","",
"All Customers","XLWB","CR4 4HR","SO15 0LD","138.00","0.00","",
"All Customers","XLWB","CR4 4HR","TW4 6NF","140.00","0.00","",
"All Customers","XLWB","DE24 8UT","B90 4QU","120.00","0.00","",
"All Customers","XLWB","DE24 8UT","BS32 4RX","276.00","0.00","",
"All Customers","XLWB","DE24 8UT","CF37 5UA","327.00","0.00","",
"All Customers","XLWB","DE24 8UT","CM20 2DH","290.00","0.00","",
"All Customers","XLWB","DE24 8UT","CR4 4HR","304.00","0.00","",
"All Customers","XLWB","DE24 8UT","E6 7FF","299.00","0.00","",
"All Customers","XLWB","DE24 8UT","HU8 8BZ","212.00","0.00","",
"All Customers","XLWB","DE24 8UT","L20 8EL","216.00","0.00","",
"All Customers","XLWB","DE24 8UT","LS12 6BS","214.00","0.00","",
"All Customers","XLWB","DE24 8UT","M17 1GJ","161.00","0.00","",
"All Customers","XLWB","DE24 8UT","ME20 7XB","345.00","0.00","",
"All Customers","XLWB","DE24 8UT","NE11 0JH","327.00","0.00","",
"All Customers","XLWB","DE24 8UT","PE27 3LE","209.00","0.00","",
"All Customers","XLWB","DE24 8UT","RG2 0TG","299.00","0.00","",
"All Customers","XLWB","DE24 8UT","RH10 9PY","327.00","0.00","",
"All Customers","XLWB","DE24 8UT","S9 5FZ","101.00","0.00","",
"All Customers","XLWB","DE24 8UT","SE15 1LR","274.00","0.00","",
"All Customers","XLWB","DE24 8UT","SO15 0LD","345.00","0.00","",
"All Customers","XLWB","DE24 8UT","TW4 6NF","317.00","0.00","",
"All Customers","XLWB","E6 7FF","B90 4QU","265.00","0.00","",
"All Customers","XLWB","E6 7FF","BS32 4RX","327.00","0.00","",
"All Customers","XLWB","E6 7FF","CF37 5UA","405.00","0.00","",
"All Customers","XLWB","E6 7FF","CM20 2DH","140.00","0.00","",
"All Customers","XLWB","E6 7FF","CR4 4HR","140.00","0.00","",
"All Customers","XLWB","E6 7FF","DE24 8UT","299.00","0.00","",
"All Customers","XLWB","E6 7FF","HU8 8BZ","405.00","0.00","",
"All Customers","XLWB","E6 7FF","L20 8EL","460.00","0.00","",
"All Customers","XLWB","E6 7FF","LS12 6BS","403.00","0.00","",
"All Customers","XLWB","E6 7FF","M17 1GJ","421.00","0.00","",
"All Customers","XLWB","E6 7FF","ME20 7XB","140.00","0.00","",
"All Customers","XLWB","E6 7FF","NE11 0JH","538.00","0.00","",
"All Customers","XLWB","E6 7FF","PE27 3LE","161.00","0.00","",
"All Customers","XLWB","E6 7FF","RG2 0TG","140.00","0.00","",
"All Customers","XLWB","E6 7FF","RH10 9PY","140.00","0.00","",
"All Customers","XLWB","E6 7FF","S9 5FZ","366.00","0.00","",
"All Customers","XLWB","E6 7FF","SE15 1LR","140.00","0.00","",
"All Customers","XLWB","E6 7FF","SO15 0LD","262.00","0.00","",
"All Customers","XLWB","E6 7FF","TW4 6NF","140.00","0.00","",
"All Customers","XLWB","HU8 8BZ","BS32 4RX","374.00","0.00","",
"All Customers","XLWB","HU8 8BZ","CF37 5UA","423.00","0.00","",
"All Customers","XLWB","HU8 8BZ","CM20 2DH","310.00","0.00","",
"All Customers","XLWB","HU8 8BZ","CR4 4HR","408.00","0.00","",
"All Customers","XLWB","HU8 8BZ","DE24 8UT","179.00","0.00","",
"All Customers","XLWB","HU8 8BZ","L20 8EL","232.00","0.00","",
"All Customers","XLWB","HU8 8BZ","LS12 6BS","117.00","0.00","",
"All Customers","XLWB","HU8 8BZ","M17 1GJ","193.00","0.00","",
"All Customers","XLWB","HU8 8BZ","ME20 7XB","374.00","0.00","",
"All Customers","XLWB","HU8 8BZ","NE11 0JH","250.00","0.00","",
"All Customers","XLWB","HU8 8BZ","PE27 3LE","236.00","0.00","",
"All Customers","XLWB","HU8 8BZ","RG2 0TG","357.00","0.00","",
"All Customers","XLWB","HU8 8BZ","RH10 9PY","390.00","0.00","",
"All Customers","XLWB","HU8 8BZ","S9 5FZ","120.00","0.00","",
"All Customers","XLWB","HU8 8BZ","SE15 1LR","341.00","0.00","",
"All Customers","XLWB","HU8 8BZ","SO15 0LD","408.00","0.00","",
"All Customers","XLWB","HU8 8BZ","TW4 6NF","341.00","0.00","",
"All Customers","XLWB","L20 8EL","B90 4QU","218.00","0.00","",
"All Customers","XLWB","L20 8EL","BS32 4RX","293.00","0.00","",
"All Customers","XLWB","L20 8EL","CF37 5UA","293.00","0.00","",
"All Customers","XLWB","L20 8EL","CM20 2DH","374.00","0.00","",
"All Customers","XLWB","L20 8EL","CR4 4HR","408.00","0.00","",
"All Customers","XLWB","L20 8EL","DE24 8UT","183.00","0.00","",
"All Customers","XLWB","L20 8EL","E6 7FF","390.00","0.00","",
"All Customers","XLWB","L20 8EL","HU8 8BZ","232.00","0.00","",
"All Customers","XLWB","L20 8EL","LS12 6BS","137.00","0.00","",
"All Customers","XLWB","L20 8EL","M17 1GJ","120.00","0.00","",
"All Customers","XLWB","L20 8EL","ME20 7XB","439.00","0.00","",
"All Customers","XLWB","L20 8EL","NE11 0JH","293.00","0.00","",
"All Customers","XLWB","L20 8EL","PE27 3LE","310.00","0.00","",
"All Customers","XLWB","L20 8EL","RG2 0TG","357.00","0.00","",
"All Customers","XLWB","L20 8EL","RH10 9PY","408.00","0.00","",
"All Customers","XLWB","L20 8EL","S9 5FZ","199.00","0.00","",
"All Customers","XLWB","L20 8EL","SE15 1LR","374.00","0.00","",
"All Customers","XLWB","L20 8EL","SO15 0LD","408.00","0.00","",
"All Customers","XLWB","L20 8EL","TW4 6NF","357.00","0.00","",
"All Customers","XLWB","LS12 6BS","B90 4QU","224.00","0.00","",
"All Customers","XLWB","LS12 6BS","BS32 4RX","341.00","0.00","",
"All Customers","XLWB","LS12 6BS","CF37 5UA","390.00","0.00","",
"All Customers","XLWB","LS12 6BS","CM20 2DH","328.00","0.00","",
"All Customers","XLWB","LS12 6BS","CR4 4HR","374.00","0.00","",
"All Customers","XLWB","LS12 6BS","DE24 8UT","183.00","0.00","",
"All Customers","XLWB","LS12 6BS","E6 7FF","341.00","0.00","",
"All Customers","XLWB","LS12 6BS","HU8 8BZ","117.00","0.00","",
"All Customers","XLWB","LS12 6BS","L20 8EL","137.00","0.00","",
"All Customers","XLWB","LS12 6BS","M17 1GJ","120.00","0.00","",
"All Customers","XLWB","LS12 6BS","ME20 7XB","374.00","0.00","",
"All Customers","XLWB","LS12 6BS","NE11 0JH","185.00","0.00","",
"All Customers","XLWB","LS12 6BS","PE27 3LE","250.00","0.00","",
"All Customers","XLWB","LS12 6BS","RG2 0TG","357.00","0.00","",
"All Customers","XLWB","LS12 6BS","RH10 9PY","390.00","0.00","",
"All Customers","XLWB","LS12 6BS","S9 5FZ","120.00","0.00","",
"All Customers","XLWB","LS12 6BS","SE15 1LR","341.00","0.00","",
"All Customers","XLWB","LS12 6BS","SO15 0LD","390.00","0.00","",
"All Customers","XLWB","LS12 6BS","TW4 6NF","343.00","0.00","",
"All Customers","XLWB","M17 1GJ","B90 4QU","191.00","0.00","",
"All Customers","XLWB","M17 1GJ","BS32 4RX","277.00","0.00","",
"All Customers","XLWB","M17 1GJ","CF37 5UA","328.00","0.00","",
"All Customers","XLWB","M17 1GJ","CM20 2DH","357.00","0.00","",
"All Customers","XLWB","M17 1GJ","CR4 4HR","374.00","0.00","",
"All Customers","XLWB","M17 1GJ","DE24 8UT","137.00","0.00","",
"All Customers","XLWB","M17 1GJ","E6 7FF","357.00","0.00","",
"All Customers","XLWB","M17 1GJ","HU8 8BZ","195.00","0.00","",
"All Customers","XLWB","M17 1GJ","L20 8EL","120.00","0.00","",
"All Customers","XLWB","M17 1GJ","LS12 6BS","120.00","0.00","",
"All Customers","XLWB","M17 1GJ","ME20 7XB","408.00","0.00","",
"All Customers","XLWB","M17 1GJ","NE11 0JH","287.00","0.00","",
"All Customers","XLWB","M17 1GJ","PE27 3LE","293.00","0.00","",
"All Customers","XLWB","M17 1GJ","RG2 0TG","341.00","0.00","",
"All Customers","XLWB","M17 1GJ","RH10 9PY","390.00","0.00","",
"All Customers","XLWB","M17 1GJ","S9 5FZ","120.00","0.00","",
"All Customers","XLWB","M17 1GJ","SE15 1LR","357.00","0.00","",
"All Customers","XLWB","M17 1GJ","SO15 0LD","374.00","0.00","",
"All Customers","XLWB","M17 1GJ","TW4 6NF","341.00","0.00","",
"All Customers","XLWB","ME20 7XB","B90 4QU","327.00","0.00","",
"All Customers","XLWB","ME20 7XB","BS32 4RX","327.00","0.00","",
"All Customers","XLWB","ME20 7XB","CF37 5UA","386.00","0.00","",
"All Customers","XLWB","ME20 7XB","CM20 2DH","140.00","0.00","",
"All Customers","XLWB","ME20 7XB","CR4 4HR","140.00","0.00","",
"All Customers","XLWB","ME20 7XB","DE24 8UT","345.00","0.00","",
"All Customers","XLWB","ME20 7XB","E6 7FF","140.00","0.00","",
"All Customers","XLWB","ME20 7XB","HU8 8BZ","442.00","0.00","",
"All Customers","XLWB","ME20 7XB","L20 8EL","499.00","0.00","",
"All Customers","XLWB","ME20 7XB","LS12 6BS","442.00","0.00","",
"All Customers","XLWB","ME20 7XB","M17 1GJ","481.00","0.00","",
"All Customers","XLWB","ME20 7XB","NE11 0JH","598.00","0.00","",
"All Customers","XLWB","ME20 7XB","PE27 3LE","212.00","0.00","",
"All Customers","XLWB","ME20 7XB","RG2 0TG","212.00","0.00","",
"All Customers","XLWB","ME20 7XB","RH10 9PY","140.00","0.00","",
"All Customers","XLWB","ME20 7XB","S9 5FZ","403.00","0.00","",
"All Customers","XLWB","ME20 7XB","SE15 1LR","140.00","0.00","",
"All Customers","XLWB","ME20 7XB","SO15 0LD","237.00","0.00","",
"All Customers","XLWB","ME20 7XB","TW4 6NF","140.00","0.00","",
"All Customers","XLWB","NE11 0JH","B90 4QU","403.00","0.00","",
"All Customers","XLWB","NE11 0JH","BS32 4RX","559.00","0.00","",
"All Customers","XLWB","NE11 0JH","CF37 5UA","637.00","0.00","",
"All Customers","XLWB","NE11 0JH","CM20 2DH","518.00","0.00","",
"All Customers","XLWB","NE11 0JH","CR4 4HR","598.00","0.00","",
"All Customers","XLWB","NE11 0JH","DE24 8UT","327.00","0.00","",
"All Customers","XLWB","NE11 0JH","E6 7FF","559.00","0.00","",
"All Customers","XLWB","NE11 0JH","HU8 8BZ","297.00","0.00","",
"All Customers","XLWB","NE11 0JH","L20 8EL","345.00","0.00","",
"All Customers","XLWB","NE11 0JH","LS12 6BS","216.00","0.00","",
"All Customers","XLWB","NE11 0JH","M17 1GJ","299.00","0.00","",
"All Customers","XLWB","NE11 0JH","ME20 7XB","598.00","0.00","",
"All Customers","XLWB","NE11 0JH","PE27 3LE","421.00","0.00","",
"All Customers","XLWB","NE11 0JH","RG2 0TG","577.00","0.00","",
"All Customers","XLWB","NE11 0JH","RH10 9PY","621.00","0.00","",
"All Customers","XLWB","NE11 0JH","S9 5FZ","274.00","0.00","",
"All Customers","XLWB","NE11 0JH","SE15 1LR","559.00","0.00","",
"All Customers","XLWB","NE11 0JH","SO15 0LD","637.00","0.00","",
"All Customers","XLWB","NE11 0JH","TW4 6NF","559.00","0.00","",
"All Customers","XLWB","PE27 3LE","B90 4QU","161.00","0.00","",
"All Customers","XLWB","PE27 3LE","BS32 4RX","345.00","0.00","",
"All Customers","XLWB","PE27 3LE","CF37 5UA","405.00","0.00","",
"All Customers","XLWB","PE27 3LE","CM20 2DH","140.00","0.00","",
"All Customers","XLWB","PE27 3LE","CR4 4HR","239.00","0.00","",
"All Customers","XLWB","PE27 3LE","DE24 8UT","209.00","0.00","",
"All Customers","XLWB","PE27 3LE","E6 7FF","140.00","0.00","",
"All Customers","XLWB","PE27 3LE","HU8 8BZ","278.00","0.00","",
"All Customers","XLWB","PE27 3LE","L20 8EL","366.00","0.00","",
"All Customers","XLWB","PE27 3LE","LS12 6BS","294.00","0.00","",
"All Customers","XLWB","PE27 3LE","M17 1GJ","345.00","0.00","",
"All Customers","XLWB","PE27 3LE","ME20 7XB","209.00","0.00","",
"All Customers","XLWB","PE27 3LE","NE11 0JH","421.00","0.00","",
"All Customers","XLWB","PE27 3LE","RG2 0TG","140.00","0.00","",
"All Customers","XLWB","PE27 3LE","RH10 9PY","248.00","0.00","",
"All Customers","XLWB","PE27 3LE","S9 5FZ","251.00","0.00","",
"All Customers","XLWB","PE27 3LE","SE15 1LR","212.00","0.00","",
"All Customers","XLWB","PE27 3LE","SO15 0LD","294.00","0.00","",
"All Customers","XLWB","PE27 3LE","TW4 6NF","161.00","0.00","",
"All Customers","XLWB","RG2 0TG","B90 4QU","219.00","0.00","",
"All Customers","XLWB","RG2 0TG","BS32 4RX","216.00","0.00","",
"All Customers","XLWB","RG2 0TG","CF37 5UA","251.00","0.00","",
"All Customers","XLWB","RG2 0TG","CM20 2DH","214.00","0.00","",
"All Customers","XLWB","RG2 0TG","CR4 4HR","140.00","0.00","",
"All Customers","XLWB","RG2 0TG","DE24 8UT","294.00","0.00","",
"All Customers","XLWB","RG2 0TG","E6 7FF","140.00","0.00","",
"All Customers","XLWB","RG2 0TG","HU8 8BZ","481.00","0.00","",
"All Customers","XLWB","RG2 0TG","L20 8EL","421.00","0.00","",
"All Customers","XLWB","RG2 0TG","LS12 6BS","442.00","0.00","",
"All Customers","XLWB","RG2 0TG","M17 1GJ","403.00","0.00","",
"All Customers","XLWB","RG2 0TG","ME20 7XB","212.00","0.00","",
"All Customers","XLWB","RG2 0TG","NE11 0JH","598.00","0.00","",
"All Customers","XLWB","RG2 0TG","PE27 3LE","230.00","0.00","",
"All Customers","XLWB","RG2 0TG","RH10 9PY","140.00","0.00","",
"All Customers","XLWB","RG2 0TG","S9 5FZ","366.00","0.00","",
"All Customers","XLWB","RG2 0TG","SE15 1LR","140.00","0.00","",
"All Customers","XLWB","RG2 0TG","SO15 0LD","140.00","0.00","",
"All Customers","XLWB","RG2 0TG","TW4 6NF","140.00","0.00","",
"All Customers","XLWB","RH10 9PY","B90 4QU","290.00","0.00","",
"All Customers","XLWB","RH10 9PY","BS32 4RX","285.00","0.00","",
"All Customers","XLWB","RH10 9PY","CF37 5UA","366.00","0.00","",
"All Customers","XLWB","RH10 9PY","CM20 2DH","140.00","0.00","",
"All Customers","XLWB","RH10 9PY","CR4 4HR","140.00","0.00","",
"All Customers","XLWB","RH10 9PY","DE24 8UT","336.00","0.00","",
"All Customers","XLWB","RH10 9PY","E6 7FF","140.00","0.00","",
"All Customers","XLWB","RH10 9PY","HU8 8BZ","460.00","0.00","",
"All Customers","XLWB","RH10 9PY","L20 8EL","499.00","0.00","",
"All Customers","XLWB","RH10 9PY","LS12 6BS","460.00","0.00","",
"All Customers","XLWB","RH10 9PY","M17 1GJ","559.00","0.00","",
"All Customers","XLWB","RH10 9PY","ME20 7XB","140.00","0.00","",
"All Customers","XLWB","RH10 9PY","NE11 0JH","621.00","0.00","",
"All Customers","XLWB","RH10 9PY","PE27 3LE","242.00","0.00","",
"All Customers","XLWB","RH10 9PY","RG2 0TG","140.00","0.00","",
"All Customers","XLWB","RH10 9PY","S9 5FZ","442.00","0.00","",
"All Customers","XLWB","RH10 9PY","SE15 1LR","140.00","0.00","",
"All Customers","XLWB","RH10 9PY","SO15 0LD","161.00","0.00","",
"All Customers","XLWB","RH10 9PY","TW4 6NF","140.00","0.00","",
"All Customers","XLWB","S9 5FZ","B90 4QU","137.00","0.00","",
"All Customers","XLWB","S9 5FZ","BS32 4RX","293.00","0.00","",
"All Customers","XLWB","S9 5FZ","CF37 5UA","341.00","0.00","",
"All Customers","XLWB","S9 5FZ","CM20 2DH","293.00","0.00","",
"All Customers","XLWB","S9 5FZ","CR4 4HR","343.00","0.00","",
"All Customers","XLWB","S9 5FZ","DE24 8UT","140.00","0.00","",
"All Customers","XLWB","S9 5FZ","E6 7FF","310.00","0.00","",
"All Customers","XLWB","S9 5FZ","HU8 8BZ","117.00","0.00","",
"All Customers","XLWB","S9 5FZ","L20 8EL","199.00","0.00","",
"All Customers","XLWB","S9 5FZ","LS12 6BS","120.00","0.00","",
"All Customers","XLWB","S9 5FZ","M17 1GJ","120.00","0.00","",
"All Customers","XLWB","S9 5FZ","ME20 7XB","341.00","0.00","",
"All Customers","XLWB","S9 5FZ","NE11 0JH","224.00","0.00","",
"All Customers","XLWB","S9 5FZ","PE27 3LE","222.00","0.00","",
"All Customers","XLWB","S9 5FZ","RG2 0TG","310.00","0.00","",
"All Customers","XLWB","S9 5FZ","RH10 9PY","341.00","0.00","",
"All Customers","XLWB","S9 5FZ","SE15 1LR","328.00","0.00","",
"All Customers","XLWB","S9 5FZ","SO15 0LD","341.00","0.00","",
"All Customers","XLWB","S9 5FZ","TW4 6NF","293.00","0.00","",
"All Customers","XLWB","SE15 1LR","B90 4QU","253.00","0.00","",
"All Customers","XLWB","SE15 1LR","BS32 4RX","265.00","0.00","",
"All Customers","XLWB","SE15 1LR","CF37 5UA","366.00","0.00","",
"All Customers","XLWB","SE15 1LR","CM20 2DH","140.00","0.00","",
"All Customers","XLWB","SE15 1LR","CR4 4HR","140.00","0.00","",
"All Customers","XLWB","SE15 1LR","DE24 8UT","278.00","0.00","",
"All Customers","XLWB","SE15 1LR","E6 7FF","140.00","0.00","",
"All Customers","XLWB","SE15 1LR","HU8 8BZ","403.00","0.00","",
"All Customers","XLWB","SE15 1LR","L20 8EL","442.00","0.00","",
"All Customers","XLWB","SE15 1LR","LS12 6BS","403.00","0.00","",
"All Customers","XLWB","SE15 1LR","M17 1GJ","403.00","0.00","",
"All Customers","XLWB","SE15 1LR","ME20 7XB","140.00","0.00","",
"All Customers","XLWB","SE15 1LR","NE11 0JH","559.00","0.00","",
"All Customers","XLWB","SE15 1LR","PE27 3LE","212.00","0.00","",
"All Customers","XLWB","SE15 1LR","RG2 0TG","140.00","0.00","",
"All Customers","XLWB","SE15 1LR","RH10 9PY","140.00","0.00","",
"All Customers","XLWB","SE15 1LR","S9 5FZ","366.00","0.00","",
"All Customers","XLWB","SE15 1LR","SO15 0LD","161.00","0.00","",
"All Customers","XLWB","SE15 1LR","TW4 6NF","140.00","0.00","",
"All Customers","XLWB","SO15 0LD","BS32 4RX","190.00","0.00","",
"All Customers","XLWB","SO15 0LD","CF37 5UA","256.00","0.00","",
"All Customers","XLWB","SO15 0LD","CM20 2DH","226.00","0.00","",
"All Customers","XLWB","SO15 0LD","CR4 4HR","120.00","0.00","",
"All Customers","XLWB","SO15 0LD","DE24 8UT","284.00","0.00","",
"All Customers","XLWB","SO15 0LD","E6 7FF","200.00","0.00","",
"All Customers","XLWB","SO15 0LD","HU8 8BZ","434.00","0.00","",
"All Customers","XLWB","SO15 0LD","L20 8EL","418.00","0.00","",
"All Customers","XLWB","SO15 0LD","LS12 6BS","400.00","0.00","",
"All Customers","XLWB","SO15 0LD","M17 1GJ","384.00","0.00","",
"All Customers","XLWB","SO15 0LD","ME20 7XB","218.00","0.00","",
"All Customers","XLWB","SO15 0LD","NE11 0JH","554.00","0.00","",
"All Customers","XLWB","SO15 0LD","PE27 3LE","276.00","0.00","",
"All Customers","XLWB","SO15 0LD","RG2 0TG","140.00","0.00","",
"All Customers","XLWB","SO15 0LD","RH10 9PY","182.00","0.00","",
"All Customers","XLWB","SO15 0LD","S9 5FZ","416.00","0.00","",
"All Customers","XLWB","SO15 0LD","SE15 1LR","120.00","0.00","",
"All Customers","XLWB","SO15 0LD","TW4 6NF","140.00","0.00","",
"All Customers","XLWB","TW4 6NF","B90 4QU","225.00","0.00","",
"All Customers","XLWB","TW4 6NF","BS32 4RX","230.00","0.00","",
"All Customers","XLWB","TW4 6NF","CF37 5UA","299.00","0.00","",
"All Customers","XLWB","TW4 6NF","CM20 2DH","140.00","0.00","",
"All Customers","XLWB","TW4 6NF","CR4 4HR","140.00","0.00","",
"All Customers","XLWB","TW4 6NF","DE24 8UT","271.00","0.00","",
"All Customers","XLWB","TW4 6NF","E6 7FF","140.00","0.00","",
"All Customers","XLWB","TW4 6NF","HU8 8BZ","442.00","0.00","",
"All Customers","XLWB","TW4 6NF","L20 8EL","421.00","0.00","",
"All Customers","XLWB","TW4 6NF","LS12 6BS","403.00","0.00","",
"All Customers","XLWB","TW4 6NF","M17 1GJ","403.00","0.00","",
"All Customers","XLWB","TW4 6NF","ME20 7XB","138.00","0.00","",
"All Customers","XLWB","TW4 6NF","NE11 0JH","559.00","0.00","",
"All Customers","XLWB","TW4 6NF","PE27 3LE","216.00","0.00","",
"All Customers","XLWB","TW4 6NF","RG2 0TG","140.00","0.00","",
"All Customers","XLWB","TW4 6NF","RH10 9PY","140.00","0.00","",
"All Customers","XLWB","TW4 6NF","S9 5FZ","345.00","0.00","",
"All Customers","XLWB","TW4 6NF","SE15 1LR","140.00","0.00","",
"All Customers","XLWB","TW4 6NF","SO15 0LD","161.00","0.00","",
"All Customers","XLWB (Depot to Depot)","B90 4QU","BS32 4RX","138.00","0.00","",
"All Customers","XLWB (Depot to Depot)","B90 4QU","CF37 5UA","248.00","0.00","",
"All Customers","XLWB (Depot to Depot)","B90 4QU","CM20 2DH","294.00","0.00","",
"All Customers","XLWB (Depot to Depot)","B90 4QU","CR4 4HR","278.00","0.00","",
"All Customers","XLWB (Depot to Depot)","B90 4QU","DE24 8UT","95.00","0.00","",
"All Customers","XLWB (Depot to Depot)","B90 4QU","E6 7FF","265.00","0.00","",
"All Customers","XLWB (Depot to Depot)","B90 4QU","HU8 8BZ","294.00","0.00","",
"All Customers","XLWB (Depot to Depot)","B90 4QU","L20 8EL","258.00","0.00","",
"All Customers","XLWB (Depot to Depot)","B90 4QU","LS12 6BS","265.00","0.00","",
"All Customers","XLWB (Depot to Depot)","B90 4QU","M17 1GJ","228.00","0.00","",
"All Customers","XLWB (Depot to Depot)","B90 4QU","ME20 7XB","327.00","0.00","",
"All Customers","XLWB (Depot to Depot)","B90 4QU","NE11 0JH","403.00","0.00","",
"All Customers","XLWB (Depot to Depot)","B90 4QU","PE27 3LE","161.00","0.00","",
"All Customers","XLWB (Depot to Depot)","B90 4QU","RG2 0TG","219.00","0.00","",
"All Customers","XLWB (Depot to Depot)","B90 4QU","RH10 9PY","294.00","0.00","",
"All Customers","XLWB (Depot to Depot)","B90 4QU","SE15 1LR","248.00","0.00","",
"All Customers","XLWB (Depot to Depot)","B90 4QU","SO15 0LD","265.00","0.00","",
"All Customers","XLWB (Depot to Depot)","B90 4QU","TW4 6NF","219.00","0.00","",
"All Customers","XLWB (Depot to Depot)","BS32 4RX","B90 4QU","120.00","0.00","",
"All Customers","XLWB (Depot to Depot)","BS32 4RX","CF37 5UA","95.00","0.00","",
"All Customers","XLWB (Depot to Depot)","BS32 4RX","CM20 2DH","284.00","0.00","",
"All Customers","XLWB (Depot to Depot)","BS32 4RX","CR4 4HR","226.00","0.00","",
"All Customers","XLWB (Depot to Depot)","BS32 4RX","DE24 8UT","240.00","0.00","",
"All Customers","XLWB (Depot to Depot)","BS32 4RX","E6 7FF","284.00","0.00","",
"All Customers","XLWB (Depot to Depot)","BS32 4RX","HU8 8BZ","384.00","0.00","",
"All Customers","XLWB (Depot to Depot)","BS32 4RX","L20 8EL","318.00","0.00","",
"All Customers","XLWB (Depot to Depot)","BS32 4RX","LS12 6BS","350.00","0.00","",
"All Customers","XLWB (Depot to Depot)","BS32 4RX","M17 1GJ","292.00","0.00","",
"All Customers","XLWB (Depot to Depot)","BS32 4RX","ME20 7XB","284.00","0.00","",
"All Customers","XLWB (Depot to Depot)","BS32 4RX","NE11 0JH","486.00","0.00","",
"All Customers","XLWB (Depot to Depot)","BS32 4RX","PE27 3LE","284.00","0.00","",
"All Customers","XLWB (Depot to Depot)","BS32 4RX","RG2 0TG","188.00","0.00","",
"All Customers","XLWB (Depot to Depot)","BS32 4RX","RH10 9PY","246.00","0.00","",
"All Customers","XLWB (Depot to Depot)","BS32 4RX","SE15 1LR","224.00","0.00","",
"All Customers","XLWB (Depot to Depot)","BS32 4RX","SO15 0LD","202.00","0.00","",
"All Customers","XLWB (Depot to Depot)","BS32 4RX","TW4 6NF","202.00","0.00","",
"All Customers","XLWB (Depot to Depot)","CF37 5UA","B90 4QU","226.00","0.00","",
"All Customers","XLWB (Depot to Depot)","CF37 5UA","BS32 4RX","95.00","0.00","",
"All Customers","XLWB (Depot to Depot)","CF37 5UA","CM20 2DH","352.00","0.00","",
"All Customers","XLWB (Depot to Depot)","CF37 5UA","CR4 4HR","284.00","0.00","",
"All Customers","XLWB (Depot to Depot)","CF37 5UA","DE24 8UT","280.00","0.00","",
"All Customers","XLWB (Depot to Depot)","CF37 5UA","E6 7FF","300.00","0.00","",
"All Customers","XLWB (Depot to Depot)","CF37 5UA","HU8 8BZ","434.00","0.00","",
"All Customers","XLWB (Depot to Depot)","CF37 5UA","L20 8EL","300.00","0.00","",
"All Customers","XLWB (Depot to Depot)","CF37 5UA","LS12 6BS","400.00","0.00","",
"All Customers","XLWB (Depot to Depot)","CF37 5UA","M17 1GJ","352.00","0.00","",
"All Customers","XLWB (Depot to Depot)","CF37 5UA","ME20 7XB","336.00","0.00","",
"All Customers","XLWB (Depot to Depot)","CF37 5UA","NE11 0JH","540.00","0.00","",
"All Customers","XLWB (Depot to Depot)","CF37 5UA","PE27 3LE","350.00","0.00","",
"All Customers","XLWB (Depot to Depot)","CF37 5UA","RG2 0TG","218.00","0.00","",
"All Customers","XLWB (Depot to Depot)","CF37 5UA","RH10 9PY","300.00","0.00","",
"All Customers","XLWB (Depot to Depot)","CF37 5UA","SE15 1LR","284.00","0.00","",
"All Customers","XLWB (Depot to Depot)","CF37 5UA","SO15 0LD","256.00","0.00","",
"All Customers","XLWB (Depot to Depot)","CF37 5UA","TW4 6NF","256.00","0.00","",
"All Customers","XLWB (Depot to Depot)","CM20 2DH","B90 4QU","285.00","0.00","",
"All Customers","XLWB (Depot to Depot)","CM20 2DH","BS32 4RX","327.00","0.00","",
"All Customers","XLWB (Depot to Depot)","CM20 2DH","CF37 5UA","366.00","0.00","",
"All Customers","XLWB (Depot to Depot)","CM20 2DH","CR4 4HR","95.00","0.00","",
"All Customers","XLWB (Depot to Depot)","CM20 2DH","DE24 8UT","285.00","0.00","",
"All Customers","XLWB (Depot to Depot)","CM20 2DH","E6 7FF","95.00","0.00","",
"All Customers","XLWB (Depot to Depot)","CM20 2DH","HU8 8BZ","366.00","0.00","",
"All Customers","XLWB (Depot to Depot)","CM20 2DH","L20 8EL","442.00","0.00","",
"All Customers","XLWB (Depot to Depot)","CM20 2DH","LS12 6BS","386.00","0.00","",
"All Customers","XLWB (Depot to Depot)","CM20 2DH","M17 1GJ","421.00","0.00","",
"All Customers","XLWB (Depot to Depot)","CM20 2DH","ME20 7XB","141.00","0.00","",
"All Customers","XLWB (Depot to Depot)","CM20 2DH","NE11 0JH","518.00","0.00","",
"All Customers","XLWB (Depot to Depot)","CM20 2DH","PE27 3LE","95.00","0.00","",
"All Customers","XLWB (Depot to Depot)","CM20 2DH","RG2 0TG","161.00","0.00","",
"All Customers","XLWB (Depot to Depot)","CM20 2DH","RH10 9PY","142.00","0.00","",
"All Customers","XLWB (Depot to Depot)","CM20 2DH","SE15 1LR","95.00","0.00","",
"All Customers","XLWB (Depot to Depot)","CM20 2DH","SO15 0LD","258.00","0.00","",
"All Customers","XLWB (Depot to Depot)","CM20 2DH","TW4 6NF","95.00","0.00","",
"All Customers","XLWB (Depot to Depot)","CR4 4HR","B90 4QU","276.00","0.00","",
"All Customers","XLWB (Depot to Depot)","CR4 4HR","BS32 4RX","265.00","0.00","",
"All Customers","XLWB (Depot to Depot)","CR4 4HR","CF37 5UA","327.00","0.00","",
"All Customers","XLWB (Depot to Depot)","CR4 4HR","CM20 2DH","95.00","0.00","",
"All Customers","XLWB (Depot to Depot)","CR4 4HR","DE24 8UT","304.00","0.00","",
"All Customers","XLWB (Depot to Depot)","CR4 4HR","E6 7FF","95.00","0.00","",
"All Customers","XLWB (Depot to Depot)","CR4 4HR","HU8 8BZ","481.00","0.00","",
"All Customers","XLWB (Depot to Depot)","CR4 4HR","L20 8EL","460.00","0.00","",
"All Customers","XLWB (Depot to Depot)","CR4 4HR","LS12 6BS","442.00","0.00","",
"All Customers","XLWB (Depot to Depot)","CR4 4HR","M17 1GJ","442.00","0.00","",
"All Customers","XLWB (Depot to Depot)","CR4 4HR","ME20 7XB","95.00","0.00","",
"All Customers","XLWB (Depot to Depot)","CR4 4HR","NE11 0JH","577.00","0.00","",
"All Customers","XLWB (Depot to Depot)","CR4 4HR","PE27 3LE","219.00","0.00","",
"All Customers","XLWB (Depot to Depot)","CR4 4HR","RG2 0TG","95.00","0.00","",
"All Customers","XLWB (Depot to Depot)","CR4 4HR","RH10 9PY","95.00","0.00","",
"All Customers","XLWB (Depot to Depot)","CR4 4HR","SE15 1LR","95.00","0.00","",
"All Customers","XLWB (Depot to Depot)","CR4 4HR","SO15 0LD","138.00","0.00","",
"All Customers","XLWB (Depot to Depot)","CR4 4HR","TW4 6NF","95.00","0.00","",
"All Customers","XLWB (Depot to Depot)","DE24 8UT","B90 4QU","120.00","0.00","",
"All Customers","XLWB (Depot to Depot)","DE24 8UT","BS32 4RX","276.00","0.00","",
"All Customers","XLWB (Depot to Depot)","DE24 8UT","CF37 5UA","327.00","0.00","",
"All Customers","XLWB (Depot to Depot)","DE24 8UT","CM20 2DH","290.00","0.00","",
"All Customers","XLWB (Depot to Depot)","DE24 8UT","CR4 4HR","304.00","0.00","",
"All Customers","XLWB (Depot to Depot)","DE24 8UT","E6 7FF","299.00","0.00","",
"All Customers","XLWB (Depot to Depot)","DE24 8UT","HU8 8BZ","212.00","0.00","",
"All Customers","XLWB (Depot to Depot)","DE24 8UT","L20 8EL","216.00","0.00","",
"All Customers","XLWB (Depot to Depot)","DE24 8UT","LS12 6BS","214.00","0.00","",
"All Customers","XLWB (Depot to Depot)","DE24 8UT","M17 1GJ","161.00","0.00","",
"All Customers","XLWB (Depot to Depot)","DE24 8UT","ME20 7XB","345.00","0.00","",
"All Customers","XLWB (Depot to Depot)","DE24 8UT","NE11 0JH","327.00","0.00","",
"All Customers","XLWB (Depot to Depot)","DE24 8UT","PE27 3LE","209.00","0.00","",
"All Customers","XLWB (Depot to Depot)","DE24 8UT","RG2 0TG","299.00","0.00","",
"All Customers","XLWB (Depot to Depot)","DE24 8UT","RH10 9PY","327.00","0.00","",
"All Customers","XLWB (Depot to Depot)","DE24 8UT","SE15 1LR","274.00","0.00","",
"All Customers","XLWB (Depot to Depot)","DE24 8UT","SO15 0LD","345.00","0.00","",
"All Customers","XLWB (Depot to Depot)","DE24 8UT","TW4 6NF","317.00","0.00","",
"All Customers","XLWB (Depot to Depot)","E6 7FF","B90 4QU","265.00","0.00","",
"All Customers","XLWB (Depot to Depot)","E6 7FF","BS32 4RX","327.00","0.00","",
"All Customers","XLWB (Depot to Depot)","E6 7FF","CF37 5UA","405.00","0.00","",
"All Customers","XLWB (Depot to Depot)","E6 7FF","CM20 2DH","95.00","0.00","",
"All Customers","XLWB (Depot to Depot)","E6 7FF","CR4 4HR","95.00","0.00","",
"All Customers","XLWB (Depot to Depot)","E6 7FF","DE24 8UT","299.00","0.00","",
"All Customers","XLWB (Depot to Depot)","E6 7FF","HU8 8BZ","405.00","0.00","",
"All Customers","XLWB (Depot to Depot)","E6 7FF","L20 8EL","460.00","0.00","",
"All Customers","XLWB (Depot to Depot)","E6 7FF","LS12 6BS","403.00","0.00","",
"All Customers","XLWB (Depot to Depot)","E6 7FF","M17 1GJ","421.00","0.00","",
"All Customers","XLWB (Depot to Depot)","E6 7FF","ME20 7XB","95.00","0.00","",
"All Customers","XLWB (Depot to Depot)","E6 7FF","NE11 0JH","538.00","0.00","",
"All Customers","XLWB (Depot to Depot)","E6 7FF","PE27 3LE","161.00","0.00","",
"All Customers","XLWB (Depot to Depot)","E6 7FF","RG2 0TG","141.00","0.00","",
"All Customers","XLWB (Depot to Depot)","E6 7FF","RH10 9PY","95.00","0.00","",
"All Customers","XLWB (Depot to Depot)","E6 7FF","SE15 1LR","95.00","0.00","",
"All Customers","XLWB (Depot to Depot)","E6 7FF","SO15 0LD","262.00","0.00","",
"All Customers","XLWB (Depot to Depot)","E6 7FF","TW4 6NF","95.00","0.00","",
"All Customers","XLWB (Depot to Depot)","HU8 8BZ","B90 4QU","250.00","0.00","",
"All Customers","XLWB (Depot to Depot)","HU8 8BZ","BS32 4RX","374.00","0.00","",
"All Customers","XLWB (Depot to Depot)","HU8 8BZ","CF37 5UA","423.00","0.00","",
"All Customers","XLWB (Depot to Depot)","HU8 8BZ","CM20 2DH","310.00","0.00","",
"All Customers","XLWB (Depot to Depot)","HU8 8BZ","CR4 4HR","408.00","0.00","",
"All Customers","XLWB (Depot to Depot)","HU8 8BZ","DE24 8UT","179.00","0.00","",
"All Customers","XLWB (Depot to Depot)","HU8 8BZ","E6 7FF","343.00","0.00","",
"All Customers","XLWB (Depot to Depot)","HU8 8BZ","L20 8EL","232.00","0.00","",
"All Customers","XLWB (Depot to Depot)","HU8 8BZ","LS12 6BS","117.00","0.00","",
"All Customers","XLWB (Depot to Depot)","HU8 8BZ","M17 1GJ","193.00","0.00","",
"All Customers","XLWB (Depot to Depot)","HU8 8BZ","ME20 7XB","374.00","0.00","",
"All Customers","XLWB (Depot to Depot)","HU8 8BZ","NE11 0JH","250.00","0.00","",
"All Customers","XLWB (Depot to Depot)","HU8 8BZ","PE27 3LE","236.00","0.00","",
"All Customers","XLWB (Depot to Depot)","HU8 8BZ","RG2 0TG","357.00","0.00","",
"All Customers","XLWB (Depot to Depot)","HU8 8BZ","RH10 9PY","390.00","0.00","",
"All Customers","XLWB (Depot to Depot)","HU8 8BZ","SE15 1LR","341.00","0.00","",
"All Customers","XLWB (Depot to Depot)","HU8 8BZ","SO15 0LD","408.00","0.00","",
"All Customers","XLWB (Depot to Depot)","HU8 8BZ","TW4 6NF","341.00","0.00","",
"All Customers","XLWB (Depot to Depot)","L20 8EL","B90 4QU","218.00","0.00","",
"All Customers","XLWB (Depot to Depot)","L20 8EL","BS32 4RX","293.00","0.00","",
"All Customers","XLWB (Depot to Depot)","L20 8EL","CF37 5UA","293.00","0.00","",
"All Customers","XLWB (Depot to Depot)","L20 8EL","CM20 2DH","374.00","0.00","",
"All Customers","XLWB (Depot to Depot)","L20 8EL","CR4 4HR","408.00","0.00","",
"All Customers","XLWB (Depot to Depot)","L20 8EL","DE24 8UT","183.00","0.00","",
"All Customers","XLWB (Depot to Depot)","L20 8EL","E6 7FF","390.00","0.00","",
"All Customers","XLWB (Depot to Depot)","L20 8EL","HU8 8BZ","232.00","0.00","",
"All Customers","XLWB (Depot to Depot)","L20 8EL","LS12 6BS","137.00","0.00","",
"All Customers","XLWB (Depot to Depot)","L20 8EL","M17 1GJ","120.00","0.00","",
"All Customers","XLWB (Depot to Depot)","L20 8EL","ME20 7XB","439.00","0.00","",
"All Customers","XLWB (Depot to Depot)","L20 8EL","NE11 0JH","293.00","0.00","",
"All Customers","XLWB (Depot to Depot)","L20 8EL","PE27 3LE","310.00","0.00","",
"All Customers","XLWB (Depot to Depot)","L20 8EL","RG2 0TG","357.00","0.00","",
"All Customers","XLWB (Depot to Depot)","L20 8EL","RH10 9PY","408.00","0.00","",
"All Customers","XLWB (Depot to Depot)","L20 8EL","SE15 1LR","374.00","0.00","",
"All Customers","XLWB (Depot to Depot)","L20 8EL","SO15 0LD","408.00","0.00","",
"All Customers","XLWB (Depot to Depot)","L20 8EL","TW4 6NF","357.00","0.00","",
"All Customers","XLWB (Depot to Depot)","LS12 6BS","B90 4QU","224.00","0.00","",
"All Customers","XLWB (Depot to Depot)","LS12 6BS","BS32 4RX","341.00","0.00","",
"All Customers","XLWB (Depot to Depot)","LS12 6BS","CF37 5UA","390.00","0.00","",
"All Customers","XLWB (Depot to Depot)","LS12 6BS","CM20 2DH","328.00","0.00","",
"All Customers","XLWB (Depot to Depot)","LS12 6BS","CR4 4HR","374.00","0.00","",
"All Customers","XLWB (Depot to Depot)","LS12 6BS","DE24 8UT","183.00","0.00","",
"All Customers","XLWB (Depot to Depot)","LS12 6BS","E6 7FF","341.00","0.00","",
"All Customers","XLWB (Depot to Depot)","LS12 6BS","HU8 8BZ","117.00","0.00","",
"All Customers","XLWB (Depot to Depot)","LS12 6BS","L20 8EL","137.00","0.00","",
"All Customers","XLWB (Depot to Depot)","LS12 6BS","M17 1GJ","120.00","0.00","",
"All Customers","XLWB (Depot to Depot)","LS12 6BS","ME20 7XB","374.00","0.00","",
"All Customers","XLWB (Depot to Depot)","LS12 6BS","NE11 0JH","185.00","0.00","",
"All Customers","XLWB (Depot to Depot)","LS12 6BS","PE27 3LE","250.00","0.00","",
"All Customers","XLWB (Depot to Depot)","LS12 6BS","RG2 0TG","357.00","0.00","",
"All Customers","XLWB (Depot to Depot)","LS12 6BS","RH10 9PY","390.00","0.00","",
"All Customers","XLWB (Depot to Depot)","LS12 6BS","SE15 1LR","341.00","0.00","",
"All Customers","XLWB (Depot to Depot)","LS12 6BS","SO15 0LD","390.00","0.00","",
"All Customers","XLWB (Depot to Depot)","LS12 6BS","TW4 6NF","343.00","0.00","",
"All Customers","XLWB (Depot to Depot)","M17 1GJ","B90 4QU","191.00","0.00","",
"All Customers","XLWB (Depot to Depot)","M17 1GJ","BS32 4RX","277.00","0.00","",
"All Customers","XLWB (Depot to Depot)","M17 1GJ","CF37 5UA","328.00","0.00","",
"All Customers","XLWB (Depot to Depot)","M17 1GJ","CM20 2DH","357.00","0.00","",
"All Customers","XLWB (Depot to Depot)","M17 1GJ","CR4 4HR","374.00","0.00","",
"All Customers","XLWB (Depot to Depot)","M17 1GJ","DE24 8UT","137.00","0.00","",
"All Customers","XLWB (Depot to Depot)","M17 1GJ","E6 7FF","357.00","0.00","",
"All Customers","XLWB (Depot to Depot)","M17 1GJ","HU8 8BZ","195.00","0.00","",
"All Customers","XLWB (Depot to Depot)","M17 1GJ","L20 8EL","120.00","0.00","",
"All Customers","XLWB (Depot to Depot)","M17 1GJ","LS12 6BS","120.00","0.00","",
"All Customers","XLWB (Depot to Depot)","M17 1GJ","ME20 7XB","408.00","0.00","",
"All Customers","XLWB (Depot to Depot)","M17 1GJ","NE11 0JH","287.00","0.00","",
"All Customers","XLWB (Depot to Depot)","M17 1GJ","PE27 3LE","293.00","0.00","",
"All Customers","XLWB (Depot to Depot)","M17 1GJ","RG2 0TG","341.00","0.00","",
"All Customers","XLWB (Depot to Depot)","M17 1GJ","RH10 9PY","390.00","0.00","",
"All Customers","XLWB (Depot to Depot)","M17 1GJ","SE15 1LR","357.00","0.00","",
"All Customers","XLWB (Depot to Depot)","M17 1GJ","SO15 0LD","374.00","0.00","",
"All Customers","XLWB (Depot to Depot)","M17 1GJ","TW4 6NF","341.00","0.00","",
"All Customers","XLWB (Depot to Depot)","ME20 7XB","B90 4QU","327.00","0.00","",
"All Customers","XLWB (Depot to Depot)","ME20 7XB","BS32 4RX","327.00","0.00","",
"All Customers","XLWB (Depot to Depot)","ME20 7XB","CF37 5UA","386.00","0.00","",
"All Customers","XLWB (Depot to Depot)","ME20 7XB","CM20 2DH","95.00","0.00","",
"All Customers","XLWB (Depot to Depot)","ME20 7XB","CR4 4HR","95.00","0.00","",
"All Customers","XLWB (Depot to Depot)","ME20 7XB","DE24 8UT","345.00","0.00","",
"All Customers","XLWB (Depot to Depot)","ME20 7XB","E6 7FF","95.00","0.00","",
"All Customers","XLWB (Depot to Depot)","ME20 7XB","HU8 8BZ","442.00","0.00","",
"All Customers","XLWB (Depot to Depot)","ME20 7XB","L20 8EL","499.00","0.00","",
"All Customers","XLWB (Depot to Depot)","ME20 7XB","LS12 6BS","442.00","0.00","",
"All Customers","XLWB (Depot to Depot)","ME20 7XB","M17 1GJ","481.00","0.00","",
"All Customers","XLWB (Depot to Depot)","ME20 7XB","NE11 0JH","598.00","0.00","",
"All Customers","XLWB (Depot to Depot)","ME20 7XB","PE27 3LE","212.00","0.00","",
"All Customers","XLWB (Depot to Depot)","ME20 7XB","RG2 0TG","212.00","0.00","",
"All Customers","XLWB (Depot to Depot)","ME20 7XB","RH10 9PY","95.00","0.00","",
"All Customers","XLWB (Depot to Depot)","ME20 7XB","SE15 1LR","95.00","0.00","",
"All Customers","XLWB (Depot to Depot)","ME20 7XB","SO15 0LD","237.00","0.00","",
"All Customers","XLWB (Depot to Depot)","ME20 7XB","TW4 6NF","95.00","0.00","",
"All Customers","XLWB (Depot to Depot)","NE11 0JH","B90 4QU","403.00","0.00","",
"All Customers","XLWB (Depot to Depot)","NE11 0JH","BS32 4RX","559.00","0.00","",
"All Customers","XLWB (Depot to Depot)","NE11 0JH","CF37 5UA","637.00","0.00","",
"All Customers","XLWB (Depot to Depot)","NE11 0JH","CM20 2DH","518.00","0.00","",
"All Customers","XLWB (Depot to Depot)","NE11 0JH","CR4 4HR","598.00","0.00","",
"All Customers","XLWB (Depot to Depot)","NE11 0JH","DE24 8UT","327.00","0.00","",
"All Customers","XLWB (Depot to Depot)","NE11 0JH","E6 7FF","559.00","0.00","",
"All Customers","XLWB (Depot to Depot)","NE11 0JH","HU8 8BZ","297.00","0.00","",
"All Customers","XLWB (Depot to Depot)","NE11 0JH","L20 8EL","345.00","0.00","",
"All Customers","XLWB (Depot to Depot)","NE11 0JH","LS12 6BS","216.00","0.00","",
"All Customers","XLWB (Depot to Depot)","NE11 0JH","M17 1GJ","299.00","0.00","",
"All Customers","XLWB (Depot to Depot)","NE11 0JH","ME20 7XB","598.00","0.00","",
"All Customers","XLWB (Depot to Depot)","NE11 0JH","PE27 3LE","421.00","0.00","",
"All Customers","XLWB (Depot to Depot)","NE11 0JH","RG2 0TG","577.00","0.00","",
"All Customers","XLWB (Depot to Depot)","NE11 0JH","RH10 9PY","621.00","0.00","",
"All Customers","XLWB (Depot to Depot)","NE11 0JH","SE15 1LR","559.00","0.00","",
"All Customers","XLWB (Depot to Depot)","NE11 0JH","SO15 0LD","637.00","0.00","",
"All Customers","XLWB (Depot to Depot)","NE11 0JH","TW4 6NF","559.00","0.00","",
"All Customers","XLWB (Depot to Depot)","PE27 3LE","B90 4QU","161.00","0.00","",
"All Customers","XLWB (Depot to Depot)","PE27 3LE","BS32 4RX","345.00","0.00","",
"All Customers","XLWB (Depot to Depot)","PE27 3LE","CF37 5UA","405.00","0.00","",
"All Customers","XLWB (Depot to Depot)","PE27 3LE","CM20 2DH","95.00","0.00","",
"All Customers","XLWB (Depot to Depot)","PE27 3LE","CR4 4HR","239.00","0.00","",
"All Customers","XLWB (Depot to Depot)","PE27 3LE","DE24 8UT","209.00","0.00","",
"All Customers","XLWB (Depot to Depot)","PE27 3LE","E6 7FF","95.00","0.00","",
"All Customers","XLWB (Depot to Depot)","PE27 3LE","HU8 8BZ","278.00","0.00","",
"All Customers","XLWB (Depot to Depot)","PE27 3LE","L20 8EL","366.00","0.00","",
"All Customers","XLWB (Depot to Depot)","PE27 3LE","LS12 6BS","294.00","0.00","",
"All Customers","XLWB (Depot to Depot)","PE27 3LE","M17 1GJ","345.00","0.00","",
"All Customers","XLWB (Depot to Depot)","PE27 3LE","ME20 7XB","209.00","0.00","",
"All Customers","XLWB (Depot to Depot)","PE27 3LE","NE11 0JH","421.00","0.00","",
"All Customers","XLWB (Depot to Depot)","PE27 3LE","RG2 0TG","141.00","0.00","",
"All Customers","XLWB (Depot to Depot)","PE27 3LE","RH10 9PY","248.00","0.00","",
"All Customers","XLWB (Depot to Depot)","PE27 3LE","SE15 1LR","212.00","0.00","",
"All Customers","XLWB (Depot to Depot)","PE27 3LE","SO15 0LD","294.00","0.00","",
"All Customers","XLWB (Depot to Depot)","PE27 3LE","TW4 6NF","161.00","0.00","",
"All Customers","XLWB (Depot to Depot)","RG2 0TG","B90 4QU","219.00","0.00","",
"All Customers","XLWB (Depot to Depot)","RG2 0TG","BS32 4RX","216.00","0.00","",
"All Customers","XLWB (Depot to Depot)","RG2 0TG","CF37 5UA","251.00","0.00","",
"All Customers","XLWB (Depot to Depot)","RG2 0TG","CM20 2DH","214.00","0.00","",
"All Customers","XLWB (Depot to Depot)","RG2 0TG","CR4 4HR","95.00","0.00","",
"All Customers","XLWB (Depot to Depot)","RG2 0TG","DE24 8UT","294.00","0.00","",
"All Customers","XLWB (Depot to Depot)","RG2 0TG","E6 7FF","95.00","0.00","",
"All Customers","XLWB (Depot to Depot)","RG2 0TG","HU8 8BZ","481.00","0.00","",
"All Customers","XLWB (Depot to Depot)","RG2 0TG","L20 8EL","421.00","0.00","",
"All Customers","XLWB (Depot to Depot)","RG2 0TG","LS12 6BS","442.00","0.00","",
"All Customers","XLWB (Depot to Depot)","RG2 0TG","M17 1GJ","403.00","0.00","",
"All Customers","XLWB (Depot to Depot)","RG2 0TG","ME20 7XB","212.00","0.00","",
"All Customers","XLWB (Depot to Depot)","RG2 0TG","NE11 0JH","598.00","0.00","",
"All Customers","XLWB (Depot to Depot)","RG2 0TG","PE27 3LE","230.00","0.00","",
"All Customers","XLWB (Depot to Depot)","RG2 0TG","RH10 9PY","95.00","0.00","",
"All Customers","XLWB (Depot to Depot)","RG2 0TG","SE15 1LR","95.00","0.00","",
"All Customers","XLWB (Depot to Depot)","RG2 0TG","SO15 0LD","95.00","0.00","",
"All Customers","XLWB (Depot to Depot)","RG2 0TG","TW4 6NF","95.00","0.00","",
"All Customers","XLWB (Depot to Depot)","RH10 9PY","B90 4QU","290.00","0.00","",
"All Customers","XLWB (Depot to Depot)","RH10 9PY","BS32 4RX","285.00","0.00","",
"All Customers","XLWB (Depot to Depot)","RH10 9PY","CF37 5UA","366.00","0.00","",
"All Customers","XLWB (Depot to Depot)","RH10 9PY","CM20 2DH","95.00","0.00","",
"All Customers","XLWB (Depot to Depot)","RH10 9PY","CR4 4HR","95.00","0.00","",
"All Customers","XLWB (Depot to Depot)","RH10 9PY","DE24 8UT","336.00","0.00","",
"All Customers","XLWB (Depot to Depot)","RH10 9PY","E6 7FF","95.00","0.00","",
"All Customers","XLWB (Depot to Depot)","RH10 9PY","HU8 8BZ","460.00","0.00","",
"All Customers","XLWB (Depot to Depot)","RH10 9PY","L20 8EL","499.00","0.00","",
"All Customers","XLWB (Depot to Depot)","RH10 9PY","LS12 6BS","460.00","0.00","",
"All Customers","XLWB (Depot to Depot)","RH10 9PY","M17 1GJ","559.00","0.00","",
"All Customers","XLWB (Depot to Depot)","RH10 9PY","ME20 7XB","95.00","0.00","",
"All Customers","XLWB (Depot to Depot)","RH10 9PY","NE11 0JH","621.00","0.00","",
"All Customers","XLWB (Depot to Depot)","RH10 9PY","PE27 3LE","242.00","0.00","",
"All Customers","XLWB (Depot to Depot)","RH10 9PY","RG2 0TG","95.00","0.00","",
"All Customers","XLWB (Depot to Depot)","RH10 9PY","SE15 1LR","95.00","0.00","",
"All Customers","XLWB (Depot to Depot)","RH10 9PY","SO15 0LD","161.00","0.00","",
"All Customers","XLWB (Depot to Depot)","RH10 9PY","TW4 6NF","95.00","0.00","",
"All Customers","XLWB (Depot to Depot)","SE15 1LR","B90 4QU","253.00","0.00","",
"All Customers","XLWB (Depot to Depot)","SE15 1LR","BS32 4RX","265.00","0.00","",
"All Customers","XLWB (Depot to Depot)","SE15 1LR","CF37 5UA","366.00","0.00","",
"All Customers","XLWB (Depot to Depot)","SE15 1LR","CM20 2DH","95.00","0.00","",
"All Customers","XLWB (Depot to Depot)","SE15 1LR","CR4 4HR","95.00","0.00","",
"All Customers","XLWB (Depot to Depot)","SE15 1LR","DE24 8UT","278.00","0.00","",
"All Customers","XLWB (Depot to Depot)","SE15 1LR","E6 7FF","95.00","0.00","",
"All Customers","XLWB (Depot to Depot)","SE15 1LR","HU8 8BZ","403.00","0.00","",
"All Customers","XLWB (Depot to Depot)","SE15 1LR","L20 8EL","442.00","0.00","",
"All Customers","XLWB (Depot to Depot)","SE15 1LR","LS12 6BS","403.00","0.00","",
"All Customers","XLWB (Depot to Depot)","SE15 1LR","M17 1GJ","403.00","0.00","",
"All Customers","XLWB (Depot to Depot)","SE15 1LR","ME20 7XB","95.00","0.00","",
"All Customers","XLWB (Depot to Depot)","SE15 1LR","NE11 0JH","559.00","0.00","",
"All Customers","XLWB (Depot to Depot)","SE15 1LR","PE27 3LE","212.00","0.00","",
"All Customers","XLWB (Depot to Depot)","SE15 1LR","RG2 0TG","95.00","0.00","",
"All Customers","XLWB (Depot to Depot)","SE15 1LR","RH10 9PY","95.00","0.00","",
"All Customers","XLWB (Depot to Depot)","SE15 1LR","SO15 0LD","161.00","0.00","",
"All Customers","XLWB (Depot to Depot)","SE15 1LR","TW4 6NF","95.00","0.00","",
"All Customers","XLWB (Depot to Depot)","SO15 0LD","B90 4QU","242.00","0.00","",
"All Customers","XLWB (Depot to Depot)","SO15 0LD","BS32 4RX","190.00","0.00","",
"All Customers","XLWB (Depot to Depot)","SO15 0LD","CF37 5UA","256.00","0.00","",
"All Customers","XLWB (Depot to Depot)","SO15 0LD","CM20 2DH","226.00","0.00","",
"All Customers","XLWB (Depot to Depot)","SO15 0LD","CR4 4HR","120.00","0.00","",
"All Customers","XLWB (Depot to Depot)","SO15 0LD","DE24 8UT","284.00","0.00","",
"All Customers","XLWB (Depot to Depot)","SO15 0LD","E6 7FF","200.00","0.00","",
"All Customers","XLWB (Depot to Depot)","SO15 0LD","HU8 8BZ","434.00","0.00","",
"All Customers","XLWB (Depot to Depot)","SO15 0LD","L20 8EL","418.00","0.00","",
"All Customers","XLWB (Depot to Depot)","SO15 0LD","LS12 6BS","400.00","0.00","",
"All Customers","XLWB (Depot to Depot)","SO15 0LD","M17 1GJ","384.00","0.00","",
"All Customers","XLWB (Depot to Depot)","SO15 0LD","ME20 7XB","218.00","0.00","",
"All Customers","XLWB (Depot to Depot)","SO15 0LD","NE11 0JH","554.00","0.00","",
"All Customers","XLWB (Depot to Depot)","SO15 0LD","PE27 3LE","276.00","0.00","",
"All Customers","XLWB (Depot to Depot)","SO15 0LD","RG2 0TG","95.00","0.00","",
"All Customers","XLWB (Depot to Depot)","SO15 0LD","RH10 9PY","182.00","0.00","",
"All Customers","XLWB (Depot to Depot)","SO15 0LD","SE15 1LR","120.00","0.00","",
"All Customers","XLWB (Depot to Depot)","SO15 0LD","TW4 6NF","141.00","0.00","",
"All Customers","XLWB (Depot to Depot)","TW4 6NF","B90 4QU","225.00","0.00","",
"All Customers","XLWB (Depot to Depot)","TW4 6NF","BS32 4RX","230.00","0.00","",
"All Customers","XLWB (Depot to Depot)","TW4 6NF","CF37 5UA","299.00","0.00","",
"All Customers","XLWB (Depot to Depot)","TW4 6NF","CM20 2DH","95.00","0.00","",
"All Customers","XLWB (Depot to Depot)","TW4 6NF","CR4 4HR","95.00","0.00","",
"All Customers","XLWB (Depot to Depot)","TW4 6NF","DE24 8UT","271.00","0.00","",
"All Customers","XLWB (Depot to Depot)","TW4 6NF","E6 7FF","95.00","0.00","",
"All Customers","XLWB (Depot to Depot)","TW4 6NF","HU8 8BZ","442.00","0.00","",
"All Customers","XLWB (Depot to Depot)","TW4 6NF","L20 8EL","421.00","0.00","",
"All Customers","XLWB (Depot to Depot)","TW4 6NF","LS12 6BS","403.00","0.00","",
"All Customers","XLWB (Depot to Depot)","TW4 6NF","M17 1GJ","403.00","0.00","",
"All Customers","XLWB (Depot to Depot)","TW4 6NF","ME20 7XB","138.00","0.00","",
"All Customers","XLWB (Depot to Depot)","TW4 6NF","NE11 0JH","559.00","0.00","",
"All Customers","XLWB (Depot to Depot)","TW4 6NF","PE27 3LE","216.00","0.00","",
"All Customers","XLWB (Depot to Depot)","TW4 6NF","RG2 0TG","95.00","0.00","",
"All Customers","XLWB (Depot to Depot)","TW4 6NF","RH10 9PY","95.00","0.00","",
"All Customers","XLWB (Depot to Depot)","TW4 6NF","SE15 1LR","95.00","0.00","",
"All Customers","XLWB (Depot to Depot)","TW4 6NF","SO15 0LD","161.00","0.00","",
"Alpine Manufacturing Ltd","Luton (NR)","WN6 7TP","S63 5DJ","165.00","0.00","",
"B&M Longworth Limited","LWB JF","BB1 2QG","FY5 4QD","80.00","0.00","",
"B&M Longworth Limited","LWB JF","BB1 2QG","FY7 7PF","80.00","0.00","",
"B&M Longworth Limited","SWB JF","BB1 2QG","FY5 4QD","65.00","0.00","",
"B&M Longworth Limited","SWB JF","BB1 2QG","FY7 7PF","65.00","0.00","",
"Carpet & latex International Ltd","LWB JF","BL2 6RL","CH6 5XA","85.00","0.00","",
"Carpet & latex International Ltd","LWB JF","BL2 6RL","EX13 5PQ","315.00","0.00","",
"Chadwicks of Bury Limited","Luton CS JF","BL9 6BS","LS10 1AX","113.00","0.00","",
"Chadwicks of Bury Limited","Luton CS JF","BL9 6BS","PE11 2BB","300.00","0.00","",
"Chadwicks of Bury Limited","Luton CS JF","BL9 6BS","PR3 2TB","95.00","0.00","",
"Chadwicks of Bury Limited","Luton CS JF","BL9 6BS","PR3 3BJ","95.00","0.00","",
"Chadwicks of Bury Limited","Luton CS JF","BL9 6BS","TA9 4PW","405.00","0.00","",
"Chadwicks of Bury Limited","Luton Tail Lift (JF)","BL9 6BS","LS10 1AX","134.00","0.00","",
"Chadwicks of Bury Limited","Luton Tail Lift (JF)","BL9 6BS","PE11 2BB","340.00","0.00","",
"Chadwicks of Bury Limited","Luton Tail Lift (JF)","BL9 6BS","PR3 2TB","110.00","0.00","",
"Chadwicks of Bury Limited","Luton Tail Lift (JF)","BL9 6BS","PR3 3BJ","110.00","0.00","",
"Chadwicks of Bury Limited","Luton Tail Lift (JF)","BL9 6BS","TA9 4PW","445.00","0.00","",
"Chadwicks of Bury Limited","LWB JF","BL9 6BS","LS10 1AX","63.00","0.00","",
"Chadwicks of Bury Limited","LWB JF","BL9 6BS","PE11 2BB","200.00","0.00","",
"Chadwicks of Bury Limited","LWB JF","BL9 6BS","PR3 2TB","50.00","0.00","",
"Chadwicks of Bury Limited","LWB JF","BL9 6BS","PR3 3BJ","50.00","0.00","",
"Chadwicks of Bury Limited","LWB JF","BL9 6BS","TA9 4PW","280.00","0.00","",
"Chadwicks of Bury Limited","Small Van JF","BL9 6BS","LS10 1AX","51.00","0.00","",
"Chadwicks of Bury Limited","Small Van JF","BL9 6BS","PE11 2BB","160.00","0.00","",
"Chadwicks of Bury Limited","Small Van JF","BL9 6BS","PR3 2TB","40.00","0.00","",
"Chadwicks of Bury Limited","Small Van JF","BL9 6BS","PR3 3BJ","40.00","0.00","",
"Chadwicks of Bury Limited","Small Van JF","BL9 6BS","TA9 4PW","225.00","0.00","",
"Chadwicks of Bury Limited","SWB JF","BL9 6BS","LS10 1AX","57.00","0.00","",
"Chadwicks of Bury Limited","SWB JF","BL9 6BS","PE11 2BB","180.00","0.00","",
"Chadwicks of Bury Limited","SWB JF","BL9 6BS","PR3 2TB","45.00","0.00","",
"Chadwicks of Bury Limited","SWB JF","BL9 6BS","PR3 3BJ","45.00","0.00","",
"Chadwicks of Bury Limited","SWB JF","BL9 6BS","TA9 4PW","255.00","0.00","",
"Chadwicks of Bury Limited","XLWB JF","BL9 6BS","LS10 1AX","75.00","0.00","",
"Chadwicks of Bury Limited","XLWB JF","BL9 6BS","PE11 2BB","230.00","0.00","",
"Chadwicks of Bury Limited","XLWB JF","BL9 6BS","PR3 2TB","60.00","0.00","",
"Chadwicks of Bury Limited","XLWB JF","BL9 6BS","PR3 3BJ","60.00","0.00","",
"Chadwicks of Bury Limited","XLWB JF","BL9 6BS","TA9 4PW","315.00","0.00","",
"Core Industrial Solutions Ltd","SWB Rykneld","OL13 9RW","HP2 7DX","220.00","0.00","",
"DHL International UK Ltd''","Small Van (HP)","CM2 8FR","N7 9AA","95.00","0.00","",
"DHL International UK Ltd''","Small Van (HP)","NG10 5QG","N7 9AA","175.00","0.00","",
"DHL International UK Ltd''","Small Van (HP)","OX4 2HW","N7 9AA","95.00","0.00","",
"DHL International UK Ltd''","Small Van (HP)","SO30 2UN","N7 9AA","120.00","0.00","",
"ELM FULFILMENT LIMITED","LWB JF","OL6 6UH","S60 5TR","61.00","0.00","",
"Espack Eurologistica Ltd","Temp Controlled","WA8 8FY","L24 9LE","165.00","0.00","",
"GFM Display","LWB JF","BD23 2QR","DN14 7PA","80.00","0.00","",
"GFM Display","Small Van JF","BD23 2QR","DN14 7PA","65.00","0.00","",
"GFM Display","SWB JF","BD23 2QR","DN14 7PA","75.00","0.00","",
"Granby Marketing","18T Truck","BB1 3BW","BS35 4ER","645.00","0.00","",
"Granby Marketing","40FT Trailer","BB1 3BW","BS35 4ER","725.00","0.00","",
"Granby Marketing","7.5T Truck","BB1 3BW","BS35 4ER","580.00","0.00","",
"Granby Marketing","Luton","BB1 3BW","BS35 4ER","370.00","0.00","",
"Granby Marketing","LWB Granby","BB1 3BW","BS35 4ER","235.00","0.00","",
"Granby Marketing","Small Van.","BB1 3BW","BS35 4ER","185.00","0.00","",
"Granby Marketing","SWB.","BB1 3BW","BS35 4ER","210.00","0.00","",
"Granby Marketing","XLWB Granby","BB1 3BW","BS35 4ER","265.00","0.00","",
"Ingenious Locks and Hardware Limited","Artic JF","BL6 5HY","BL6 5HY","495.00","0.00","",
"Ingenious Locks and Hardware Limited","Artic JF","BL6 5HY","WA16 7JL","295.00","0.00","",
"Ingenious Locks and Hardware Limited","Artic JF","WA16 7JL","BL6 5HY","295.00","0.00","",
"Interspan Freight Solutions Limited","Luton CS JF","M17 1EH","WF9 2XT","155.00","0.00","",
"Interspan Freight Solutions Limited","LWB JF","M17 1EH","WF9 2XT","95.00","0.00","",
"Interspan Freight Solutions Limited","Small Van JF","M17 1EH","WF9 2XT","75.00","0.00","",
"Interspan Freight Solutions Limited","SWB JF","M17 1EH","WF9 2XT","85.00","0.00","",
"Interspan Freight Solutions Limited","XLWB JF","M17 1EH","WF9 2XT","105.00","0.00","",
"Lindab Limited (Sheffield)¬","Luton Lindab","S4 8DT","NG2 1NA","100.00","0.00","",
"Maxim Industries Limited","Artic JF","BL6 5HY","BL6 5HY","495.00","0.00","",
"Maxim Industries Limited","Artic JF","BL6 5HY","WA16 7JL","295.00","0.00","",
"Maxim Industries Limited","Artic JF","WA16 7JL","BL6 5HY","295.00","0.00","",
"Plus Display Ltd","18T JF","ST1 5NS","B40 1NT","365.00","0.00","",
"Plus Display Ltd","18T JF","ST1 5NS","E16 1XL","795.00","0.00","",
"Plus Display Ltd","7.5T JF","ST1 5NS","B40 1NT","320.00","0.00","",
"Plus Display Ltd","7.5T JF","ST1 5NS","E16 1XL","745.00","0.00","",
"Plus Display Ltd","Artic JF","ST1 5NS","B40 1NT","420.00","0.00","",
"Plus Display Ltd","Artic JF","ST1 5NS","E16 1XL","845.00","0.00","",
"Plus Display Ltd","Luton CS JF","ST1 5NS","B40 1NT","135.00","0.00","",
"Plus Display Ltd","Luton CS JF","ST1 5NS","E16 1XL","350.00","0.00","",
"Plus Display Ltd","LWB JF","ST1 5NS","B40 1NT","85.00","0.00","",
"Plus Display Ltd","LWB JF","ST1 5NS","E16 1XL","240.00","0.00","",
"Plus Display Ltd","Small Van JF","ST1 5NS","B40 1NT","70.00","0.00","",
"Plus Display Ltd","Small Van JF","ST1 5NS","E16 1XL","195.00","0.00","",
"Plus Display Ltd","SWB JF","ST1 5NS","B40 1NT","80.00","0.00","",
"Plus Display Ltd","SWB JF","ST1 5NS","E16 1XL","220.00","0.00","",
"Plus Display Ltd","XLWB JF","ST1 5NS","B40 1NT","95.00","0.00","",
"Plus Display Ltd","XLWB JF","ST1 5NS","E16 1XL","265.00","0.00","",
"Pre-Retail Services (UK) Ltd","18T JF","BL4 7LZ","OL6 6UH","250.00","0.00","",
"Pre-Retail Services (UK) Ltd","7.5T JF","BL4 7LZ","OL6 6UH","225.00","0.00","",
"Pre-Retail Services (UK) Ltd","Artic JF","BL4 7LZ","OL6 6UH","375.00","0.00","",
"Pre-Retail Services (UK) Ltd","Luton CS JF","BL4 7LZ","OL6 6UH","90.00","0.00","",
"Pre-Retail Services (UK) Ltd","Luton Tail Lift (JF)","BL4 7LZ","OL6 6UH","90.00","0.00","",
"Pre-Retail Services (UK) Ltd","LWB JF","BL4 7LZ","OL6 6UH","50.00","0.00","",
"Pre-Retail Services (UK) Ltd","Small Van JF","BL4 7LZ","OL6 6UH","40.00","0.00","",
"Pre-Retail Services (UK) Ltd","SWB JF","BL4 7LZ","OL6 6UH","45.00","0.00","",
"Pre-Retail Services (UK) Ltd","XLWB JF","BL4 7LZ","OL6 6UH","55.00","0.00","",
"Reelvision Print ltd","18t reel","BB4 5JT","BB1 5DN","315.00","0.00","",
"Reelvision Print ltd","18t reel","BB4 5JT","BB10 2HW","315.00","0.00","",
"Reelvision Print ltd","18t reel","BB4 5JT","BD23 2TZ","315.00","0.00","",
"Reelvision Print ltd","18t reel","BB4 5JT","BD23 4BG","320.00","0.00","",
"Reelvision Print ltd","18t reel","BB4 5JT","BL5 2AL","315.00","0.00","",
"Reelvision Print ltd","18t reel","BB4 5JT","BL5 3XX","315.00","0.00","",
"Reelvision Print ltd","18t reel","BB4 5JT","CH62 3RE","415.00","0.00","",
"Reelvision Print ltd","18t reel","BB4 5JT","CW7 3PD","390.00","0.00","",
"Reelvision Print ltd","18t reel","BB4 5JT","FY4 4QE","340.00","0.00","",
"Reelvision Print ltd","18t reel","BB4 5JT","FY8 5AQ","345.00","0.00","",
"Reelvision Print ltd","18t reel","BB4 5JT","L1 0BG","375.00","0.00","",
"Reelvision Print ltd","18t reel","BB4 5JT","LA1 4XS","365.00","0.00","",
"Reelvision Print ltd","18t reel","BB4 5JT","LA3 3BN","365.00","0.00","",
"Reelvision Print ltd","18t reel","BB4 5JT","LL77 7XA","625.00","0.00","",
"Reelvision Print ltd","18t reel","BB4 5JT","PR25 2DY","315.00","0.00","",
"Reelvision Print ltd","18t reel","BB4 5JT","PR4 3JA","325.00","0.00","",
"Reelvision Print ltd","18t reel","BB4 5JT","SK4 1NS","315.00","0.00","",
"Reelvision Print ltd","18t reel","BB4 5JT","SK4 5BF","315.00","0.00","",
"Reelvision Print ltd","18t reel","BB4 5JT","WA3 5PG","315.00","0.00","",
"Reelvision Print ltd","18t reel","BB4 5JT","WA7 1PH","360.00","0.00","",
"Reelvision Print ltd","40ft reel","BB4 5JT","BB4 4PW","315.00","0.00","",
"Reelvision Print ltd","40ft reel","BB4 5JT","CW5 6HT","400.00","0.00","",
"Reelvision Print ltd","40ft reel","BB4 5JT","CW7 3RT","390.00","0.00","",
"Reelvision Print ltd","40ft reel","BB4 5JT","FY4 5RA","350.00","0.00","",
"Reelvision Print ltd","40ft reel","BB4 5JT","FY5 4LR","350.00","0.00","",
"Reelvision Print ltd","40ft reel","BB4 5JT","M17 1SB","315.00","0.00","",
"Reelvision Print ltd","40ft reel","BB4 5JT","M24 2AE","315.00","0.00","",
"Reelvision Print ltd","40ft reel","BB4 5JT","WF15 6RA","360.00","0.00","",
"Reelvision Print ltd","7.5t Reel","BB4 5JT","BB1 5DN","220.00","0.00","",
"Reelvision Print ltd","7.5t Reel","BB4 5JT","BB10 2HW","220.00","0.00","",
"Reelvision Print ltd","7.5t Reel","BB4 5JT","BB4 4PW","220.00","0.00","",
"Reelvision Print ltd","7.5t Reel","BB4 5JT","BD23 2TZ","220.00","0.00","",
"Reelvision Print ltd","7.5t Reel","BB4 5JT","BD23 4BG","225.00","0.00","",
"Reelvision Print ltd","7.5t Reel","BB4 5JT","BL5 2AL","220.00","0.00","",
"Reelvision Print ltd","7.5t Reel","BB4 5JT","BL5 3XX","220.00","0.00","",
"Reelvision Print ltd","7.5t Reel","BB4 5JT","CH62 3RE","310.00","0.00","",
"Reelvision Print ltd","7.5t Reel","BB4 5JT","CW5 6HT","300.00","0.00","",
"Reelvision Print ltd","7.5t Reel","BB4 5JT","CW7 3PD","290.00","0.00","",
"Reelvision Print ltd","7.5t Reel","BB4 5JT","CW7 3RT","290.00","0.00","",
"Reelvision Print ltd","7.5t Reel","BB4 5JT","FY4 4QE","225.00","0.00","",
"Reelvision Print ltd","7.5t Reel","BB4 5JT","FY4 5RA","250.00","0.00","",
"Reelvision Print ltd","7.5t Reel","BB4 5JT","FY5 4LR","250.00","0.00","",
"Reelvision Print ltd","7.5t Reel","BB4 5JT","FY8 5AQ","240.00","0.00","",
"Reelvision Print ltd","7.5t Reel","BB4 5JT","L1 0BG","275.00","0.00","",
"Reelvision Print ltd","7.5t Reel","BB4 5JT","LA1 4XS","265.00","0.00","",
"Reelvision Print ltd","7.5t Reel","BB4 5JT","LA3 3BN","265.00","0.00","",
"Reelvision Print ltd","7.5t Reel","BB4 5JT","LL77 7XA","495.00","0.00","",
"Reelvision Print ltd","7.5t Reel","BB4 5JT","M17 1SB","220.00","0.00","",
"Reelvision Print ltd","7.5t Reel","BB4 5JT","M24 2AE","220.00","0.00","",
"Reelvision Print ltd","7.5t Reel","BB4 5JT","PR25 2DY","220.00","0.00","",
"Reelvision Print ltd","7.5t Reel","BB4 5JT","PR4 3JA","225.00","0.00","",
"Reelvision Print ltd","7.5t Reel","BB4 5JT","SK4 1NS","220.00","0.00","",
"Reelvision Print ltd","7.5t Reel","BB4 5JT","SK4 5BF","220.00","0.00","",
"Reelvision Print ltd","7.5t Reel","BB4 5JT","WA3 5PG","220.00","0.00","",
"Reelvision Print ltd","7.5t Reel","BB4 5JT","WA7 1PH","260.00","0.00","",
"Reelvision Print ltd","7.5t Reel","BB4 5JT","WF15 6RA","260.00","0.00","",
"Reelvision Print ltd","Luton Reel","BB4 5JT","BB1 5DN","90.00","0.00","",
"Reelvision Print ltd","Luton Reel","BB4 5JT","BB10 2HW","90.00","0.00","",
"Reelvision Print ltd","Luton Reel","BB4 5JT","BB4 4PW","90.00","0.00","",
"Reelvision Print ltd","Luton Reel","BB4 5JT","BD23 2TZ","90.00","0.00","",
"Reelvision Print ltd","Luton Reel","BB4 5JT","BD23 4BG","93.00","0.00","",
"Reelvision Print ltd","Luton Reel","BB4 5JT","BL5 2AL","90.00","0.00","",
"Reelvision Print ltd","Luton Reel","BB4 5JT","BL5 3XX","90.00","0.00","",
"Reelvision Print ltd","Luton Reel","BB4 5JT","CH62 3RE","153.00","0.00","",
"Reelvision Print ltd","Luton Reel","BB4 5JT","CW5 6HT","135.00","0.00","",
"Reelvision Print ltd","Luton Reel","BB4 5JT","CW7 3PD","137.00","0.00","",
"Reelvision Print ltd","Luton Reel","BB4 5JT","CW7 3RT","130.00","0.00","",
"Reelvision Print ltd","Luton Reel","BB4 5JT","FY4 4QE","104.00","0.00","",
"Reelvision Print ltd","Luton Reel","BB4 5JT","FY4 5RA","110.00","0.00","",
"Reelvision Print ltd","Luton Reel","BB4 5JT","FY5 4LR","110.00","0.00","",
"Reelvision Print ltd","Luton Reel","BB4 5JT","FY8 5AQ","108.00","0.00","",
"Reelvision Print ltd","Luton Reel","BB4 5JT","L1 0BG","127.00","0.00","",
"Reelvision Print ltd","Luton Reel","BB4 5JT","LA1 4XS","122.00","0.00","",
"Reelvision Print ltd","Luton Reel","BB4 5JT","LA3 3BN","120.00","0.00","",
"Reelvision Print ltd","Luton Reel","BB4 5JT","LL77 7XA","273.00","0.00","",
"Reelvision Print ltd","Luton Reel","BB4 5JT","M17 1SB","90.00","0.00","",
"Reelvision Print ltd","Luton Reel","BB4 5JT","M24 2AE","90.00","0.00","",
"Reelvision Print ltd","Luton Reel","BB4 5JT","PR25 2DY","90.00","0.00","",
"Reelvision Print ltd","Luton Reel","BB4 5JT","PR4 3JA","94.00","0.00","",
"Reelvision Print ltd","Luton Reel","BB4 5JT","SK4 1NS","90.00","0.00","",
"Reelvision Print ltd","Luton Reel","BB4 5JT","SK4 5BF","90.00","0.00","",
"Reelvision Print ltd","Luton Reel","BB4 5JT","WA3 5PG","90.00","0.00","",
"Reelvision Print ltd","Luton Reel","BB4 5JT","WA7 1PH","118.00","0.00","",
"Reelvision Print ltd","Luton Reel","BB4 5JT","WF15 6RA","104.00","0.00","",
"Reelvision Print ltd","LWB REEL","BB4 5JT","BB1 5DN","50.00","0.00","",
"Reelvision Print ltd","LWB REEL","BB4 5JT","BB10 2HW","50.00","0.00","",
"Reelvision Print ltd","LWB REEL","BB4 5JT","BB4 4PW","50.00","0.00","",
"Reelvision Print ltd","LWB REEL","BB4 5JT","BD23 2TZ","50.00","0.00","",
"Reelvision Print ltd","LWB REEL","BB4 5JT","BD23 4BG","52.00","0.00","",
"Reelvision Print ltd","LWB REEL","BB4 5JT","BL5 2AL","50.00","0.00","",
"Reelvision Print ltd","LWB REEL","BB4 5JT","BL5 3XX","50.00","0.00","",
"Reelvision Print ltd","LWB REEL","BB4 5JT","CH62 3RE","96.00","0.00","",
"Reelvision Print ltd","LWB REEL","BB4 5JT","CW5 6HT","83.00","0.00","",
"Reelvision Print ltd","LWB REEL","BB4 5JT","CW7 3PD","85.00","0.00","",
"Reelvision Print ltd","LWB REEL","BB4 5JT","CW7 3RT","72.00","0.00","",
"Reelvision Print ltd","LWB REEL","BB4 5JT","FY4 4QE","60.00","0.00","",
"Reelvision Print ltd","LWB REEL","BB4 5JT","FY4 5RA","70.00","0.00","",
"Reelvision Print ltd","LWB REEL","BB4 5JT","FY5 4LR","70.00","0.00","",
"Reelvision Print ltd","LWB REEL","BB4 5JT","FY8 5AQ","63.00","0.00","",
"Reelvision Print ltd","LWB REEL","BB4 5JT","L1 0BG","77.00","0.00","",
"Reelvision Print ltd","LWB REEL","BB4 5JT","LA1 4XS","73.00","0.00","",
"Reelvision Print ltd","LWB REEL","BB4 5JT","LA3 3BN","72.00","0.00","",
"Reelvision Print ltd","LWB REEL","BB4 5JT","LL77 7XA","184.00","0.00","",
"Reelvision Print ltd","LWB REEL","BB4 5JT","M17 1SB","50.00","0.00","",
"Reelvision Print ltd","LWB REEL","BB4 5JT","M24 2AE","50.00","0.00","",
"Reelvision Print ltd","LWB REEL","BB4 5JT","PR25 2DY","50.00","0.00","",
"Reelvision Print ltd","LWB REEL","BB4 5JT","PR4 3JA","53.00","0.00","",
"Reelvision Print ltd","LWB REEL","BB4 5JT","SK4 1NS","50.00","0.00","",
"Reelvision Print ltd","LWB REEL","BB4 5JT","SK4 5BF","50.00","0.00","",
"Reelvision Print ltd","LWB REEL","BB4 5JT","WA3 5PG","50.00","0.00","",
"Reelvision Print ltd","LWB REEL","BB4 5JT","WA7 1PH","70.00","0.00","",
"Reelvision Print ltd","LWB REEL","BB4 5JT","WF15 6RA","60.00","0.00","",
"Reelvision Print ltd","small Van Reel","BB4 5JT","BB1 5DN","40.00","0.00","",
"Reelvision Print ltd","small Van Reel","BB4 5JT","BB10 2HW","40.00","0.00","",
"Reelvision Print ltd","small Van Reel","BB4 5JT","BB4 4PW","40.00","0.00","",
"Reelvision Print ltd","small Van Reel","BB4 5JT","BD23 2TZ","40.00","0.00","",
"Reelvision Print ltd","small Van Reel","BB4 5JT","BD23 4BG","42.00","0.00","",
"Reelvision Print ltd","small Van Reel","BB4 5JT","BL5 2AL","40.00","0.00","",
"Reelvision Print ltd","small Van Reel","BB4 5JT","BL5 3XX","40.00","0.00","",
"Reelvision Print ltd","small Van Reel","BB4 5JT","CH62 3RE","78.00","0.00","",
"Reelvision Print ltd","small Van Reel","BB4 5JT","CW5 6HT","67.00","0.00","",
"Reelvision Print ltd","small Van Reel","BB4 5JT","CW7 3PD","68.00","0.00","",
"Reelvision Print ltd","small Van Reel","BB4 5JT","CW7 3RT","58.00","0.00","",
"Reelvision Print ltd","small Van Reel","BB4 5JT","FY4 4QE","49.00","0.00","",
"Reelvision Print ltd","small Van Reel","BB4 5JT","FY4 5RA","50.00","0.00","",
"Reelvision Print ltd","small Van Reel","BB4 5JT","FY5 4LR","50.00","0.00","",
"Reelvision Print ltd","small Van Reel","BB4 5JT","FY8 5AQ","51.00","0.00","",
"Reelvision Print ltd","small Van Reel","BB4 5JT","L1 0BG","62.00","0.00","",
"Reelvision Print ltd","small Van Reel","BB4 5JT","LA1 4XS","59.00","0.00","",
"Reelvision Print ltd","small Van Reel","BB4 5JT","LA3 3BN","58.00","0.00","",
"Reelvision Print ltd","small Van Reel","BB4 5JT","LL77 7XA","150.00","0.00","",
"Reelvision Print ltd","small Van Reel","BB4 5JT","M17 1SB","40.00","0.00","",
"Reelvision Print ltd","small Van Reel","BB4 5JT","M24 2AE","40.00","0.00","",
"Reelvision Print ltd","small Van Reel","BB4 5JT","PR25 2DY","40.00","0.00","",
"Reelvision Print ltd","small Van Reel","BB4 5JT","PR4 3JA","43.00","0.00","",
"Reelvision Print ltd","small Van Reel","BB4 5JT","SK4 1NS","40.00","0.00","",
"Reelvision Print ltd","small Van Reel","BB4 5JT","SK4 5BF","40.00","0.00","",
"Reelvision Print ltd","small Van Reel","BB4 5JT","WA3 5PG","40.00","0.00","",
"Reelvision Print ltd","small Van Reel","BB4 5JT","WA7 1PH","57.00","0.00","",
"Reelvision Print ltd","small Van Reel","BB4 5JT","WF15 6RA","49.00","0.00","",
"Reelvision Print ltd","SWB Reel","BB4 5JT","BB1 5DN","45.00","0.00","",
"Reelvision Print ltd","SWB Reel","BB4 5JT","BB10 2HW","45.00","0.00","",
"Reelvision Print ltd","SWB Reel","BB4 5JT","BB4 4PW","45.00","0.00","",
"Reelvision Print ltd","SWB Reel","BB4 5JT","BD23 2TZ","45.00","0.00","",
"Reelvision Print ltd","SWB Reel","BB4 5JT","BD23 4BG","47.00","0.00","",
"Reelvision Print ltd","SWB Reel","BB4 5JT","BL5 2AL","45.00","0.00","",
"Reelvision Print ltd","SWB Reel","BB4 5JT","BL5 3XX","45.00","0.00","",
"Reelvision Print ltd","SWB Reel","BB4 5JT","CH62 3RE","87.00","0.00","",
"Reelvision Print ltd","SWB Reel","BB4 5JT","CW5 6HT","76.00","0.00","",
"Reelvision Print ltd","SWB Reel","BB4 5JT","CW7 3PD","77.00","0.00","",
"Reelvision Print ltd","SWB Reel","BB4 5JT","CW7 3RT","65.00","0.00","",
"Reelvision Print ltd","SWB Reel","BB4 5JT","FY4 4QE","55.00","0.00","",
"Reelvision Print ltd","SWB Reel","BB4 5JT","FY4 5RA","60.00","0.00","",
"Reelvision Print ltd","SWB Reel","BB4 5JT","FY5 4LR","60.00","0.00","",
"Reelvision Print ltd","SWB Reel","BB4 5JT","FY8 5AQ","57.00","0.00","",
"Reelvision Print ltd","SWB Reel","BB4 5JT","L1 0BG","70.00","0.00","",
"Reelvision Print ltd","SWB Reel","BB4 5JT","LA1 4XS","66.00","0.00","",
"Reelvision Print ltd","SWB Reel","BB4 5JT","LA3 3BN","65.00","0.00","",
"Reelvision Print ltd","SWB Reel","BB4 5JT","LL77 7XA","169.00","0.00","",
"Reelvision Print ltd","SWB Reel","BB4 5JT","M17 1SB","45.00","0.00","",
"Reelvision Print ltd","SWB Reel","BB4 5JT","M24 2AE","45.00","0.00","",
"Reelvision Print ltd","SWB Reel","BB4 5JT","PR25 2DY","45.00","0.00","",
"Reelvision Print ltd","SWB Reel","BB4 5JT","PR4 3JA","48.00","0.00","",
"Reelvision Print ltd","SWB Reel","BB4 5JT","SK4 1NS","45.00","0.00","",
"Reelvision Print ltd","SWB Reel","BB4 5JT","SK4 5BF","45.00","0.00","",
"Reelvision Print ltd","SWB Reel","BB4 5JT","WA3 5PG","45.00","0.00","",
"Reelvision Print ltd","SWB Reel","BB4 5JT","WA7 1PH","64.00","0.00","",
"Reelvision Print ltd","SWB Reel","BB4 5JT","WF15 6RA","55.00","0.00","",
"Reelvision Print ltd","XLWB REEL","BB4 5JT","BB1 5DN","55.00","0.00","",
"Reelvision Print ltd","XLWB REEL","BB4 5JT","BB10 2HW","55.00","0.00","",
"Reelvision Print ltd","XLWB REEL","BB4 5JT","BB4 4PW","55.00","0.00","",
"Reelvision Print ltd","XLWB REEL","BB4 5JT","BD23 2TZ","55.00","0.00","",
"Reelvision Print ltd","XLWB REEL","BB4 5JT","BD23 4BG","57.00","0.00","",
"Reelvision Print ltd","XLWB REEL","BB4 5JT","BL5 2AL","55.00","0.00","",
"Reelvision Print ltd","XLWB REEL","BB4 5JT","BL5 3XX","55.00","0.00","",
"Reelvision Print ltd","XLWB REEL","BB4 5JT","CH62 3RE","106.00","0.00","",
"Reelvision Print ltd","XLWB REEL","BB4 5JT","CW5 6HT","92.00","0.00","",
"Reelvision Print ltd","XLWB REEL","BB4 5JT","CW7 3PD","92.00","0.00","",
"Reelvision Print ltd","XLWB REEL","BB4 5JT","CW7 3RT","87.00","0.00","",
"Reelvision Print ltd","XLWB REEL","BB4 5JT","FY4 4QE","67.00","0.00","",
"Reelvision Print ltd","XLWB REEL","BB4 5JT","FY4 5RA","80.00","0.00","",
"Reelvision Print ltd","XLWB REEL","BB4 5JT","FY5 4LR","80.00","0.00","",
"Reelvision Print ltd","XLWB REEL","BB4 5JT","FY8 5AQ","70.00","0.00","",
"Reelvision Print ltd","XLWB REEL","BB4 5JT","L1 0BG","86.00","0.00","",
"Reelvision Print ltd","XLWB REEL","BB4 5JT","LA1 4XS","81.00","0.00","",
"Reelvision Print ltd","XLWB REEL","BB4 5JT","LA3 3BN","79.00","0.00","",
"Reelvision Print ltd","XLWB REEL","BB4 5JT","LL77 7XA","204.00","0.00","",
"Reelvision Print ltd","XLWB REEL","BB4 5JT","M17 1SB","55.00","0.00","",
"Reelvision Print ltd","XLWB REEL","BB4 5JT","M24 2AE","55.00","0.00","",
"Reelvision Print ltd","XLWB REEL","BB4 5JT","PR25 2DY","55.00","0.00","",
"Reelvision Print ltd","XLWB REEL","BB4 5JT","PR4 3JA","59.00","0.00","",
"Reelvision Print ltd","XLWB REEL","BB4 5JT","SK4 1NS","55.00","0.00","",
"Reelvision Print ltd","XLWB REEL","BB4 5JT","SK4 5BF","55.00","0.00","",
"Reelvision Print ltd","XLWB REEL","BB4 5JT","WA3 5PG","55.00","0.00","",
"Reelvision Print ltd","XLWB REEL","BB4 5JT","WA7 1PH","78.00","0.00","",
"Reelvision Print ltd","XLWB REEL","BB4 5JT","WF15 6RA","67.00","0.00","",
"Rykneld Tean Ltd","18T Rykneld","BB5 5TU","M30 0GL","250.00","0.00","",
"Rykneld Tean Ltd","18T Rykneld","BB5 5TU","OL1 4LQ","250.00","0.00","",
"Rykneld Tean Ltd","18T Rykneld","BB5 5TU","OL11 1QX","250.00","0.00","",
"Rykneld Tean Ltd","18T Rykneld","BB5 5TU","WA14 5BN","270.00","0.00","",
"Rykneld Tean Ltd","40FT Rykneld","BB5 5TU","M30 0GL","310.00","0.00","",
"Rykneld Tean Ltd","40FT Rykneld","BB5 5TU","OL1 4LQ","310.00","0.00","",
"Rykneld Tean Ltd","40FT Rykneld","BB5 5TU","OL11 1QX","310.00","0.00","",
"Rykneld Tean Ltd","40FT Rykneld","BB5 5TU","WA14 5BN","325.00","0.00","",
"Rykneld Tean Ltd","7.5t Rykneld","BB5 5TU","M30 0GL","225.00","0.00","",
"Rykneld Tean Ltd","7.5t Rykneld","BB5 5TU","OL1 4LQ","225.00","0.00","",
"Rykneld Tean Ltd","7.5t Rykneld","BB5 5TU","OL11 1QX","225.00","0.00","",
"Rykneld Tean Ltd","7.5t Rykneld","BB5 5TU","WA14 5BN","240.00","0.00","",
"Rykneld Tean Ltd","Luton CS JF","BB5 5TU","M30 0GL","95.00","0.00","",
"Rykneld Tean Ltd","Luton CS JF","BB5 5TU","OL1 4LQ","95.00","0.00","",
"Rykneld Tean Ltd","Luton CS JF","BB5 5TU","OL11 1QX","95.00","0.00","",
"Rykneld Tean Ltd","Luton CS JF","BB5 5TU","WA14 5BN","99.00","0.00","",
"Rykneld Tean Ltd","Luton Tail Cargo","BB5 5TU","M30 0GL","110.00","0.00","",
"Rykneld Tean Ltd","Luton Tail Cargo","BB5 5TU","OL1 4LQ","110.00","0.00","",
"Rykneld Tean Ltd","Luton Tail Cargo","BB5 5TU","OL11 1QX","110.00","0.00","",
"Rykneld Tean Ltd","Luton Tail Cargo","BB5 5TU","WA14 5BN","115.00","0.00","",
"Rykneld Tean Ltd","LWB Rykneld","BB5 5TU","M30 0GL","50.00","0.00","",
"Rykneld Tean Ltd","LWB Rykneld","BB5 5TU","OL1 4LQ","50.00","0.00","",
"Rykneld Tean Ltd","LWB Rykneld","BB5 5TU","OL11 1QX","50.00","0.00","",
"Rykneld Tean Ltd","LWB Rykneld","BB5 5TU","WA14 5BN","53.00","0.00","",
"Rykneld Tean Ltd","Small Van Rykneld","BB5 5TU","M30 0GL","40.00","0.00","",
"Rykneld Tean Ltd","Small Van Rykneld","BB5 5TU","OL1 4LQ","40.00","0.00","",
"Rykneld Tean Ltd","Small Van Rykneld","BB5 5TU","OL11 1QX","40.00","0.00","",
"Rykneld Tean Ltd","Small Van Rykneld","BB5 5TU","WA14 5BN","43.00","0.00","",
"Rykneld Tean Ltd","SWB Rykneld","BB5 5TU","M30 0GL","45.00","0.00","",
"Rykneld Tean Ltd","SWB Rykneld","BB5 5TU","OL1 4LQ","45.00","0.00","",
"Rykneld Tean Ltd","SWB Rykneld","BB5 5TU","OL11 1QX","45.00","0.00","",
"Rykneld Tean Ltd","SWB Rykneld","BB5 5TU","WA14 5BN","48.00","0.00","",
"Rykneld Tean Ltd","XLWB Cargo","BB5 5TU","M30 0GL","60.00","0.00","",
"Rykneld Tean Ltd","XLWB Cargo","BB5 5TU","OL1 4LQ","60.00","0.00","",
"Rykneld Tean Ltd","XLWB Cargo","BB5 5TU","OL11 1QX","60.00","0.00","",
"Rykneld Tean Ltd","XLWB Cargo","BB5 5TU","WA14 5BN","63.00","0.00","",
"Sanko Gosei UK Ltd (SUK)","LWB Transit","B30 3HS","SR5 3FH","316.00","0.00","",
"Staci (Blackburn)@","18T Truck","BB1 2LG","BS48 4DJ","690.00","0.00","",
"Staci (Blackburn)@","18T Truck","BB1 2LG","LU5 4RZ","710.00","0.00","",
"Staci (Blackburn)@","18T Truck","BB1 2LG","NG32 2BW","495.00","0.00","",
"Staci (Blackburn)@","18T Truck","BB1 2LG","WV11 3DS","475.00","0.00","",
"Staci (Blackburn)@","18T Truck","BB2 4BJ","NG32 2BW","495.00","0.00","",
"Staci (Blackburn)@","18T Truck","BB2 4BJ","WV11 3DS","475.00","0.00","",
"Staci (Blackburn)@","40FT Trailer","BB1 2LG","CB6 3NW","835.00","0.00","",
"Staci (Blackburn)@","7.5T Truck","BB1 2LG","B46 1DA","415.00","0.00","",
"Staci (Blackburn)@","7.5T Truck","BB1 2LG","BS48 4DJ","595.00","0.00","",
"Staci (Blackburn)@","7.5T Truck","BB1 2LG","NN11 8NF","440.00","0.00","",
"Staci (Blackburn)@","7.5T Truck","BB1 2LG","ST4 4EX","370.00","0.00","",
"Staci (Blackburn)@","7.5T Truck","BB1 2QE","DE14 2WA","415.00","0.00","",
"Staci (Blackburn)@","7.5T Truck","BB2 4BJ","BS48 4DJ","595.00","0.00","",
"Staci (Blackburn)@","7.5T Truck","BB2 4BJ","DE14 2WA","415.00","0.00","",
"Staci (Blackburn)@","7.5T Truck","BB2 4BJ","NG7 2SD","475.00","0.00","",
"Staci (Blackburn)@","7.5T Truck","BB2 4BJ","NN11 8NF","440.00","0.00","",
"Staci (Blackburn)@","7.5T Truck","BB2 4BJ","ST4 4EX","370.00","0.00","",
"Staci (Rugby)@","Small Van B","CV21 1DZ","B46 1DA","55.00","0.00","",
"Staci (Rugby)@","Small Van B","CV21 1DZ","MK17 8EW","60.00","0.00","",
"Staci (Rugby)@","Small Van B","CV21 1DZ","NG20 8RY","80.00","0.00","",
"THE WA COOKE GROUP LTD","Small Van.","CB7 4TX","PE28 5XN","65.00","0.00","",
"THE WA COOKE GROUP LTD","Small Van.","M28 3QN","CH5 2UA","50.00","0.00","",
"THE WA COOKE GROUP LTD","Small Van.","M28 3QN","HU5 1RL","110.00","0.00","",
"THE WA COOKE GROUP LTD","Small Van.","M28 3QN","SA62 3DY","230.00","0.00","",
"THE WA COOKE GROUP LTD","Small Van.","PE28 5XN","B70 7JF","125.00","0.00","",
"THE WA COOKE GROUP LTD","SWB.","CB7 4TX","B70 7JF","150.00","0.00","",
"THE WA COOKE GROUP LTD","SWB.","M28 3QN","OL10 2DY","45.00","0.00","",
"Wordsworth (U.K.) Limited","18T JF","M24 2AE","BB9 9HQ","250.00","0.00","",
"Wordsworth (U.K.) Limited","18T JF","M24 2AE","BD6 1DW","250.00","0.00","",
"Wordsworth (U.K.) Limited","18T JF","M24 2AE","WA11 9UX","250.00","0.00","",
"Wordsworth (U.K.) Limited","18T JF","M24 2AE","WF10 1LX","270.00","0.00","",
"Wordsworth (U.K.) Limited","7.5T JF","M24 2AE","BB9 9HQ","220.00","0.00","",
"Wordsworth (U.K.) Limited","7.5T JF","M24 2AE","BD6 1DW","220.00","0.00","",
"Wordsworth (U.K.) Limited","7.5T JF","M24 2AE","WA11 9UX","220.00","0.00","",
"Wordsworth (U.K.) Limited","7.5T JF","M24 2AE","WF10 1LX","240.00","0.00","",
"Wordsworth (U.K.) Limited","Artic JF","M24 2AE","BB9 9HQ","325.00","0.00","",
"Wordsworth (U.K.) Limited","Artic JF","M24 2AE","BD6 1DW","325.00","0.00","",
"Wordsworth (U.K.) Limited","Artic JF","M24 2AE","WA11 9UX","325.00","0.00","",
"Wordsworth (U.K.) Limited","Artic JF","M24 2AE","WF10 1LX","345.00","0.00","",
"Wordsworth (U.K.) Limited","Luton CS JF","M24 2AE","BB9 9HQ","95.00","0.00","",
"Wordsworth (U.K.) Limited","Luton CS JF","M24 2AE","BD6 1DW","95.00","0.00","",
"Wordsworth (U.K.) Limited","Luton CS JF","M24 2AE","WA11 9UX","95.00","0.00","",
"Wordsworth (U.K.) Limited","Luton CS JF","M24 2AE","WF10 1LX","112.00","0.00","",
"Wordsworth (U.K.) Limited","Luton Tail Lift (JF)","M24 2AE","BB9 9HQ","95.00","0.00","",
"Wordsworth (U.K.) Limited","Luton Tail Lift (JF)","M24 2AE","BD6 1DW","95.00","0.00","",
"Wordsworth (U.K.) Limited","Luton Tail Lift (JF)","M24 2AE","WA11 9UX","95.00","0.00","",
"Wordsworth (U.K.) Limited","Luton Tail Lift (JF)","M24 2AE","WF10 1LX","112.00","0.00","",
"Wordsworth (U.K.) Limited","LWB JF","M24 2AE","BB9 9HQ","55.00","0.00","",
"Wordsworth (U.K.) Limited","LWB JF","M24 2AE","BD6 1DW","55.00","0.00","",
"Wordsworth (U.K.) Limited","LWB JF","M24 2AE","WA11 9UX","55.00","0.00","",
"Wordsworth (U.K.) Limited","LWB JF","M24 2AE","WF10 1LX","68.00","0.00","",
"Wordsworth (U.K.) Limited","Small Van JF","M24 2AE","BB9 9HQ","45.00","0.00","",
"Wordsworth (U.K.) Limited","Small Van JF","M24 2AE","BD6 1DW","45.00","0.00","",
"Wordsworth (U.K.) Limited","Small Van JF","M24 2AE","WA11 9UX","45.00","0.00","",
"Wordsworth (U.K.) Limited","Small Van JF","M24 2AE","WF10 1LX","55.00","0.00","",
"Wordsworth (U.K.) Limited","SWB JF","M24 2AE","BB9 9HQ","50.00","0.00","",
"Wordsworth (U.K.) Limited","SWB JF","M24 2AE","BD6 1DW","50.00","0.00","",
"Wordsworth (U.K.) Limited","SWB JF","M24 2AE","WA11 9UX","50.00","0.00","",
"Wordsworth (U.K.) Limited","SWB JF","M24 2AE","WF10 1LX","62.00","0.00","",
"Wordsworth (U.K.) Limited","XLWB JF","M24 2AE","BB9 9HQ","60.00","0.00","",
"Wordsworth (U.K.) Limited","XLWB JF","M24 2AE","BD6 1DW","60.00","0.00","",
"Wordsworth (U.K.) Limited","XLWB JF","M24 2AE","WA11 9UX","60.00","0.00","",
"Wordsworth (U.K.) Limited","XLWB JF","M24 2AE","WF10 1LX","74.00","0.00","",
